firm_key,brokerage_name,dba,verified_headcount,headcount_source,count_definition,state,address,city,addr_state,zip,county,reg_phone,reg_fax,date_collected
NY:CBRE UPSTATE NY,CBRE UPSTATE NY,,53,https://data.ny.gov/api/views/yg7h-zjbf/rows.csv?accessType=DOWNLOAD,"people = salespersons + all broker licence types whose business_name is the firm (firm key = business name, all NY offices combined)",NY,333 WEST WASHINGTON ST,SYRACUSE,NY,13202,,,,2026-10-09
NY:REALTY ONE GROUP KEY,REALTY ONE GROUP KEY,,65,https://data.ny.gov/api/views/yg7h-zjbf/rows.csv?accessType=DOWNLOAD,"people = salespersons + all broker licence types whose business_name is the firm (firm key = business name, all NY offices combined)",NY,635 PLANK RD,CLIFTON PARK,NY,12065,,,,2026-10-09
NY:EMPIRE REAL ESTATE FIRM LLC,EMPIRE REAL ESTATE FIRM LLC,,67,https://data.ny.gov/api/views/yg7h-zjbf/rows.csv?accessType=DOWNLOAD,"people = salespersons + all broker licence types whose business_name is the firm (firm key = business name, all NY offices combined)",NY,298 TROY SCHENEDTADY RD,LATHAM,NY,12110,,,,2026-10-09
NY:WEISS REALTY GROUP LLC,WEISS REALTY GROUP LLC,,46,https://data.ny.gov/api/views/yg7h-zjbf/rows.csv?accessType=DOWNLOAD,"people = salespersons + all broker licence types whose business_name is the firm (firm key = business name, all NY offices combined)",NY,935 NEW LOUDON ROAD,LATHAM,NY,12110,,,,2026-10-09
NY:PREMIER AGENT NETWORK,PREMIER AGENT NETWORK,,38,https://data.ny.gov/api/views/yg7h-zjbf/rows.csv?accessType=DOWNLOAD,"people = salespersons + all broker licence types whose business_name is the firm (firm key = business name, all NY offices combined)",NY,14 PARKWOOD ST,ALBANY,NY,12208,,,,2026-10-09
NY:PROGRESS REALTY INC,PROGRESS REALTY INC,,35,https://data.ny.gov/api/views/yg7h-zjbf/rows.csv?accessType=DOWNLOAD,"people = salespersons + all broker licence types whose business_name is the firm (firm key = business name, all NY offices combined)",NY,2250 WESTCHESTER AVE,BRONX,NY,10462,,,,2026-10-09
NY:BROWN HARRIS STEVENS RIVERDALE LLC,BROWN HARRIS STEVENS RIVERDALE LLC,,56,https://data.ny.gov/api/views/yg7h-zjbf/rows.csv?accessType=DOWNLOAD,"people = salespersons + all broker licence types whose business_name is the firm (firm key = business name, all NY offices combined)",NY,3531 JOHNSON AVE,RIVERDALE,NY,10463,,,,2026-10-09
NY:COLDWELL BANKER SIGNATURE PROPERTIES,COLDWELL BANKER SIGNATURE PROPERTIES,,49,https://data.ny.gov/api/views/yg7h-zjbf/rows.csv?accessType=DOWNLOAD,"people = salespersons + all broker licence types whose business_name is the firm (firm key = business name, all NY offices combined)",NY,4 BROADWAY,VALHALLA,NY,10595,,,,2026-10-09
NY:EXIT REALTY PRIVATE CLIENT,EXIT REALTY PRIVATE CLIENT,,36,https://data.ny.gov/api/views/yg7h-zjbf/rows.csv?accessType=DOWNLOAD,"people = salespersons + all broker licence types whose business_name is the firm (firm key = business name, all NY offices combined)",NY,75 SOUTH BROADWAY SUITE 430,WHITE PLAINS,NY,10601,,,,2026-10-09
NY:KELLER WILLIAMS REALTY GREATER BINGHAMTON,KELLER WILLIAMS REALTY GREATER BINGHAMTON,,44,https://data.ny.gov/api/views/yg7h-zjbf/rows.csv?accessType=DOWNLOAD,"people = salespersons + all broker licence types whose business_name is the firm (firm key = business name, all NY offices combined)",NY,49 COURT STREET,BINGHAMTON,NY,13901,,,,2026-10-09
NY:REAL ESTATE ADVANTAGE,REAL ESTATE ADVANTAGE,,42,https://data.ny.gov/api/views/yg7h-zjbf/rows.csv?accessType=DOWNLOAD,"people = salespersons + all broker licence types whose business_name is the firm (firm key = business name, all NY offices combined)",NY,800 FAIRMOUNT AVE W E,JAMESTOWN,NY,14701,,,,2026-10-09
NY:HOWARD HANNA HOLT REAL ESTATE,HOWARD HANNA HOLT REAL ESTATE,,35,https://data.ny.gov/api/views/yg7h-zjbf/rows.csv?accessType=DOWNLOAD,"people = salespersons + all broker licence types whose business_name is the firm (firm key = business name, all NY offices combined)",NY,79 W LAKE RD,MAYVILLE,NY,14757,,,,2026-10-09
NY:SIGNATURE PROPERTIES LLC,SIGNATURE PROPERTIES LLC,,40,https://data.ny.gov/api/views/yg7h-zjbf/rows.csv?accessType=DOWNLOAD,"people = salespersons + all broker licence types whose business_name is the firm (firm key = business name, all NY offices combined)",NY,506 S MAIN ST,HORSEHEADS,NY,14845,,,,2026-10-09
NY:COLDWELL BANKER WHITBECK ASSOCIATES,COLDWELL BANKER WHITBECK ASSOCIATES,,53,https://data.ny.gov/api/views/yg7h-zjbf/rows.csv?accessType=DOWNLOAD,"people = salespersons + all broker licence types whose business_name is the firm (firm key = business name, all NY offices combined)",NY,164 BOYNTON AVENUE,PLATTSBURGH,NY,12901,,,,2026-10-09
NY:BERKSHIRE HATHAWAY HOMESERVICES HERITAGE REALTY,BERKSHIRE HATHAWAY HOMESERVICES HERITAGE REALTY,,51,https://data.ny.gov/api/views/yg7h-zjbf/rows.csv?accessType=DOWNLOAD,"people = salespersons + all broker licence types whose business_name is the firm (firm key = business name, all NY offices combined)",NY,7 JAMES ST,HOMER,NY,13077,,,,2026-10-09
NY:HERITAGE REALTY LFRO COMPANY,HERITAGE REALTY LFRO COMPANY,,35,https://data.ny.gov/api/views/yg7h-zjbf/rows.csv?accessType=DOWNLOAD,"people = salespersons + all broker licence types whose business_name is the firm (firm key = business name, all NY offices combined)",NY,7 JAMES ST,HOMER,NY,13045,,,,2026-10-09
NY:COLDWELL BANKER TIMBERLAND PROPERTIES,COLDWELL BANKER TIMBERLAND PROPERTIES,,65,https://data.ny.gov/api/views/yg7h-zjbf/rows.csv?accessType=DOWNLOAD,"people = salespersons + all broker licence types whose business_name is the firm (firm key = business name, all NY offices combined)",NY,75 BRIDGE ST POB 667,MARGARETVILLE,NY,12455,,,,2026-10-09
NY:VYLLA HOME,VYLLA HOME,,66,https://data.ny.gov/api/views/yg7h-zjbf/rows.csv?accessType=DOWNLOAD,"people = salespersons + all broker licence types whose business_name is the firm (firm key = business name, all NY offices combined)",NY,4 COMMERCE ST,POUGHKEEPSIE,NY,12603,,,,2026-10-09
NY:REMAX TOWN & COUNTRY,REMAX TOWN & COUNTRY,,43,https://data.ny.gov/api/views/yg7h-zjbf/rows.csv?accessType=DOWNLOAD,"people = salespersons + all broker licence types whose business_name is the firm (firm key = business name, all NY offices combined)",NY,584 ROUTE 9,FISHKILL,NY,12524,,,,2026-10-09
NY:HUDSON VALLEY TOWN & COUNTRY REALTY LLC,HUDSON VALLEY TOWN & COUNTRY REALTY LLC,,45,https://data.ny.gov/api/views/yg7h-zjbf/rows.csv?accessType=DOWNLOAD,"people = salespersons + all broker licence types whose business_name is the firm (firm key = business name, all NY offices combined)",NY,1136 RTE 9,WAPPINGERS FALLS,NY,12590,,,,2026-10-09
NY:KW MIDHUDSON,KW MIDHUDSON,,72,https://data.ny.gov/api/views/yg7h-zjbf/rows.csv?accessType=DOWNLOAD,"people = salespersons + all broker licence types whose business_name is the firm (firm key = business name, all NY offices combined)",NY,27 EASTDALE AVE N,POUGHKEEPSIE,NY,12603,,,,2026-10-09
NY:WILLIAM PITT SOTHEBYS INTERNATIONAL REALTY,WILLIAM PITT SOTHEBYS INTERNATIONAL REALTY,,59,https://data.ny.gov/api/views/yg7h-zjbf/rows.csv?accessType=DOWNLOAD,"people = salespersons + all broker licence types whose business_name is the firm (firm key = business name, all NY offices combined)",NY,2200 ATLANTIC STREET,STAMFORD,CT,06902,,,,2026-10-09
NY:EXIT REALTY CONNECTIONS,EXIT REALTY CONNECTIONS,,71,https://data.ny.gov/api/views/yg7h-zjbf/rows.csv?accessType=DOWNLOAD,"people = salespersons + all broker licence types whose business_name is the firm (firm key = business name, all NY offices combined)",NY,2790 W MAIN STREET,WAPPINGERS FALLS,NY,12590,,,,2026-10-09
NY:EPIQUE REALTY,EPIQUE REALTY,,67,https://data.ny.gov/api/views/yg7h-zjbf/rows.csv?accessType=DOWNLOAD,"people = salespersons + all broker licence types whose business_name is the firm (firm key = business name, all NY offices combined)",NY,1177 6TH AVENUE,NEW YORK,NY,10036,,,,2026-10-09
NY:RIVER REALTY SERVICES INC,RIVER REALTY SERVICES INC,,37,https://data.ny.gov/api/views/yg7h-zjbf/rows.csv?accessType=DOWNLOAD,"people = salespersons + all broker licence types whose business_name is the firm (firm key = business name, all NY offices combined)",NY,117 EXECUTIVE DR STE 100,NEW WINDSOR,NY,12553,,,,2026-10-09
NY:GURNEY BECKER & BOURNE REAL ESTATE,GURNEY BECKER & BOURNE REAL ESTATE,,45,https://data.ny.gov/api/views/yg7h-zjbf/rows.csv?accessType=DOWNLOAD,"people = salespersons + all broker licence types whose business_name is the firm (firm key = business name, all NY offices combined)",NY,976 DELAWARE AVENUE,BUFFALO,NY,14209,,,,2026-10-09
NY:JIM ROBERTS REALTY,JIM ROBERTS REALTY,,44,https://data.ny.gov/api/views/yg7h-zjbf/rows.csv?accessType=DOWNLOAD,"people = salespersons + all broker licence types whose business_name is the firm (firm key = business name, all NY offices combined)",NY,3030 WILLIAM ST,CHEEKTOWAGA,NY,14227,,,,2026-10-09
NY:HUNT COMMERCIAL REAL ESTATE CORPORATION OF BUFFALO NEW YOR,HUNT COMMERCIAL REAL ESTATE CORPORATION OF BUFFALO NEW YOR,,41,https://data.ny.gov/api/views/yg7h-zjbf/rows.csv?accessType=DOWNLOAD,"people = salespersons + all broker licence types whose business_name is the firm (firm key = business name, all NY offices combined)",NY,403 MAIN ST STE 200,BUFFALO,NY,14203,,,,2026-10-09
NY:TOWNE HOUSING REAL ESTATE,TOWNE HOUSING REAL ESTATE,,38,https://data.ny.gov/api/views/yg7h-zjbf/rows.csv?accessType=DOWNLOAD,"people = salespersons + all broker licence types whose business_name is the firm (firm key = business name, all NY offices combined)",NY,344 DELAWARE AVE,BUFFALO,NY,14202,,,,2026-10-09
NY:SYMPHONY REAL ESTATE LLC,SYMPHONY REAL ESTATE LLC,,40,https://data.ny.gov/api/views/yg7h-zjbf/rows.csv?accessType=DOWNLOAD,"people = salespersons + all broker licence types whose business_name is the firm (firm key = business name, all NY offices combined)",NY,2 SYMPHONY CIR,BUFFALO,NY,14201,,,,2026-10-09
NY:RED DOOR REAL ESTATE WNY LLC,RED DOOR REAL ESTATE WNY LLC,,38,https://data.ny.gov/api/views/yg7h-zjbf/rows.csv?accessType=DOWNLOAD,"people = salespersons + all broker licence types whose business_name is the firm (firm key = business name, all NY offices combined)",NY,485 PORTER AVE,BUFFALO,NY,14201,,,,2026-10-09
NY:REALTY ONE GROUP EMPOWER,REALTY ONE GROUP EMPOWER,,49,https://data.ny.gov/api/views/yg7h-zjbf/rows.csv?accessType=DOWNLOAD,"people = salespersons + all broker licence types whose business_name is the firm (firm key = business name, all NY offices combined)",NY,451 ELMWOOD AVE,BUFFALO,NY,14222,,,,2026-10-09
NY:CG & GL HOLDINGS INC,CG & GL HOLDINGS INC,,41,https://data.ny.gov/api/views/yg7h-zjbf/rows.csv?accessType=DOWNLOAD,"people = salespersons + all broker licence types whose business_name is the firm (firm key = business name, all NY offices combined)",NY,5500 MAIN ST,WILLIAMSVILLE,NY,14221,,,,2026-10-09
NY:MERRILL L THOMAS INC,MERRILL L THOMAS INC,,42,https://data.ny.gov/api/views/yg7h-zjbf/rows.csv?accessType=DOWNLOAD,"people = salespersons + all broker licence types whose business_name is the firm (firm key = business name, all NY offices combined)",NY,2469 MAIN ST,LAKE PLACID,NY,12946,,,,2026-10-09
NY:JULIE & CO REALTY LLC,JULIE & CO REALTY LLC,,37,https://data.ny.gov/api/views/yg7h-zjbf/rows.csv?accessType=DOWNLOAD,"people = salespersons + all broker licence types whose business_name is the firm (firm key = business name, all NY offices combined)",NY,18 DIVISION STREET,SARATOGA SPRINGS,NY,12866,,,,2026-10-09
NY:COLDWELL BANKER FAITH PROPERTIES,COLDWELL BANKER FAITH PROPERTIES,,74,https://data.ny.gov/api/views/yg7h-zjbf/rows.csv?accessType=DOWNLOAD,"people = salespersons + all broker licence types whose business_name is the firm (firm key = business name, all NY offices combined)",NY,2811 GENESEE ST,UTICA,NY,13501,,,,2026-10-09
NY:RIVER HILLS PROPERTIES LLC,RIVER HILLS PROPERTIES LLC,,40,https://data.ny.gov/api/views/yg7h-zjbf/rows.csv?accessType=DOWNLOAD,"people = salespersons + all broker licence types whose business_name is the firm (firm key = business name, all NY offices combined)",NY,8211 STATE ROUTE 12,BARNEVELD,NY,13304,,,,2026-10-09
NY:BRIDGEVIEW REAL ESTATE,BRIDGEVIEW REAL ESTATE,,44,https://data.ny.gov/api/views/yg7h-zjbf/rows.csv?accessType=DOWNLOAD,"people = salespersons + all broker licence types whose business_name is the firm (firm key = business name, all NY offices combined)",NY,128 TEN EYCK STREET,WATERTOWN,NY,13601,,,,2026-10-09
NY:PYRAMID BROKERAGE COMPANY INC,PYRAMID BROKERAGE COMPANY INC,,36,https://data.ny.gov/api/views/yg7h-zjbf/rows.csv?accessType=DOWNLOAD,"people = salespersons + all broker licence types whose business_name is the firm (firm key = business name, all NY offices combined)",NY,5845 WIDEWATERS PARKWAY,EAST SYRACUSE,NY,13057,,,,2026-10-09
NY:REMAX REAL ESTATE PROFESSIONALS,REMAX REAL ESTATE PROFESSIONALS,,45,https://data.ny.gov/api/views/yg7h-zjbf/rows.csv?accessType=DOWNLOAD,"people = salespersons + all broker licence types whose business_name is the firm (firm key = business name, all NY offices combined)",NY,6423 11TH AVE,BROOKLYN,NY,11219,,,,2026-10-09
NY:DANIEL GALE OF BROOKLYN LLC,DANIEL GALE OF BROOKLYN LLC,,56,https://data.ny.gov/api/views/yg7h-zjbf/rows.csv?accessType=DOWNLOAD,"people = salespersons + all broker licence types whose business_name is the firm (firm key = business name, all NY offices combined)",NY,36 MAIN ST,COLD SPRINGS HARBOR,NY,11724,,,,2026-10-09
NY:REMAX ELITE,REMAX ELITE,,63,https://data.ny.gov/api/views/yg7h-zjbf/rows.csv?accessType=DOWNLOAD,"people = salespersons + all broker licence types whose business_name is the firm (firm key = business name, all NY offices combined)",NY,8201 3RD AVE,BROOKLYN,NY,11209,,,,2026-10-09
NY:BERGEN BASIN REALTY LLC,BERGEN BASIN REALTY LLC,,52,https://data.ny.gov/api/views/yg7h-zjbf/rows.csv?accessType=DOWNLOAD,"people = salespersons + all broker licence types whose business_name is the firm (firm key = business name, all NY offices combined)",NY,5817 AVENUE N,BROOKLYN,NY,11234,,,,2026-10-09
NY:REVIVED RESIDENTIAL,REVIVED RESIDENTIAL,,37,https://data.ny.gov/api/views/yg7h-zjbf/rows.csv?accessType=DOWNLOAD,"people = salespersons + all broker licence types whose business_name is the firm (firm key = business name, all NY offices combined)",NY,300 EAST 56TH ST,NEW YORK,NY,10022,,,,2026-10-09
NY:ENGEL & VOLKERS NEW YORK CITY,ENGEL & VOLKERS NEW YORK CITY,,54,https://data.ny.gov/api/views/yg7h-zjbf/rows.csv?accessType=DOWNLOAD,"people = salespersons + all broker licence types whose business_name is the firm (firm key = business name, all NY offices combined)",NY,430 PARK AVENUE,NEW YORK,NY,10022,,,,2026-10-09
NY:BROOKLYN REAL PROPERTY INC,BROOKLYN REAL PROPERTY INC,,54,https://data.ny.gov/api/views/yg7h-zjbf/rows.csv?accessType=DOWNLOAD,"people = salespersons + all broker licence types whose business_name is the firm (firm key = business name, all NY offices combined)",NY,389 ATLANTIC AVE,BROOKLYN,NY,11217,,,,2026-10-09
NY:BEN BAY REALTY CO,BEN BAY REALTY CO,,35,https://data.ny.gov/api/views/yg7h-zjbf/rows.csv?accessType=DOWNLOAD,"people = salespersons + all broker licence types whose business_name is the firm (firm key = business name, all NY offices combined)",NY,8304 13TH AVE,BROOKLYN,NY,11228,,,,2026-10-09
NY:MADISON ESTATES SOTHEBYS INTERNATIONAL REALTY,MADISON ESTATES SOTHEBYS INTERNATIONAL REALTY,,39,https://data.ny.gov/api/views/yg7h-zjbf/rows.csv?accessType=DOWNLOAD,"people = salespersons + all broker licence types whose business_name is the firm (firm key = business name, all NY offices combined)",NY,2922 AVE R,BROOKLYN,NY,11229,,,,2026-10-09
NY:MNS,MNS,,52,https://data.ny.gov/api/views/yg7h-zjbf/rows.csv?accessType=DOWNLOAD,"people = salespersons + all broker licence types whose business_name is the firm (firm key = business name, all NY offices combined)",NY,40 N 6TH ST,BROOKLYN,NY,11249,,,,2026-10-09
NY:EXIT ALL SEASONS REALTY,EXIT ALL SEASONS REALTY,,67,https://data.ny.gov/api/views/yg7h-zjbf/rows.csv?accessType=DOWNLOAD,"people = salespersons + all broker licence types whose business_name is the firm (firm key = business name, all NY offices combined)",NY,8911 GLENWOOD RD,BROOKLYN,NY,11236,,,,2026-10-09
NY:EXR,EXR,,66,https://data.ny.gov/api/views/yg7h-zjbf/rows.csv?accessType=DOWNLOAD,"people = salespersons + all broker licence types whose business_name is the firm (firm key = business name, all NY offices combined)",NY,7A HALSEY STREET,BROOKLYN,NY,11216,,,,2026-10-09
NY:BEN BAY REALTY CO OF BAY RIDGE LLC,BEN BAY REALTY CO OF BAY RIDGE LLC,,39,https://data.ny.gov/api/views/yg7h-zjbf/rows.csv?accessType=DOWNLOAD,"people = salespersons + all broker licence types whose business_name is the firm (firm key = business name, all NY offices combined)",NY,8418 3RD AVE,BROOKLYN,NY,11209,,,,2026-10-09
NY:AMERIHOMES REALTY OF NY INC,AMERIHOMES REALTY OF NY INC,,48,https://data.ny.gov/api/views/yg7h-zjbf/rows.csv?accessType=DOWNLOAD,"people = salespersons + all broker licence types whose business_name is the firm (firm key = business name, all NY offices combined)",NY,593 MIDLAND AVENUE,STATEN ISLAND,NY,10306,,,,2026-10-09
NY:MYSPACE NY LLC,MYSPACE NY LLC,,38,https://data.ny.gov/api/views/yg7h-zjbf/rows.csv?accessType=DOWNLOAD,"people = salespersons + all broker licence types whose business_name is the firm (firm key = business name, all NY offices combined)",NY,5314 16TH AV,BROOKLYN,NY,11238,,,,2026-10-09
NY:CENTURY 21 ACHIEVERS,CENTURY 21 ACHIEVERS,,45,https://data.ny.gov/api/views/yg7h-zjbf/rows.csv?accessType=DOWNLOAD,"people = salespersons + all broker licence types whose business_name is the firm (firm key = business name, all NY offices combined)",NY,1476 FLATBUSH AVE,BROOKLYN,NY,11210,,,,2026-10-09
NY:COMPASS REALTY CENTRAL INC,COMPASS REALTY CENTRAL INC,,36,https://data.ny.gov/api/views/yg7h-zjbf/rows.csv?accessType=DOWNLOAD,"people = salespersons + all broker licence types whose business_name is the firm (firm key = business name, all NY offices combined)",NY,6801 20TH AVE,BROOKLYN,NY,11204,,,,2026-10-09
NY:BRP ASSOCIATES INC,BRP ASSOCIATES INC,,43,https://data.ny.gov/api/views/yg7h-zjbf/rows.csv?accessType=DOWNLOAD,"people = salespersons + all broker licence types whose business_name is the firm (firm key = business name, all NY offices combined)",NY,2106 BATH AVENUE,BROOKLYN,NY,11214,,,,2026-10-09
NY:FANG FANG REALTY INC,FANG FANG REALTY INC,,37,https://data.ny.gov/api/views/yg7h-zjbf/rows.csv?accessType=DOWNLOAD,"people = salespersons + all broker licence types whose business_name is the firm (firm key = business name, all NY offices combined)",NY,816 59TH ST 2ND FL,BROOKLYN,NY,11220,,,,2026-10-09
NY:EXP REALTY NYC,EXP REALTY NYC,,70,https://data.ny.gov/api/views/yg7h-zjbf/rows.csv?accessType=DOWNLOAD,"people = salespersons + all broker licence types whose business_name is the firm (firm key = business name, all NY offices combined)",NY,104 WEST 40TH STREET,NEW YORK,NY,10018,,,,2026-10-09
NY:RE MAX TEAM,RE MAX TEAM,,56,https://data.ny.gov/api/views/yg7h-zjbf/rows.csv?accessType=DOWNLOAD,"people = salespersons + all broker licence types whose business_name is the firm (firm key = business name, all NY offices combined)",NY,36-11 33RD STREET,LONG ISLAND CITY,NY,11106,,,,2026-10-09
NY:TRU AGENT REAL ESTATE,TRU AGENT REAL ESTATE,,41,https://data.ny.gov/api/views/yg7h-zjbf/rows.csv?accessType=DOWNLOAD,"people = salespersons + all broker licence types whose business_name is the firm (firm key = business name, all NY offices combined)",NY,11 SCHOEN PLACE,PITTSFORD,NY,14534,,,,2026-10-09
NY:BERKSHIRE HATHAWAY HOMESERVICES DISCOVER REAL ESTATE,BERKSHIRE HATHAWAY HOMESERVICES DISCOVER REAL ESTATE,,37,https://data.ny.gov/api/views/yg7h-zjbf/rows.csv?accessType=DOWNLOAD,"people = salespersons + all broker licence types whose business_name is the firm (firm key = business name, all NY offices combined)",NY,162 S UNION ST,SPENCERPORT,NY,14559,,,,2026-10-09
NY:WEATHERVANE PROPERTIES LLC,WEATHERVANE PROPERTIES LLC,,51,https://data.ny.gov/api/views/yg7h-zjbf/rows.csv?accessType=DOWNLOAD,"people = salespersons + all broker licence types whose business_name is the firm (firm key = business name, all NY offices combined)",NY,2171 MONROE AVE,ROCHESTER,NY,14618,,,,2026-10-09
NY:LPT REALTY TRI-STATE LLC,LPT REALTY TRI-STATE LLC,,52,https://data.ny.gov/api/views/yg7h-zjbf/rows.csv?accessType=DOWNLOAD,"people = salespersons + all broker licence types whose business_name is the firm (firm key = business name, all NY offices combined)",NY,1400 S INTERNATIONAL PKWY,LAKE MARY,FL,32746,,,,2026-10-09
NY:PROMINENT PROPERTIES SOTHEBYS INTERNATIONAL REALTY,PROMINENT PROPERTIES SOTHEBYS INTERNATIONAL REALTY,,63,https://data.ny.gov/api/views/yg7h-zjbf/rows.csv?accessType=DOWNLOAD,"people = salespersons + all broker licence types whose business_name is the firm (firm key = business name, all NY offices combined)",NY,1022 CLOSTER DOCK ROAD,ALPINE,NJ,07620,,,,2026-10-09
NY:KELLER WILLIAMS VALLEY REALTY,KELLER WILLIAMS VALLEY REALTY,,67,https://data.ny.gov/api/views/yg7h-zjbf/rows.csv?accessType=DOWNLOAD,"people = salespersons + all broker licence types whose business_name is the firm (firm key = business name, all NY offices combined)",NY,123 TICE BLVD,WOODCLIFF LAKE,NJ,07677,,,,2026-10-09
NY:TERRIE O'CONNOR,TERRIE O'CONNOR,,37,https://data.ny.gov/api/views/yg7h-zjbf/rows.csv?accessType=DOWNLOAD,"people = salespersons + all broker licence types whose business_name is the firm (firm key = business name, all NY offices combined)",NY,300G LAKE STREET,RAMSEY,NJ,07446,,,,2026-10-09
NY:RAVEIS CHRISTOPHER,RAVEIS CHRISTOPHER,,68,https://data.ny.gov/api/views/yg7h-zjbf/rows.csv?accessType=DOWNLOAD,"people = salespersons + all broker licence types whose business_name is the firm (firm key = business name, all NY offices combined)",NY,7 TRAP FALLS RD,SHELTON,CT,06484,,,,2026-10-09
NY:PRESTIGE PROPERTIES OF FAIRFIELD COUNTY,PRESTIGE PROPERTIES OF FAIRFIELD COUNTY,,74,https://data.ny.gov/api/views/yg7h-zjbf/rows.csv?accessType=DOWNLOAD,"people = salespersons + all broker licence types whose business_name is the firm (firm key = business name, all NY offices combined)",NY,2777 SUMMER ST,STAMFORD,CT,06905,,,,2026-10-09
NY:KELLER WILLIAMS VILLAGE SQUARE REALTY,KELLER WILLIAMS VILLAGE SQUARE REALTY,,38,https://data.ny.gov/api/views/yg7h-zjbf/rows.csv?accessType=DOWNLOAD,"people = salespersons + all broker licence types whose business_name is the firm (firm key = business name, all NY offices combined)",NY,74 GODWIN AVENUE,RIDGEWOOD,NJ,07450,,,,2026-10-09
NY:CTRE LLC,CTRE LLC,,50,https://data.ny.gov/api/views/yg7h-zjbf/rows.csv?accessType=DOWNLOAD,"people = salespersons + all broker licence types whose business_name is the firm (firm key = business name, all NY offices combined)",NY,35 THORPE AVENUE,WALLINGFORD,CT,06492,,,,2026-10-09
NY:DALTON WADE REAL ESTATE GROUP,DALTON WADE REAL ESTATE GROUP,,68,https://data.ny.gov/api/views/yg7h-zjbf/rows.csv?accessType=DOWNLOAD,"people = salespersons + all broker licence types whose business_name is the firm (firm key = business name, all NY offices combined)",NY,400 GALLERIA PKWY,COBB,GA,30339,,,,2026-10-09
NY:STEPHEN JOSEPH PROPERTIES,STEPHEN JOSEPH PROPERTIES,,38,https://data.ny.gov/api/views/yg7h-zjbf/rows.csv?accessType=DOWNLOAD,"people = salespersons + all broker licence types whose business_name is the firm (firm key = business name, all NY offices combined)",NY,125 FRONT ST,MASSAPEQUA PARK,NY,11762,,,,2026-10-09
NY:BLUE ISLAND HOMES NY LLC,BLUE ISLAND HOMES NY LLC,,43,https://data.ny.gov/api/views/yg7h-zjbf/rows.csv?accessType=DOWNLOAD,"people = salespersons + all broker licence types whose business_name is the firm (firm key = business name, all NY offices combined)",NY,2880 MERRICK ROAD,BELLMORE,NY,11710,,,,2026-10-09
NY:AFFILIATED REFERRAL NETWORK OF NEW YORK,AFFILIATED REFERRAL NETWORK OF NEW YORK,,65,https://data.ny.gov/api/views/yg7h-zjbf/rows.csv?accessType=DOWNLOAD,"people = salespersons + all broker licence types whose business_name is the firm (firm key = business name, all NY offices combined)",NY,1856 HEMPSTEAD TURNPIKE,EAST MEADOW,NY,11554,,,,2026-10-09
NY:CORCORAN SRG RESIDENTIAL,CORCORAN SRG RESIDENTIAL,,43,https://data.ny.gov/api/views/yg7h-zjbf/rows.csv?accessType=DOWNLOAD,"people = salespersons + all broker licence types whose business_name is the firm (firm key = business name, all NY offices combined)",NY,303 JACKSON AVENUE,SYOSSET,NY,11791,,,,2026-10-09
NY:LANDMARK ELITE HOMES CORP,LANDMARK ELITE HOMES CORP,,51,https://data.ny.gov/api/views/yg7h-zjbf/rows.csv?accessType=DOWNLOAD,"people = salespersons + all broker licence types whose business_name is the firm (firm key = business name, all NY offices combined)",NY,2374 GRAND AVE,BALDWIN,NY,11563,,,,2026-10-09
NY:REMAX CITY SQUARE,REMAX CITY SQUARE,,46,https://data.ny.gov/api/views/yg7h-zjbf/rows.csv?accessType=DOWNLOAD,"people = salespersons + all broker licence types whose business_name is the firm (firm key = business name, all NY offices combined)",NY,36-11 33RD STREET,LONG ISLAND CITY,NY,11106,,,,2026-10-09
NY:FIRST FLAG REALTY INC,FIRST FLAG REALTY INC,,36,https://data.ny.gov/api/views/yg7h-zjbf/rows.csv?accessType=DOWNLOAD,"people = salespersons + all broker licence types whose business_name is the firm (firm key = business name, all NY offices combined)",NY,1315 JERICHO TPKE,NEW HYDE PARK,NY,11040,,,,2026-10-09
NY:HOME AND HEARTH OF LONG ISLAND,HOME AND HEARTH OF LONG ISLAND,,43,https://data.ny.gov/api/views/yg7h-zjbf/rows.csv?accessType=DOWNLOAD,"people = salespersons + all broker licence types whose business_name is the firm (firm key = business name, all NY offices combined)",NY,506 LAKEVIEW AVE,ROCKVILLE CENTRE,NY,11570,,,,2026-10-09
NY:CENTURY 21 AA REALTY OF MASSAPEQUA CORP,CENTURY 21 AA REALTY OF MASSAPEQUA CORP,,44,https://data.ny.gov/api/views/yg7h-zjbf/rows.csv?accessType=DOWNLOAD,"people = salespersons + all broker licence types whose business_name is the firm (firm key = business name, all NY offices combined)",NY,896 N BROADWAY,MASSAPEQUA,NY,11758,,,,2026-10-09
NY:VORO NYC,VORO NYC,,39,https://data.ny.gov/api/views/yg7h-zjbf/rows.csv?accessType=DOWNLOAD,"people = salespersons + all broker licence types whose business_name is the firm (firm key = business name, all NY offices combined)",NY,1129 NORTHERN BLVD,MANHASSET,NY,11030,,,,2026-10-09
NY:RELO REDAC INC,RELO REDAC INC,,51,https://data.ny.gov/api/views/yg7h-zjbf/rows.csv?accessType=DOWNLOAD,"people = salespersons + all broker licence types whose business_name is the firm (firm key = business name, all NY offices combined)",NY,1010 AVENUE OF THE AMERICAS,NEW YORK,NY,10018,,,,2026-10-09
NY:HOMES BY MARA,HOMES BY MARA,,39,https://data.ny.gov/api/views/yg7h-zjbf/rows.csv?accessType=DOWNLOAD,"people = salespersons + all broker licence types whose business_name is the firm (firm key = business name, all NY offices combined)",NY,30 BERRY HILL RD,SYOSSET,NY,11791,,,,2026-10-09
NY:REALTY TRENDS CORP,REALTY TRENDS CORP,,35,https://data.ny.gov/api/views/yg7h-zjbf/rows.csv?accessType=DOWNLOAD,"people = salespersons + all broker licence types whose business_name is the firm (firm key = business name, all NY offices combined)",NY,50 HEMPSTEAD AVENUE,LYNBROOK,NY,11563,,,,2026-10-09
NY:LAFFEY REFERRAL NETWORK,LAFFEY REFERRAL NETWORK,,39,https://data.ny.gov/api/views/yg7h-zjbf/rows.csv?accessType=DOWNLOAD,"people = salespersons + all broker licence types whose business_name is the firm (firm key = business name, all NY offices combined)",NY,193 HILLSIDE AVENUE,WILLISTON PARK,NY,11596,,,,2026-10-09
NY:HOMESMART CROSSISLAND,HOMESMART CROSSISLAND,,47,https://data.ny.gov/api/views/yg7h-zjbf/rows.csv?accessType=DOWNLOAD,"people = salespersons + all broker licence types whose business_name is the firm (firm key = business name, all NY offices combined)",NY,242 14 MERRICK BLVD,ROSEDALE,NY,11422,,,,2026-10-09
NY:CENTURY 21 KR REALTY,CENTURY 21 KR REALTY,,58,https://data.ny.gov/api/views/yg7h-zjbf/rows.csv?accessType=DOWNLOAD,"people = salespersons + all broker licence types whose business_name is the firm (firm key = business name, all NY offices combined)",NY,287 BURNSIDE AVE,LAWRENCE,NY,11559,,,,2026-10-09
NY:LEGACY ESTATE REALTY,LEGACY ESTATE REALTY,,43,https://data.ny.gov/api/views/yg7h-zjbf/rows.csv?accessType=DOWNLOAD,"people = salespersons + all broker licence types whose business_name is the firm (firm key = business name, all NY offices combined)",NY,2137 JERICHO TURNPIKE,GARDEN CITY PARK,NY,11040,,,,2026-10-09
NY:JAGGI REAL ESTATE,JAGGI REAL ESTATE,,36,https://data.ny.gov/api/views/yg7h-zjbf/rows.csv?accessType=DOWNLOAD,"people = salespersons + all broker licence types whose business_name is the firm (firm key = business name, all NY offices combined)",NY,54 WEST JOHN ST,HICKSIVLLE,NY,11801,,,,2026-10-09
NY:FRONTLINE REALTY GROUP LLC,FRONTLINE REALTY GROUP LLC,,58,https://data.ny.gov/api/views/yg7h-zjbf/rows.csv?accessType=DOWNLOAD,"people = salespersons + all broker licence types whose business_name is the firm (firm key = business name, all NY offices combined)",NY,128 MAIN ST,PORT JEFFERSON,NY,11777,,,,2026-10-09
NY:NEWMARK RETAIL,NEWMARK RETAIL,,49,https://data.ny.gov/api/views/yg7h-zjbf/rows.csv?accessType=DOWNLOAD,"people = salespersons + all broker licence types whose business_name is the firm (firm key = business name, all NY offices combined)",NY,110 E 42ND ST,NEW YORK,NY,10017,,,,2026-10-09
NY:WILLIAM RAVEIS NEW YORK CITY LLC,WILLIAM RAVEIS NEW YORK CITY LLC,,35,https://data.ny.gov/api/views/yg7h-zjbf/rows.csv?accessType=DOWNLOAD,"people = salespersons + all broker licence types whose business_name is the firm (firm key = business name, all NY offices combined)",NY,121 EAST 71ST STREET,NEW YORK,NY,10021,,,,2026-10-09
NY:CITY CONNECTIONS REALTY INC,CITY CONNECTIONS REALTY INC,,55,https://data.ny.gov/api/views/yg7h-zjbf/rows.csv?accessType=DOWNLOAD,"people = salespersons + all broker licence types whose business_name is the firm (firm key = business name, all NY offices combined)",NY,45 W 21ST ST STE 300,NEW YORK,NY,10010,,,,2026-10-09
NY:ZI REALTY LLC,ZI REALTY LLC,,49,https://data.ny.gov/api/views/yg7h-zjbf/rows.csv?accessType=DOWNLOAD,"people = salespersons + all broker licence types whose business_name is the firm (firm key = business name, all NY offices combined)",NY,1582 HILLSIDE AVE,NEW HYDE PARK,NY,11040,,,,2026-10-09
NY:NEXT STOP NY,NEXT STOP NY,,43,https://data.ny.gov/api/views/yg7h-zjbf/rows.csv?accessType=DOWNLOAD,"people = salespersons + all broker licence types whose business_name is the firm (firm key = business name, all NY offices combined)",NY,1033 SECOND AVE,NEW YORK,NY,10022,,,,2026-10-09
NY:CORE GROUP MARKETING LLC,CORE GROUP MARKETING LLC,,62,https://data.ny.gov/api/views/yg7h-zjbf/rows.csv?accessType=DOWNLOAD,"people = salespersons + all broker licence types whose business_name is the firm (firm key = business name, all NY offices combined)",NY,232 MADISON AVE,NEW YORK,NY,10016,,,,2026-10-09
NY:TIME EQUITIES INC,TIME EQUITIES INC,,45,https://data.ny.gov/api/views/yg7h-zjbf/rows.csv?accessType=DOWNLOAD,"people = salespersons + all broker licence types whose business_name is the firm (firm key = business name, all NY offices combined)",NY,55 5TH AVE,NEW YORK,NY,10003,,,,2026-10-09
NY:RENT OWN SELL LLC,RENT OWN SELL LLC,,42,https://data.ny.gov/api/views/yg7h-zjbf/rows.csv?accessType=DOWNLOAD,"people = salespersons + all broker licence types whose business_name is the firm (firm key = business name, all NY offices combined)",NY,160 BROADWAY,NEW YORK,NY,10004,,,,2026-10-09
NY:COLDWELL BANKER ADVANTAGE,COLDWELL BANKER ADVANTAGE,,59,https://data.ny.gov/api/views/yg7h-zjbf/rows.csv?accessType=DOWNLOAD,"people = salespersons + all broker licence types whose business_name is the firm (firm key = business name, all NY offices combined)",NY,895 ANNADALE RD,STATEN ISLAND,NY,10312,,,,2026-10-09
NY:GREP 250N10 LLC,GREP 250N10 LLC,,41,https://data.ny.gov/api/views/yg7h-zjbf/rows.csv?accessType=DOWNLOAD,"people = salespersons + all broker licence types whose business_name is the firm (firm key = business name, all NY offices combined)",NY,280 PARK AVENUE,NEW YORK,NY,10017,,,,2026-10-09
NY:PIERE MICHEL,PIERE MICHEL,,62,https://data.ny.gov/api/views/yg7h-zjbf/rows.csv?accessType=DOWNLOAD,"people = salespersons + all broker licence types whose business_name is the firm (firm key = business name, all NY offices combined)",NY,360 7TH AVE,NEW YORK,NY,10001,,,,2026-10-09
NY:FIND REAL ESTATE LLC,FIND REAL ESTATE LLC,,40,https://data.ny.gov/api/views/yg7h-zjbf/rows.csv?accessType=DOWNLOAD,"people = salespersons + all broker licence types whose business_name is the firm (firm key = business name, all NY offices combined)",NY,5 WEST 37TH ST 12TH FL,NEW YORK,NY,10018,,,,2026-10-09
NY:MATTHEWS REAL ESTATE INVESTMENT SERVICES INC,MATTHEWS REAL ESTATE INVESTMENT SERVICES INC,,58,https://data.ny.gov/api/views/yg7h-zjbf/rows.csv?accessType=DOWNLOAD,"people = salespersons + all broker licence types whose business_name is the firm (firm key = business name, all NY offices combined)",NY,711 THIRD AVE.,NEW YORK,NY,10017,,,,2026-10-09
NY:METROPOLITAN PROPERTY GROUP INC,METROPOLITAN PROPERTY GROUP INC,,73,https://data.ny.gov/api/views/yg7h-zjbf/rows.csv?accessType=DOWNLOAD,"people = salespersons + all broker licence types whose business_name is the firm (firm key = business name, all NY offices combined)",NY,184 FIFTH AVE 3RD FL,NEW YORK,NY,10010,,,,2026-10-09
NY:CHRISTIES INTERNATIONAL REAL ESTATE GROUP LLC,CHRISTIES INTERNATIONAL REAL ESTATE GROUP LLC,,42,https://data.ny.gov/api/views/yg7h-zjbf/rows.csv?accessType=DOWNLOAD,"people = salespersons + all broker licence types whose business_name is the firm (firm key = business name, all NY offices combined)",NY,1 ROCKEFELLER PLAZA,NEW YORK,NY,10020,,,,2026-10-09
NY:EXIT REALTY DKC,EXIT REALTY DKC,,75,https://data.ny.gov/api/views/yg7h-zjbf/rows.csv?accessType=DOWNLOAD,"people = salespersons + all broker licence types whose business_name is the firm (firm key = business name, all NY offices combined)",NY,3825 E. TREMONT AVENUE,BRONX,NY,10465,,,,2026-10-09
NY:NNN PROPERTIES LLC,NNN PROPERTIES LLC,,59,https://data.ny.gov/api/views/yg7h-zjbf/rows.csv?accessType=DOWNLOAD,"people = salespersons + all broker licence types whose business_name is the firm (firm key = business name, all NY offices combined)",NY,1185 AVENUE OF THE AMERICAS,NEW YORK,NY,10036,,,,2026-10-09
NY:LIN PAN REALTY GROUP LLC,LIN PAN REALTY GROUP LLC,,41,https://data.ny.gov/api/views/yg7h-zjbf/rows.csv?accessType=DOWNLOAD,"people = salespersons + all broker licence types whose business_name is the firm (firm key = business name, all NY offices combined)",NY,5 BOND STREET,GREAT NECK,NY,11021,,,,2026-10-09
NY:LEE & ASSOCIATES NYC LLC,LEE & ASSOCIATES NYC LLC,,53,https://data.ny.gov/api/views/yg7h-zjbf/rows.csv?accessType=DOWNLOAD,"people = salespersons + all broker licence types whose business_name is the firm (firm key = business name, all NY offices combined)",NY,1211 AVENUE OF THE AMERICAS,NEW YORK,NY,10036,,,,2026-10-09
NY:RTL PARTNERS LLC,RTL PARTNERS LLC,,35,https://data.ny.gov/api/views/yg7h-zjbf/rows.csv?accessType=DOWNLOAD,"people = salespersons + all broker licence types whose business_name is the firm (firm key = business name, all NY offices combined)",NY,655 THIRD AVE 24TH FL,NEW YORK,NY,10017,,,,2026-10-09
NY:COOPER & COOPER REAL ESTATE LLC,COOPER & COOPER REAL ESTATE LLC,,64,https://data.ny.gov/api/views/yg7h-zjbf/rows.csv?accessType=DOWNLOAD,"people = salespersons + all broker licence types whose business_name is the firm (firm key = business name, all NY offices combined)",NY,1 PENN PLAZA,NEW YORK,NY,10119,,,,2026-10-09
NY:EASTDIL SECURED LLC,EASTDIL SECURED LLC,,42,https://data.ny.gov/api/views/yg7h-zjbf/rows.csv?accessType=DOWNLOAD,"people = salespersons + all broker licence types whose business_name is the firm (firm key = business name, all NY offices combined)",NY,40 W 57TH ST 23RD FL,NEW YORK,NY,10019,,,,2026-10-09
NY:CITY WIDE APARTMENTS INC,CITY WIDE APARTMENTS INC,,49,https://data.ny.gov/api/views/yg7h-zjbf/rows.csv?accessType=DOWNLOAD,"people = salespersons + all broker licence types whose business_name is the firm (firm key = business name, all NY offices combined)",NY,555 8TH AVE STE 2310,NEW YORK,NY,10018,,,,2026-10-09
NY:BIZZARRO AGENCY LLC,BIZZARRO AGENCY LLC,,54,https://data.ny.gov/api/views/yg7h-zjbf/rows.csv?accessType=DOWNLOAD,"people = salespersons + all broker licence types whose business_name is the firm (firm key = business name, all NY offices combined)",NY,8 WEST 126TH STREET,NEW YORK,NY,10027,,,,2026-10-09
NY:NIRMALA REALTY LLC,NIRMALA REALTY LLC,,73,https://data.ny.gov/api/views/yg7h-zjbf/rows.csv?accessType=DOWNLOAD,"people = salespersons + all broker licence types whose business_name is the firm (firm key = business name, all NY offices combined)",NY,375 FIFTH AVE 4TH FL,NEW YORK,NY,10016,,,,2026-10-09
NY:FIND ADVISORS,FIND ADVISORS,,45,https://data.ny.gov/api/views/yg7h-zjbf/rows.csv?accessType=DOWNLOAD,"people = salespersons + all broker licence types whose business_name is the firm (firm key = business name, all NY offices combined)",NY,5 W 37TH STREET,NEW YORK,NY,10018,,,,2026-10-09
NY:INTEGRATED REAL ESTATE SERVICES LLC,INTEGRATED REAL ESTATE SERVICES LLC,,65,https://data.ny.gov/api/views/yg7h-zjbf/rows.csv?accessType=DOWNLOAD,"people = salespersons + all broker licence types whose business_name is the firm (firm key = business name, all NY offices combined)",NY,6555 RIDINGS RD,SYRACUSE,NY,13206,,,,2026-10-09
NY:RE MAX BENCHMARK REALTY GROUP,RE MAX BENCHMARK REALTY GROUP,,43,https://data.ny.gov/api/views/yg7h-zjbf/rows.csv?accessType=DOWNLOAD,"people = salespersons + all broker licence types whose business_name is the firm (firm key = business name, all NY offices combined)",NY,367 TEMPLE HILL ROAD,NEW WINDSOR,NY,12553,,,,2026-10-09
NY:RAND COMMERCIAL,RAND COMMERCIAL,,54,https://data.ny.gov/api/views/yg7h-zjbf/rows.csv?accessType=DOWNLOAD,"people = salespersons + all broker licence types whose business_name is the firm (firm key = business name, all NY offices combined)",NY,268 SOUTH MAIN ST STE B,NEW CITY,NY,10956,,,,2026-10-09
NY:BETTER HOMES AND GARDENS REAL ESTATE GREEN TEAM,BETTER HOMES AND GARDENS REAL ESTATE GREEN TEAM,,55,https://data.ny.gov/api/views/yg7h-zjbf/rows.csv?accessType=DOWNLOAD,"people = salespersons + all broker licence types whose business_name is the firm (firm key = business name, all NY offices combined)",NY,7 MAIN ST,WARWICK,NY,10990,,,,2026-10-09
NY:CORCORAN BAER & MCINTOSH,CORCORAN BAER & MCINTOSH,,46,https://data.ny.gov/api/views/yg7h-zjbf/rows.csv?accessType=DOWNLOAD,"people = salespersons + all broker licence types whose business_name is the firm (firm key = business name, all NY offices combined)",NY,97 S BROADWAY,NYACK,NY,10960,,,,2026-10-09
NY:CROSS ISLAND REALTY ONE INC,CROSS ISLAND REALTY ONE INC,,54,https://data.ny.gov/api/views/yg7h-zjbf/rows.csv?accessType=DOWNLOAD,"people = salespersons + all broker licence types whose business_name is the firm (firm key = business name, all NY offices combined)",NY,250 14A HILLSIDE AVE,BELLEROSE,NY,11426,,,,2026-10-09
NY:PRIME REALTY,PRIME REALTY,,70,https://data.ny.gov/api/views/yg7h-zjbf/rows.csv?accessType=DOWNLOAD,"people = salespersons + all broker licence types whose business_name is the firm (firm key = business name, all NY offices combined)",NY,250-02 NORTHERN BLVD,LITTLE NECK,NY,11362,,,,2026-10-09
NY:CHOUS REALTY GROUP INC,CHOUS REALTY GROUP INC,,75,https://data.ny.gov/api/views/yg7h-zjbf/rows.csv?accessType=DOWNLOAD,"people = salespersons + all broker licence types whose business_name is the firm (firm key = business name, all NY offices combined)",NY,42 03 162ND ST,FLUSHING,NY,11358,,,,2026-10-09
NY:HOMIX REALTY INC,HOMIX REALTY INC,,60,https://data.ny.gov/api/views/yg7h-zjbf/rows.csv?accessType=DOWNLOAD,"people = salespersons + all broker licence types whose business_name is the firm (firm key = business name, all NY offices combined)",NY,3720 PRINCE ST,FLUSHING,NY,11354,,,,2026-10-09
NY:TRU INTERNATIONAL REALTY CORP,TRU INTERNATIONAL REALTY CORP,,47,https://data.ny.gov/api/views/yg7h-zjbf/rows.csv?accessType=DOWNLOAD,"people = salespersons + all broker licence types whose business_name is the firm (firm key = business name, all NY offices combined)",NY,98 CUTTER MILL RD,GREAT NECK,NY,11021,,,,2026-10-09
NY:CENTURY 21 MONTICELLO REALTY,CENTURY 21 MONTICELLO REALTY,,43,https://data.ny.gov/api/views/yg7h-zjbf/rows.csv?accessType=DOWNLOAD,"people = salespersons + all broker licence types whose business_name is the firm (firm key = business name, all NY offices combined)",NY,87-20 WOODHAVEN BLVD,WOODHAVEN,NY,11421,,,,2026-10-09
NY:NORTH STAR REALTY ASSOCIATES LLC,NORTH STAR REALTY ASSOCIATES LLC,,43,https://data.ny.gov/api/views/yg7h-zjbf/rows.csv?accessType=DOWNLOAD,"people = salespersons + all broker licence types whose business_name is the firm (firm key = business name, all NY offices combined)",NY,61 18 190TH STREET,FRESH MEADOWS,NY,11365,,,,2026-10-09
NY:JAMIE REALTY GROUP,JAMIE REALTY GROUP,,38,https://data.ny.gov/api/views/yg7h-zjbf/rows.csv?accessType=DOWNLOAD,"people = salespersons + all broker licence types whose business_name is the firm (firm key = business name, all NY offices combined)",NY,200-11 32ND AVENUE,BAYSIDE,NY,11361,,,,2026-10-09
NY:CENTURY 21 MILESTONE TEAM REALTY,CENTURY 21 MILESTONE TEAM REALTY,,71,https://data.ny.gov/api/views/yg7h-zjbf/rows.csv?accessType=DOWNLOAD,"people = salespersons + all broker licence types whose business_name is the firm (firm key = business name, all NY offices combined)",NY,148-31 HILLSIDE AVE,JAMAICA,NY,11435,,,,2026-10-09
NY:MODERN SPACES,MODERN SPACES,,74,https://data.ny.gov/api/views/yg7h-zjbf/rows.csv?accessType=DOWNLOAD,"people = salespersons + all broker licence types whose business_name is the firm (firm key = business name, all NY offices combined)",NY,47 42 VERNON BLVD,LONG ISLAND CITY,NY,11101,,,,2026-10-09
NY:EXIT REALTY FIRST CHOICE,EXIT REALTY FIRST CHOICE,,50,https://data.ny.gov/api/views/yg7h-zjbf/rows.csv?accessType=DOWNLOAD,"people = salespersons + all broker licence types whose business_name is the firm (firm key = business name, all NY offices combined)",NY,80-15 188TH STREET,HOLLIS,NY,11423,,,,2026-10-09
NY:METRO MANAGEMENT,METRO MANAGEMENT,,50,https://data.ny.gov/api/views/yg7h-zjbf/rows.csv?accessType=DOWNLOAD,"people = salespersons + all broker licence types whose business_name is the firm (firm key = business name, all NY offices combined)",NY,41 23 MURRAY ST STE 200,FLUSHING,NY,11355,,,,2026-10-09
NY:LANDMARK INTERNATIONAL REAL ESTATE GROUP LLC,LANDMARK INTERNATIONAL REAL ESTATE GROUP LLC,,45,https://data.ny.gov/api/views/yg7h-zjbf/rows.csv?accessType=DOWNLOAD,"people = salespersons + all broker licence types whose business_name is the firm (firm key = business name, all NY offices combined)",NY,38-19 UNION ST SUITE 201,FLUSHING,NY,11354,,,,2026-10-09
NY:LJ REALTY TEAM INC,LJ REALTY TEAM INC,,45,https://data.ny.gov/api/views/yg7h-zjbf/rows.csv?accessType=DOWNLOAD,"people = salespersons + all broker licence types whose business_name is the firm (firm key = business name, all NY offices combined)",NY,127-03 ROCKAWAY BLVD,S OZONE PARK,NY,11420,,,,2026-10-09
NY:CHARNEY REAL ESTATE LLC,CHARNEY REAL ESTATE LLC,,36,https://data.ny.gov/api/views/yg7h-zjbf/rows.csv?accessType=DOWNLOAD,"people = salespersons + all broker licence types whose business_name is the firm (firm key = business name, all NY offices combined)",NY,5-26 46TH AVE,LONG ISLAND CITY,NY,11101,,,,2026-10-09
NY:EXIT REALTY ALL CITY,EXIT REALTY ALL CITY,,43,https://data.ny.gov/api/views/yg7h-zjbf/rows.csv?accessType=DOWNLOAD,"people = salespersons + all broker licence types whose business_name is the firm (firm key = business name, all NY offices combined)",NY,230 16 MERRICK BLVD,LAURELTON,NY,11413,,,,2026-10-09
NY:CPRE NY LLC,CPRE NY LLC,,57,https://data.ny.gov/api/views/yg7h-zjbf/rows.csv?accessType=DOWNLOAD,"people = salespersons + all broker licence types whose business_name is the firm (firm key = business name, all NY offices combined)",NY,"3712 PRINCE STREET, SUITE 9A",FLUSHING,NY,11354,,,,2026-10-09
NY:NEW YORK REALTY US INC,NEW YORK REALTY US INC,,51,https://data.ny.gov/api/views/yg7h-zjbf/rows.csv?accessType=DOWNLOAD,"people = salespersons + all broker licence types whose business_name is the firm (firm key = business name, all NY offices combined)",NY,42-08 BOWNE ST,FLUSHING,NY,11355,,,,2026-10-09
NY:LIBERTY REFERRAL NETWORK LLC,LIBERTY REFERRAL NETWORK LLC,,37,https://data.ny.gov/api/views/yg7h-zjbf/rows.csv?accessType=DOWNLOAD,"people = salespersons + all broker licence types whose business_name is the firm (firm key = business name, all NY offices combined)",NY,96 10 101ST AVE,OZONE PARK,NY,11416,,,,2026-10-09
NY:ACRE NY RENTALS LLC,ACRE NY RENTALS LLC,,39,https://data.ny.gov/api/views/yg7h-zjbf/rows.csv?accessType=DOWNLOAD,"people = salespersons + all broker licence types whose business_name is the firm (firm key = business name, all NY offices combined)",NY,45-10 COURT SQUARE,LONG ISLAND CITY,NY,11101,,,,2026-10-09
NY:MAX IT REALTY,MAX IT REALTY,,59,https://data.ny.gov/api/views/yg7h-zjbf/rows.csv?accessType=DOWNLOAD,"people = salespersons + all broker licence types whose business_name is the firm (firm key = business name, all NY offices combined)",NY,209-17 JAMAICA AVE,QUEENS VILLAGE,NY,11428,,,,2026-10-09
NY:ROBERT DEFALCO REALTY REFERRAL ASSOCIATES INC,ROBERT DEFALCO REALTY REFERRAL ASSOCIATES INC,,57,https://data.ny.gov/api/views/yg7h-zjbf/rows.csv?accessType=DOWNLOAD,"people = salespersons + all broker licence types whose business_name is the firm (firm key = business name, all NY offices combined)",NY,1678 HYLAN BLVD,STATEN ISLAND,NY,10305,,,,2026-10-09
NY:ASHFORD HOMES LLC,ASHFORD HOMES LLC,,40,https://data.ny.gov/api/views/yg7h-zjbf/rows.csv?accessType=DOWNLOAD,"people = salespersons + all broker licence types whose business_name is the firm (firm key = business name, all NY offices combined)",NY,95 GUYON AVE,STATEN ISLAND,NY,10305,,,,2026-10-09
NY:HOMES R US REALTY OF NY INC,HOMES R US REALTY OF NY INC,,63,https://data.ny.gov/api/views/yg7h-zjbf/rows.csv?accessType=DOWNLOAD,"people = salespersons + all broker licence types whose business_name is the firm (firm key = business name, all NY offices combined)",NY,111 FINGERBOARD ROAD,STATEN ISLAND,NY,10305,,,,2026-10-09
NY:CRIMMINS REALTY REFERRAL COMPANY,CRIMMINS REALTY REFERRAL COMPANY,,37,https://data.ny.gov/api/views/yg7h-zjbf/rows.csv?accessType=DOWNLOAD,"people = salespersons + all broker licence types whose business_name is the firm (firm key = business name, all NY offices combined)",NY,304 MANOR RD,STATEN ISLAND,NY,10314,,,,2026-10-09
NY:SI PREMIERE PROPERTIES,SI PREMIERE PROPERTIES,,35,https://data.ny.gov/api/views/yg7h-zjbf/rows.csv?accessType=DOWNLOAD,"people = salespersons + all broker licence types whose business_name is the firm (firm key = business name, all NY offices combined)",NY,62 SEGUINE AVENUE,STATEN ISLAND,NY,10309,,,,2026-10-09
NY:Q HOME SALES,Q HOME SALES,,54,https://data.ny.gov/api/views/yg7h-zjbf/rows.csv?accessType=DOWNLOAD,"people = salespersons + all broker licence types whose business_name is the firm (firm key = business name, all NY offices combined)",NY,1609 ROUTE 202,POMONA,NY,10970,,,,2026-10-09
NY:RODEO REALTY INC,RODEO REALTY INC,,52,https://data.ny.gov/api/views/yg7h-zjbf/rows.csv?accessType=DOWNLOAD,"people = salespersons + all broker licence types whose business_name is the firm (firm key = business name, all NY offices combined)",NY,216 CONGERS RD,NEW CITY,NY,10956,,,,2026-10-09
NY:JOSEPH BARATTA COMPANY REALTY,JOSEPH BARATTA COMPANY REALTY,,65,https://data.ny.gov/api/views/yg7h-zjbf/rows.csv?accessType=DOWNLOAD,"people = salespersons + all broker licence types whose business_name is the firm (firm key = business name, all NY offices combined)",NY,120 WHITE PLAINS ROAD,TARRYTOWN,NY,10591,,,,2026-10-09
NY:CENTURY 21 ELITE REALTY,CENTURY 21 ELITE REALTY,,42,https://data.ny.gov/api/views/yg7h-zjbf/rows.csv?accessType=DOWNLOAD,"people = salespersons + all broker licence types whose business_name is the firm (firm key = business name, all NY offices combined)",NY,255 MAMARONECK AVE,WHITE PLAINS,NY,10605,,,,2026-10-09
NY:MS REALTY GROUP USA INC,MS REALTY GROUP USA INC,,40,https://data.ny.gov/api/views/yg7h-zjbf/rows.csv?accessType=DOWNLOAD,"people = salespersons + all broker licence types whose business_name is the firm (firm key = business name, all NY offices combined)",NY,163 ROUTE 306 #313,MONSEY,NY,10952,,,,2026-10-09
NY:ROOHAN REALTY,ROOHAN REALTY,,45,https://data.ny.gov/api/views/yg7h-zjbf/rows.csv?accessType=DOWNLOAD,"people = salespersons + all broker licence types whose business_name is the firm (firm key = business name, all NY offices combined)",NY,519 BROADWAY,SARATOGA SPRINGS,NY,12866,,,,2026-10-09
NY:KELLER WILLIAMS REALTY SOUTHERN TIER & FINGER LAKES,KELLER WILLIAMS REALTY SOUTHERN TIER & FINGER LAKES,,70,https://data.ny.gov/api/views/yg7h-zjbf/rows.csv?accessType=DOWNLOAD,"people = salespersons + all broker licence types whose business_name is the firm (firm key = business name, all NY offices combined)",NY,21 E MARKET STREET,CORNING,NY,14830,,,,2026-10-09
NY:KEUKA LAKE & LAND REALTY,KEUKA LAKE & LAND REALTY,,35,https://data.ny.gov/api/views/yg7h-zjbf/rows.csv?accessType=DOWNLOAD,"people = salespersons + all broker licence types whose business_name is the firm (firm key = business name, all NY offices combined)",NY,201 ELM STREET,PENN YAN,NY,14527,,,,2026-10-09
NY:REALPRO 100 LLC,REALPRO 100 LLC,,46,https://data.ny.gov/api/views/yg7h-zjbf/rows.csv?accessType=DOWNLOAD,"people = salespersons + all broker licence types whose business_name is the firm (firm key = business name, all NY offices combined)",NY,575 SUNRISE HIGHWAY,WEST BABYON,NY,11704,,,,2026-10-09
NY:JAMES A NETTER REAL ESTATE INC,JAMES A NETTER REAL ESTATE INC,,58,https://data.ny.gov/api/views/yg7h-zjbf/rows.csv?accessType=DOWNLOAD,"people = salespersons + all broker licence types whose business_name is the firm (firm key = business name, all NY offices combined)",NY,404 MONTAUK HWY,WEST ISLIP,NY,11795,,,,2026-10-09
NY:MIGRATE REALTY LLC,MIGRATE REALTY LLC,,39,https://data.ny.gov/api/views/yg7h-zjbf/rows.csv?accessType=DOWNLOAD,"people = salespersons + all broker licence types whose business_name is the firm (firm key = business name, all NY offices combined)",NY,1087 SMITHTOWN AVENUE,BOHEMIA,NY,11716,,,,2026-10-09
NY:WILLIAM RAVEIS HAMPTONS LLC,WILLIAM RAVEIS HAMPTONS LLC,,70,https://data.ny.gov/api/views/yg7h-zjbf/rows.csv?accessType=DOWNLOAD,"people = salespersons + all broker licence types whose business_name is the firm (firm key = business name, all NY offices combined)",NY,46 MAIN STREET,EAST HAMPTON,NY,11947,,,,2026-10-09
NY:THE AGENCY HAMPTONS PARTNERS,THE AGENCY HAMPTONS PARTNERS,,35,https://data.ny.gov/api/views/yg7h-zjbf/rows.csv?accessType=DOWNLOAD,"people = salespersons + all broker licence types whose business_name is the firm (firm key = business name, all NY offices combined)",NY,2462 MAIN STREET,BRIDGEHAMPTON,NY,11932,,,,2026-10-09
NY:LONG ISLAND HOME PROPERTIES LLC,LONG ISLAND HOME PROPERTIES LLC,,49,https://data.ny.gov/api/views/yg7h-zjbf/rows.csv?accessType=DOWNLOAD,"people = salespersons + all broker licence types whose business_name is the firm (firm key = business name, all NY offices combined)",NY,310 E MAIN ST,HOLBROOK,NY,11741,,,,2026-10-09
NY:COMPASS HAMPTONS,COMPASS HAMPTONS,,75,https://data.ny.gov/api/views/yg7h-zjbf/rows.csv?accessType=DOWNLOAD,"people = salespersons + all broker licence types whose business_name is the firm (firm key = business name, all NY offices combined)",NY,2424 MONTAUK HWY,BRIDGEHAMPTON,NY,11932,,,,2026-10-09
NY:HOMESMART DYNAMIC REALTY,HOMESMART DYNAMIC REALTY,,48,https://data.ny.gov/api/views/yg7h-zjbf/rows.csv?accessType=DOWNLOAD,"people = salespersons + all broker licence types whose business_name is the firm (firm key = business name, all NY offices combined)",NY,3239 NY 112,MEDFORD,NY,11763,,,,2026-10-09
NY:EXIT REALTY EDGE,EXIT REALTY EDGE,,36,https://data.ny.gov/api/views/yg7h-zjbf/rows.csv?accessType=DOWNLOAD,"people = salespersons + all broker licence types whose business_name is the firm (firm key = business name, all NY offices combined)",NY,91 MEDFORD AVE,PATCHOGUE,NY,11772,,,,2026-10-09
NY:SAUNDERS WEST LLC,SAUNDERS WEST LLC,,36,https://data.ny.gov/api/views/yg7h-zjbf/rows.csv?accessType=DOWNLOAD,"people = salespersons + all broker licence types whose business_name is the firm (firm key = business name, all NY offices combined)",NY,33 SUNSET AVENUE,WESTHAMPTON BEACH,NY,11978,,,,2026-10-09
NY:VANTAGE REALTY PARTNERS,VANTAGE REALTY PARTNERS,,66,https://data.ny.gov/api/views/yg7h-zjbf/rows.csv?accessType=DOWNLOAD,"people = salespersons + all broker licence types whose business_name is the firm (firm key = business name, all NY offices combined)",NY,125 W BROADWAY,PORT JEFFERSON,NY,11777,,,,2026-10-09
NY:NEST SEEKERS INTERNATIONAL LLC,NEST SEEKERS INTERNATIONAL LLC,,35,https://data.ny.gov/api/views/yg7h-zjbf/rows.csv?accessType=DOWNLOAD,"people = salespersons + all broker licence types whose business_name is the firm (firm key = business name, all NY offices combined)",NY,2415 B MONTAUK HWY,BRIDGEHAMPTON,NY,11932,,,,2026-10-09
NY:LAUREL PROPERTIES LLC,LAUREL PROPERTIES LLC,,48,https://data.ny.gov/api/views/yg7h-zjbf/rows.csv?accessType=DOWNLOAD,"people = salespersons + all broker licence types whose business_name is the firm (firm key = business name, all NY offices combined)",NY,24 BEAUPRE CT,HUNTINGTON,NY,11743,,,,2026-10-09
NY:CENTURY 21 AA REALTY OF LINDENHURST INC,CENTURY 21 AA REALTY OF LINDENHURST INC,,65,https://data.ny.gov/api/views/yg7h-zjbf/rows.csv?accessType=DOWNLOAD,"people = salespersons + all broker licence types whose business_name is the firm (firm key = business name, all NY offices combined)",NY,1596 STRAIGHT PATH,LINDENHURST,NY,11757,,,,2026-10-09
NY:EXIT REALTY ISLAND ELITE,EXIT REALTY ISLAND ELITE,,40,https://data.ny.gov/api/views/yg7h-zjbf/rows.csv?accessType=DOWNLOAD,"people = salespersons + all broker licence types whose business_name is the firm (firm key = business name, all NY offices combined)",NY,4699-2 ROUTE 347,PORT JEFF STATION,NY,11776,,,,2026-10-09
NY:LISTING PRO REALTY SERVICES INC,LISTING PRO REALTY SERVICES INC,,51,https://data.ny.gov/api/views/yg7h-zjbf/rows.csv?accessType=DOWNLOAD,"people = salespersons + all broker licence types whose business_name is the firm (firm key = business name, all NY offices combined)",NY,444 ROUTE 111,SMITHTOWN,NY,11787,,,,2026-10-09
NY:EXIT FAMILY REALTY,EXIT FAMILY REALTY,,37,https://data.ny.gov/api/views/yg7h-zjbf/rows.csv?accessType=DOWNLOAD,"people = salespersons + all broker licence types whose business_name is the firm (firm key = business name, all NY offices combined)",NY,202 N WELLWOOD AVE,LINDENHURST,NY,11757,,,,2026-10-09
NY:ERIC G RAMSAY JR ASSOCIATES LLC,ERIC G RAMSAY JR ASSOCIATES LLC,,47,https://data.ny.gov/api/views/yg7h-zjbf/rows.csv?accessType=DOWNLOAD,"people = salespersons + all broker licence types whose business_name is the firm (firm key = business name, all NY offices combined)",NY,236 W MAIN ST,BAY SHORE,NY,11706,,,,2026-10-09
NY:HALTER ASSOCIATES REALTY INC,HALTER ASSOCIATES REALTY INC,,46,https://data.ny.gov/api/views/yg7h-zjbf/rows.csv?accessType=DOWNLOAD,"people = salespersons + all broker licence types whose business_name is the firm (firm key = business name, all NY offices combined)",NY,3257 RTE 212,BEARSVILLE,NY,12409,,,,2026-10-09
NY:RE MAX DISTINGUISHED HOMES & PROPERTIES,RE MAX DISTINGUISHED HOMES & PROPERTIES,,41,https://data.ny.gov/api/views/yg7h-zjbf/rows.csv?accessType=DOWNLOAD,"people = salespersons + all broker licence types whose business_name is the firm (firm key = business name, all NY offices combined)",NY,273 COLUMBUS AVENUE,TUCKAHOE,NY,10707,,,,2026-10-09
NY:GINER REAL ESTATE INC,GINER REAL ESTATE INC,,48,https://data.ny.gov/api/views/yg7h-zjbf/rows.csv?accessType=DOWNLOAD,"people = salespersons + all broker licence types whose business_name is the firm (firm key = business name, all NY offices combined)",NY,26 VALLEY ROAD,KATONAH,NY,10536,,,,2026-10-09
NY:GINNEL REAL ESTATE,GINNEL REAL ESTATE,,46,https://data.ny.gov/api/views/yg7h-zjbf/rows.csv?accessType=DOWNLOAD,"people = salespersons + all broker licence types whose business_name is the firm (firm key = business name, all NY offices combined)",NY,493 BEDFORD CENTER RD,BEDFORD HILLS,NY,10507,,,,2026-10-09
NY:CENTURY 21 DAWNS GOLD,CENTURY 21 DAWNS GOLD,,39,https://data.ny.gov/api/views/yg7h-zjbf/rows.csv?accessType=DOWNLOAD,"people = salespersons + all broker licence types whose business_name is the firm (firm key = business name, all NY offices combined)",NY,646 TUCKAHOE RD,YONKERS,NY,10710,,,,2026-10-09
NY:MARY JANE PASTOR REALTY,MARY JANE PASTOR REALTY,,36,https://data.ny.gov/api/views/yg7h-zjbf/rows.csv?accessType=DOWNLOAD,"people = salespersons + all broker licence types whose business_name is the firm (firm key = business name, all NY offices combined)",NY,60 E HARTSDALE AVE,HARTSDALE,NY,10530,,,,2026-10-09
NY:WESTCHESTER REALTY TEAM LLC,WESTCHESTER REALTY TEAM LLC,,74,https://data.ny.gov/api/views/yg7h-zjbf/rows.csv?accessType=DOWNLOAD,"people = salespersons + all broker licence types whose business_name is the firm (firm key = business name, all NY offices combined)",NY,120 BLOOMINGDALE RD STE 101,WHITE PLAINS,NY,10605,,,,2026-10-09
NY:UNITED PARTNERS REFERRAL GROUP,UNITED PARTNERS REFERRAL GROUP,,55,https://data.ny.gov/api/views/yg7h-zjbf/rows.csv?accessType=DOWNLOAD,"people = salespersons + all broker licence types whose business_name is the firm (firm key = business name, all NY offices combined)",NY,760 WHITE PLAINS RD,SCARSDALE,NY,10583,,,,2026-10-09
NY:EREALTY ADVISORS USA INC,EREALTY ADVISORS USA INC,,60,https://data.ny.gov/api/views/yg7h-zjbf/rows.csv?accessType=DOWNLOAD,"people = salespersons + all broker licence types whose business_name is the firm (firm key = business name, all NY offices combined)",NY,777 WESTCHESTER AVE STE 101,WHITE PLAINS,NY,10604,,,,2026-10-09
NY:WESTCHESTER REFERRAL REALTY ASSOCIATES LLC,WESTCHESTER REFERRAL REALTY ASSOCIATES LLC,,53,https://data.ny.gov/api/views/yg7h-zjbf/rows.csv?accessType=DOWNLOAD,"people = salespersons + all broker licence types whose business_name is the firm (firm key = business name, all NY offices combined)",NY,625 US 6,MAHOPAC,NY,10541,,,,2026-10-09
CT:REB.0789013,RWSP REALTY LLC,,62,https://data.ct.gov/api/views/eqtn-rppv/rows.csv?accessType=DOWNLOAD ; https://data.ct.gov/api/views/fwpc-pgqj/rows.csv?accessType=DOWNLOAD,people = ACTIVE salespersons whose supervising broker licence is the firm (brokers are not linked to firms in CT data),CT,,RIDGEFIELD,CT,06877,,,,2026-10-09
CT:REB.0793399,NAPLES REALTY GROUP LLC,,47,https://data.ct.gov/api/views/eqtn-rppv/rows.csv?accessType=DOWNLOAD ; https://data.ct.gov/api/views/fwpc-pgqj/rows.csv?accessType=DOWNLOAD,people = ACTIVE salespersons whose supervising broker licence is the firm (brokers are not linked to firms in CT data),CT,,FEEDING HILLS,MA,01030,,,,2026-10-09
CT:REB.0788682,TIER 1 REAL ESTATE LLC,,37,https://data.ct.gov/api/views/eqtn-rppv/rows.csv?accessType=DOWNLOAD ; https://data.ct.gov/api/views/fwpc-pgqj/rows.csv?accessType=DOWNLOAD,people = ACTIVE salespersons whose supervising broker licence is the firm (brokers are not linked to firms in CT data),CT,,BRISTOL,CT,06010,,,,2026-10-09
CT:REB.0794641,SERHANT CONNECTICUT LLC,,46,https://data.ct.gov/api/views/eqtn-rppv/rows.csv?accessType=DOWNLOAD ; https://data.ct.gov/api/views/fwpc-pgqj/rows.csv?accessType=DOWNLOAD,people = ACTIVE salespersons whose supervising broker licence is the firm (brokers are not linked to firms in CT data),CT,,GREENWICH,CT,06830,,,,2026-10-09
CT:REB.0794500,FIVE STARS REALTY LLC,,53,https://data.ct.gov/api/views/eqtn-rppv/rows.csv?accessType=DOWNLOAD ; https://data.ct.gov/api/views/fwpc-pgqj/rows.csv?accessType=DOWNLOAD,people = ACTIVE salespersons whose supervising broker licence is the firm (brokers are not linked to firms in CT data),CT,,HARTFORD,CT,06114,,,,2026-10-09
CT:RTM.0000077,BROOKE TEAM AT EXP REALTY,,45,https://data.ct.gov/api/views/eqtn-rppv/rows.csv?accessType=DOWNLOAD ; https://data.ct.gov/api/views/fwpc-pgqj/rows.csv?accessType=DOWNLOAD,people = ACTIVE salespersons whose supervising broker licence is the firm (brokers are not linked to firms in CT data),CT,,,,,,,,2026-10-09
CT:REB.0751271,CALCAGNI REAL ESTATE INC,,37,https://data.ct.gov/api/views/eqtn-rppv/rows.csv?accessType=DOWNLOAD ; https://data.ct.gov/api/views/fwpc-pgqj/rows.csv?accessType=DOWNLOAD,people = ACTIVE salespersons whose supervising broker licence is the firm (brokers are not linked to firms in CT data),CT,,WALLINGFORD,CT,06492,,,,2026-10-09
CT:REB.0790127,REDFIN CORPORATION,,57,https://data.ct.gov/api/views/eqtn-rppv/rows.csv?accessType=DOWNLOAD ; https://data.ct.gov/api/views/fwpc-pgqj/rows.csv?accessType=DOWNLOAD,people = ACTIVE salespersons whose supervising broker licence is the firm (brokers are not linked to firms in CT data),CT,,NEW HAVEN,CT,06510,,,,2026-10-09
CT:REB.0791718,EREALTY ADVISORS INC,,51,https://data.ct.gov/api/views/eqtn-rppv/rows.csv?accessType=DOWNLOAD ; https://data.ct.gov/api/views/fwpc-pgqj/rows.csv?accessType=DOWNLOAD,people = ACTIVE salespersons whose supervising broker licence is the firm (brokers are not linked to firms in CT data),CT,,STAMFORD,CT,06902,,,,2026-10-09
CT:RTM.0000235,NEXT LEVEL TEAM OF RE/MAX ONE.,,66,https://data.ct.gov/api/views/eqtn-rppv/rows.csv?accessType=DOWNLOAD ; https://data.ct.gov/api/views/fwpc-pgqj/rows.csv?accessType=DOWNLOAD,people = ACTIVE salespersons whose supervising broker licence is the firm (brokers are not linked to firms in CT data),CT,,,,,,,,2026-10-09
CT:REB.0754708,CLEMENS & SONS REALTY INC,,51,https://data.ct.gov/api/views/eqtn-rppv/rows.csv?accessType=DOWNLOAD ; https://data.ct.gov/api/views/fwpc-pgqj/rows.csv?accessType=DOWNLOAD,people = ACTIVE salespersons whose supervising broker licence is the firm (brokers are not linked to firms in CT data),CT,,ROCKY HILL,CT,06067,,,,2026-10-09
CT:REB.0790976,YELLOWBRICK REAL ESTATE LLC,,60,https://data.ct.gov/api/views/eqtn-rppv/rows.csv?accessType=DOWNLOAD ; https://data.ct.gov/api/views/fwpc-pgqj/rows.csv?accessType=DOWNLOAD,people = ACTIVE salespersons whose supervising broker licence is the firm (brokers are not linked to firms in CT data),CT,,MILFORD,CT,06461,,,,2026-10-09
CT:REB.0789519,CT REFERRAL GROUP LLC,,73,https://data.ct.gov/api/views/eqtn-rppv/rows.csv?accessType=DOWNLOAD ; https://data.ct.gov/api/views/fwpc-pgqj/rows.csv?accessType=DOWNLOAD,people = ACTIVE salespersons whose supervising broker licence is the firm (brokers are not linked to firms in CT data),CT,,RIDGEFIELD,CT,06877,,,,2026-10-09
CT:REB.0756285,BELL PARK REALTY INC,,40,https://data.ct.gov/api/views/eqtn-rppv/rows.csv?accessType=DOWNLOAD ; https://data.ct.gov/api/views/fwpc-pgqj/rows.csv?accessType=DOWNLOAD,people = ACTIVE salespersons whose supervising broker licence is the firm (brokers are not linked to firms in CT data),CT,,DAYVILLE,CT,06241,,,,2026-10-09
CT:REB.0758951,ONE HUNDRED FIFTY PLUS LLC,,43,https://data.ct.gov/api/views/eqtn-rppv/rows.csv?accessType=DOWNLOAD ; https://data.ct.gov/api/views/fwpc-pgqj/rows.csv?accessType=DOWNLOAD,people = ACTIVE salespersons whose supervising broker licence is the firm (brokers are not linked to firms in CT data),CT,,WEST HARTFORD,CT,06107,,,,2026-10-09
CT:REB.0789146,CARBUTTI & CO REALTORS LLC,,48,https://data.ct.gov/api/views/eqtn-rppv/rows.csv?accessType=DOWNLOAD ; https://data.ct.gov/api/views/fwpc-pgqj/rows.csv?accessType=DOWNLOAD,people = ACTIVE salespersons whose supervising broker licence is the firm (brokers are not linked to firms in CT data),CT,,WALLINGFORD,CT,06492,,,,2026-10-09
CT:REB.0792060,"HL REFERRAL NETWORK CT, LLC",,54,https://data.ct.gov/api/views/eqtn-rppv/rows.csv?accessType=DOWNLOAD ; https://data.ct.gov/api/views/fwpc-pgqj/rows.csv?accessType=DOWNLOAD,people = ACTIVE salespersons whose supervising broker licence is the firm (brokers are not linked to firms in CT data),CT,,DARIEN,CT,06820,,,,2026-10-09
CT:REB.0794215,COMPASS CONNECTICUT RD LLC,,40,https://data.ct.gov/api/views/eqtn-rppv/rows.csv?accessType=DOWNLOAD ; https://data.ct.gov/api/views/fwpc-pgqj/rows.csv?accessType=DOWNLOAD,people = ACTIVE salespersons whose supervising broker licence is the firm (brokers are not linked to firms in CT data),CT,,NEW YORK,NY,10011,,,,2026-10-09
CT:REB.0789479,WARECK D'OSTILIO REAL ESTATE LLC,,63,https://data.ct.gov/api/views/eqtn-rppv/rows.csv?accessType=DOWNLOAD ; https://data.ct.gov/api/views/fwpc-pgqj/rows.csv?accessType=DOWNLOAD,people = ACTIVE salespersons whose supervising broker licence is the firm (brokers are not linked to firms in CT data),CT,,MILFORD,CT,06460,,,,2026-10-09
CT:REB.0791674,STACEY M ALCORN,,47,https://data.ct.gov/api/views/eqtn-rppv/rows.csv?accessType=DOWNLOAD ; https://data.ct.gov/api/views/fwpc-pgqj/rows.csv?accessType=DOWNLOAD,people = ACTIVE salespersons whose supervising broker licence is the firm (brokers are not linked to firms in CT data),CT,,DRACUT,MA,01826,,,,2026-10-09
CT:REB.0790294,DOUGLAS ELLIMAN OF CONNECTICUT LLC,,49,https://data.ct.gov/api/views/eqtn-rppv/rows.csv?accessType=DOWNLOAD ; https://data.ct.gov/api/views/fwpc-pgqj/rows.csv?accessType=DOWNLOAD,people = ACTIVE salespersons whose supervising broker licence is the firm (brokers are not linked to firms in CT data),CT,,GREENWICH,CT,06830,,,,2026-10-09
CT:REB.0788553,BERKSHIRE HATHAWAY HOMESERVICES REALTY PROFESSIONALS,,53,https://data.ct.gov/api/views/eqtn-rppv/rows.csv?accessType=DOWNLOAD ; https://data.ct.gov/api/views/fwpc-pgqj/rows.csv?accessType=DOWNLOAD,people = ACTIVE salespersons whose supervising broker licence is the firm (brokers are not linked to firms in CT data),CT,,SOUTHWICK,MA,01077,,,,2026-10-09
CT:REB.0792224,REGENCY REAL ESTATE LLC,,63,https://data.ct.gov/api/views/eqtn-rppv/rows.csv?accessType=DOWNLOAD ; https://data.ct.gov/api/views/fwpc-pgqj/rows.csv?accessType=DOWNLOAD,people = ACTIVE salespersons whose supervising broker licence is the firm (brokers are not linked to firms in CT data),CT,,WATERTOWN,CT,06795,,,,2026-10-09
CT:REB.0756995,LAURA STEVENS INC,,36,https://data.ct.gov/api/views/eqtn-rppv/rows.csv?accessType=DOWNLOAD ; https://data.ct.gov/api/views/fwpc-pgqj/rows.csv?accessType=DOWNLOAD,people = ACTIVE salespersons whose supervising broker licence is the firm (brokers are not linked to firms in CT data),CT,,LONGMEADOW,MA,01106,,,,2026-10-09
CT:RTM.0000095,TEAM AFA AT WILLIAM RAVEIS REAL ESTATE,,47,https://data.ct.gov/api/views/eqtn-rppv/rows.csv?accessType=DOWNLOAD ; https://data.ct.gov/api/views/fwpc-pgqj/rows.csv?accessType=DOWNLOAD,people = ACTIVE salespersons whose supervising broker licence is the firm (brokers are not linked to firms in CT data),CT,,,,,,,,2026-10-09
CT:REB.0792847,THE BELLA GROUP LLC,,41,https://data.ct.gov/api/views/eqtn-rppv/rows.csv?accessType=DOWNLOAD ; https://data.ct.gov/api/views/fwpc-pgqj/rows.csv?accessType=DOWNLOAD,people = ACTIVE salespersons whose supervising broker licence is the firm (brokers are not linked to firms in CT data),CT,,LITCHFIELD,CT,06759,,,,2026-10-09
CT:REB.0788457,HIGGINS REFERRAL GROUP,,69,https://data.ct.gov/api/views/eqtn-rppv/rows.csv?accessType=DOWNLOAD ; https://data.ct.gov/api/views/fwpc-pgqj/rows.csv?accessType=DOWNLOAD,people = ACTIVE salespersons whose supervising broker licence is the firm (brokers are not linked to firms in CT data),CT,,FAIRFIELD,CT,06824,,,,2026-10-09
CT:REB.0793456,EXP COMMERCIAL OF CONNECTICUT LLC,,36,https://data.ct.gov/api/views/eqtn-rppv/rows.csv?accessType=DOWNLOAD ; https://data.ct.gov/api/views/fwpc-pgqj/rows.csv?accessType=DOWNLOAD,people = ACTIVE salespersons whose supervising broker licence is the firm (brokers are not linked to firms in CT data),CT,,STAMFORD,CT,06902,,,,2026-10-09
CT:REB.0790711,SCALZO REAL ESTATE COMPANY LLC,,35,https://data.ct.gov/api/views/eqtn-rppv/rows.csv?accessType=DOWNLOAD ; https://data.ct.gov/api/views/fwpc-pgqj/rows.csv?accessType=DOWNLOAD,people = ACTIVE salespersons whose supervising broker licence is the firm (brokers are not linked to firms in CT data),CT,,BETHEL,CT,06801,,,,2026-10-09
CT:REB.0788854,BHS CT REFERRAL LLC,,58,https://data.ct.gov/api/views/eqtn-rppv/rows.csv?accessType=DOWNLOAD ; https://data.ct.gov/api/views/fwpc-pgqj/rows.csv?accessType=DOWNLOAD,people = ACTIVE salespersons whose supervising broker licence is the firm (brokers are not linked to firms in CT data),CT,,DARIEN,CT,06820,,,,2026-10-09
CT:REB.0788932,GEORGE W AGNELLI JR,,50,https://data.ct.gov/api/views/eqtn-rppv/rows.csv?accessType=DOWNLOAD ; https://data.ct.gov/api/views/fwpc-pgqj/rows.csv?accessType=DOWNLOAD,people = ACTIVE salespersons whose supervising broker licence is the firm (brokers are not linked to firms in CT data),CT,,EAST HARTFORD,CT,06108,,,,2026-10-09
CT:REB.0791467,JCMSA LLC,,38,https://data.ct.gov/api/views/eqtn-rppv/rows.csv?accessType=DOWNLOAD ; https://data.ct.gov/api/views/fwpc-pgqj/rows.csv?accessType=DOWNLOAD,people = ACTIVE salespersons whose supervising broker licence is the firm (brokers are not linked to firms in CT data),CT,,WESTPORT,CT,06880,,,,2026-10-09
CT:REB.0751320,CBRE INC,,57,https://data.ct.gov/api/views/eqtn-rppv/rows.csv?accessType=DOWNLOAD ; https://data.ct.gov/api/views/fwpc-pgqj/rows.csv?accessType=DOWNLOAD,people = ACTIVE salespersons whose supervising broker licence is the firm (brokers are not linked to firms in CT data),CT,,STAMFORD,CT,06901,,,,2026-10-09
CT:REB.0788965,CT HOMETOWN REALTY LLC,,35,https://data.ct.gov/api/views/eqtn-rppv/rows.csv?accessType=DOWNLOAD ; https://data.ct.gov/api/views/fwpc-pgqj/rows.csv?accessType=DOWNLOAD,people = ACTIVE salespersons whose supervising broker licence is the firm (brokers are not linked to firms in CT data),CT,,ENFIELD,CT,06082,,,,2026-10-09
TX:489139-B,GILBERT RODRIGUEZ COSTELLO,,70,https://data.texas.gov/api/views/s7ft-44qi/rows.csv?accessType=DOWNLOAD,people = ACTIVE sales agents sponsored by the firm licence + its designated broker (other brokers are not linked in TX data),TX,,,,,BEXAR,,,2026-10-09
TX:9004776-BB,"REPEAT REALTY, L.L.C.",,46,https://data.texas.gov/api/views/s7ft-44qi/rows.csv?accessType=DOWNLOAD,people = ACTIVE sales agents sponsored by the firm licence + its designated broker (other brokers are not linked in TX data),TX,,,,,DENTON,,,2026-10-09
TX:9001036-BB,2011 AMERICAN REAL ESTATE COMPANY LLC,,53,https://data.texas.gov/api/views/s7ft-44qi/rows.csv?accessType=DOWNLOAD,people = ACTIVE sales agents sponsored by the firm licence + its designated broker (other brokers are not linked in TX data),TX,,,,,ANGELINA,,,2026-10-09
TX:9005311-BB,"MYERS THE HOME BUYERS OF DALLAS, LLC",,45,https://data.texas.gov/api/views/s7ft-44qi/rows.csv?accessType=DOWNLOAD,people = ACTIVE sales agents sponsored by the firm licence + its designated broker (other brokers are not linked in TX data),TX,,,,,DALLAS,,,2026-10-09
TX:9004781-BB,"LMAX, LP",,36,https://data.texas.gov/api/views/s7ft-44qi/rows.csv?accessType=DOWNLOAD,people = ACTIVE sales agents sponsored by the firm licence + its designated broker (other brokers are not linked in TX data),TX,,,,,LUBBOCK,,,2026-10-09
TX:9013334-BB,"M3 LEGACIES BRICK BY BRICK, LLC",,42,https://data.texas.gov/api/views/s7ft-44qi/rows.csv?accessType=DOWNLOAD,people = ACTIVE sales agents sponsored by the firm licence + its designated broker (other brokers are not linked in TX data),TX,,,,,TARRANT,,,2026-10-09
TX:602115-BB,HOMEROCK REALTY LLC,,70,https://data.texas.gov/api/views/s7ft-44qi/rows.csv?accessType=DOWNLOAD,people = ACTIVE sales agents sponsored by the firm licence + its designated broker (other brokers are not linked in TX data),TX,,,,,MONTGOMERY,,,2026-10-09
TX:9005400-BB,"BLU REALTY, LLC",,48,https://data.texas.gov/api/views/s7ft-44qi/rows.csv?accessType=DOWNLOAD,people = ACTIVE sales agents sponsored by the firm licence + its designated broker (other brokers are not linked in TX data),TX,,,,,LUBBOCK,,,2026-10-09
TX:9007091-BB,PLATINUM HOUSTON LLC,,72,https://data.texas.gov/api/views/s7ft-44qi/rows.csv?accessType=DOWNLOAD,people = ACTIVE sales agents sponsored by the firm licence + its designated broker (other brokers are not linked in TX data),TX,,,,,HARRIS,,,2026-10-09
TX:9011653-BB,"BL SALES ENTERPRISES, LLC",,40,https://data.texas.gov/api/views/s7ft-44qi/rows.csv?accessType=DOWNLOAD,people = ACTIVE sales agents sponsored by the firm licence + its designated broker (other brokers are not linked in TX data),TX,,,,,MIDLAND,,,2026-10-09
TX:9015874-BB,"MORROW HILL OPERATIONS, LLC",,40,https://data.texas.gov/api/views/s7ft-44qi/rows.csv?accessType=DOWNLOAD,people = ACTIVE sales agents sponsored by the firm licence + its designated broker (other brokers are not linked in TX data),TX,,,,,DALLAS,,,2026-10-09
TX:9015831-BB,1ST CHOICE WEST LLC,,59,https://data.texas.gov/api/views/s7ft-44qi/rows.csv?accessType=DOWNLOAD,people = ACTIVE sales agents sponsored by the firm licence + its designated broker (other brokers are not linked in TX data),TX,,,,,BEXAR,,,2026-10-09
TX:522575-BB,"COLLIERS INTERNATIONAL NORTH TEXAS, LLC",,67,https://data.texas.gov/api/views/s7ft-44qi/rows.csv?accessType=DOWNLOAD,people = ACTIVE sales agents sponsored by the firm licence + its designated broker (other brokers are not linked in TX data),TX,,,,,DALLAS,,,2026-10-09
TX:476640-BB,"THE HOUSESMITH GROUP, LLC",,68,https://data.texas.gov/api/views/s7ft-44qi/rows.csv?accessType=DOWNLOAD,people = ACTIVE sales agents sponsored by the firm licence + its designated broker (other brokers are not linked in TX data),TX,,,,,FORT BEND,,,2026-10-09
TX:591884-BB,THE PLACE OF HOUSES OF TEXAS,,37,https://data.texas.gov/api/views/s7ft-44qi/rows.csv?accessType=DOWNLOAD,people = ACTIVE sales agents sponsored by the firm licence + its designated broker (other brokers are not linked in TX data),TX,,,,,NUECES,,,2026-10-09
TX:9015302-BB,ZION REALTY TEAM LLC,,36,https://data.texas.gov/api/views/s7ft-44qi/rows.csv?accessType=DOWNLOAD,people = ACTIVE sales agents sponsored by the firm licence + its designated broker (other brokers are not linked in TX data),TX,,,,,WEBB,,,2026-10-09
TX:9013706-BB,MONARCA REAL ESTATE GROUP LLC,,50,https://data.texas.gov/api/views/s7ft-44qi/rows.csv?accessType=DOWNLOAD,people = ACTIVE sales agents sponsored by the firm licence + its designated broker (other brokers are not linked in TX data),TX,,,,,HIDALGO,,,2026-10-09
TX:9015868-BB,JADE REAL ESTATE LLC,,56,https://data.texas.gov/api/views/s7ft-44qi/rows.csv?accessType=DOWNLOAD,people = ACTIVE sales agents sponsored by the firm licence + its designated broker (other brokers are not linked in TX data),TX,,,,,HIDALGO,,,2026-10-09
TX:589457-BB,"UNITED INVESTEXUSA, LLC",,41,https://data.texas.gov/api/views/s7ft-44qi/rows.csv?accessType=DOWNLOAD,people = ACTIVE sales agents sponsored by the firm licence + its designated broker (other brokers are not linked in TX data),TX,,,,,DALLAS,,,2026-10-09
TX:439776-BB,"HOLT LUNSFORD COMMERCIAL, INC.",,57,https://data.texas.gov/api/views/s7ft-44qi/rows.csv?accessType=DOWNLOAD,people = ACTIVE sales agents sponsored by the firm licence + its designated broker (other brokers are not linked in TX data),TX,,,,,DALLAS,,,2026-10-09
TX:9015996-BB,"AXEN REALTY, LLC",,66,https://data.texas.gov/api/views/s7ft-44qi/rows.csv?accessType=DOWNLOAD,people = ACTIVE sales agents sponsored by the firm licence + its designated broker (other brokers are not linked in TX data),TX,,,,,HARRIS,,,2026-10-09
TX:9007529-BB,"ATTORNEY/BROKER SERVICES, LLC",,56,https://data.texas.gov/api/views/s7ft-44qi/rows.csv?accessType=DOWNLOAD,people = ACTIVE sales agents sponsored by the firm licence + its designated broker (other brokers are not linked in TX data),TX,,,,,TARRANT,,,2026-10-09
TX:9007586-BB,PREMIER REALTY LLC,,38,https://data.texas.gov/api/views/s7ft-44qi/rows.csv?accessType=DOWNLOAD,people = ACTIVE sales agents sponsored by the firm licence + its designated broker (other brokers are not linked in TX data),TX,,,,,NAVARRO,,,2026-10-09
TX:9002426-BB,MILLER HOMES GROUP PLLC,,75,https://data.texas.gov/api/views/s7ft-44qi/rows.csv?accessType=DOWNLOAD,people = ACTIVE sales agents sponsored by the firm licence + its designated broker (other brokers are not linked in TX data),TX,,,,,SMITH,,,2026-10-09
TX:9005018-BB,M-DOCK INC,,40,https://data.texas.gov/api/views/s7ft-44qi/rows.csv?accessType=DOWNLOAD,people = ACTIVE sales agents sponsored by the firm licence + its designated broker (other brokers are not linked in TX data),TX,,,,,VAN ZANDT,,,2026-10-09
TX:9017022-BB,GUTIERREZ REALTY INC,,64,https://data.texas.gov/api/views/s7ft-44qi/rows.csv?accessType=DOWNLOAD,people = ACTIVE sales agents sponsored by the firm licence + its designated broker (other brokers are not linked in TX data),TX,,,,,HAYS,,,2026-10-09
TX:9008847-BB,DWELL RESIDENTIAL LLC,,49,https://data.texas.gov/api/views/s7ft-44qi/rows.csv?accessType=DOWNLOAD,people = ACTIVE sales agents sponsored by the firm licence + its designated broker (other brokers are not linked in TX data),TX,,,,,SMITH,,,2026-10-09
TX:9001563-BB,"RESIDENT REALTY, LTD",,36,https://data.texas.gov/api/views/s7ft-44qi/rows.csv?accessType=DOWNLOAD,people = ACTIVE sales agents sponsored by the firm licence + its designated broker (other brokers are not linked in TX data),TX,,,,,TRAVIS,,,2026-10-09
TX:9007434-BB,"ROCKONE REALTY, LLC",,75,https://data.texas.gov/api/views/s7ft-44qi/rows.csv?accessType=DOWNLOAD,people = ACTIVE sales agents sponsored by the firm licence + its designated broker (other brokers are not linked in TX data),TX,,,,,RANDALL,,,2026-10-09
TX:9014903-BB,PERCH APARTMENT LOCATING LLC,,63,https://data.texas.gov/api/views/s7ft-44qi/rows.csv?accessType=DOWNLOAD,people = ACTIVE sales agents sponsored by the firm licence + its designated broker (other brokers are not linked in TX data),TX,,,,,DENTON,,,2026-10-09
TX:9010351-BB,"MJHM, LLC",,46,https://data.texas.gov/api/views/s7ft-44qi/rows.csv?accessType=DOWNLOAD,people = ACTIVE sales agents sponsored by the firm licence + its designated broker (other brokers are not linked in TX data),TX,,,,,COMAL,,,2026-10-09
TX:508803-BB,SOUTH TEXAS REALTY ADVANTAGE INC,,40,https://data.texas.gov/api/views/s7ft-44qi/rows.csv?accessType=DOWNLOAD,people = ACTIVE sales agents sponsored by the firm licence + its designated broker (other brokers are not linked in TX data),TX,,,,,BEXAR,,,2026-10-09
TX:9011310-BB,"W REALTY & INVESTMENT GROUP, LLC",,36,https://data.texas.gov/api/views/s7ft-44qi/rows.csv?accessType=DOWNLOAD,people = ACTIVE sales agents sponsored by the firm licence + its designated broker (other brokers are not linked in TX data),TX,,,,,HARRIS,,,2026-10-09
TX:9003563-BB,"STREAM REALTY PARTNERS-HOUSTON, L.P.",,49,https://data.texas.gov/api/views/s7ft-44qi/rows.csv?accessType=DOWNLOAD,people = ACTIVE sales agents sponsored by the firm licence + its designated broker (other brokers are not linked in TX data),TX,,,,,HARRIS,,,2026-10-09
TX:581738-BB,"DFWCITYHOMES, LLC",,42,https://data.texas.gov/api/views/s7ft-44qi/rows.csv?accessType=DOWNLOAD,people = ACTIVE sales agents sponsored by the firm licence + its designated broker (other brokers are not linked in TX data),TX,,,,,DALLAS,,,2026-10-09
TX:9012943-BB,"SPM VENTURES, LLC",,41,https://data.texas.gov/api/views/s7ft-44qi/rows.csv?accessType=DOWNLOAD,people = ACTIVE sales agents sponsored by the firm licence + its designated broker (other brokers are not linked in TX data),TX,,,,,BEXAR,,,2026-10-09
TX:9009575-BB,HOME CHARM REALTY LLC,,47,https://data.texas.gov/api/views/s7ft-44qi/rows.csv?accessType=DOWNLOAD,people = ACTIVE sales agents sponsored by the firm licence + its designated broker (other brokers are not linked in TX data),TX,,,,,ECTOR,,,2026-10-09
TX:9013111-BB,"THE AGENCY DALLAS PARK CITIES, LLC",,66,https://data.texas.gov/api/views/s7ft-44qi/rows.csv?accessType=DOWNLOAD,people = ACTIVE sales agents sponsored by the firm licence + its designated broker (other brokers are not linked in TX data),TX,,,,,DALLAS,,,2026-10-09
TX:380999-BB,EDWARDS CAPITAL CORPORATION,,72,https://data.texas.gov/api/views/s7ft-44qi/rows.csv?accessType=DOWNLOAD,people = ACTIVE sales agents sponsored by the firm licence + its designated broker (other brokers are not linked in TX data),TX,,,,,NUECES,,,2026-10-09
TX:590750-BB,"T. CLARK INVESTMENTS, LLC",,38,https://data.texas.gov/api/views/s7ft-44qi/rows.csv?accessType=DOWNLOAD,people = ACTIVE sales agents sponsored by the firm licence + its designated broker (other brokers are not linked in TX data),TX,,,,,PARKER,,,2026-10-09
TX:550906-BB,TCS CENTRAL REGION GP LLC,,53,https://data.texas.gov/api/views/s7ft-44qi/rows.csv?accessType=DOWNLOAD,people = ACTIVE sales agents sponsored by the firm licence + its designated broker (other brokers are not linked in TX data),TX,,,,,DALLAS,,,2026-10-09
TX:396728-B,KEITH DOUGLAS GRIFFIN,,42,https://data.texas.gov/api/views/s7ft-44qi/rows.csv?accessType=DOWNLOAD,people = ACTIVE sales agents sponsored by the firm licence + its designated broker (other brokers are not linked in TX data),TX,,,,,HARRIS,,,2026-10-09
TX:9011221-BB,EVOLVE REAL ESTATE LLC,,50,https://data.texas.gov/api/views/s7ft-44qi/rows.csv?accessType=DOWNLOAD,people = ACTIVE sales agents sponsored by the firm licence + its designated broker (other brokers are not linked in TX data),TX,,,,,DALLAS,,,2026-10-09
TX:9005445-BB,"TXDT, LLC",,39,https://data.texas.gov/api/views/s7ft-44qi/rows.csv?accessType=DOWNLOAD,people = ACTIVE sales agents sponsored by the firm licence + its designated broker (other brokers are not linked in TX data),TX,,,,,KENDALL,,,2026-10-09
TX:9015669-BB,SOUTH HOUSTON ENTERPRISES LLC,,54,https://data.texas.gov/api/views/s7ft-44qi/rows.csv?accessType=DOWNLOAD,people = ACTIVE sales agents sponsored by the firm licence + its designated broker (other brokers are not linked in TX data),TX,,,,,HARRIS,,,2026-10-09
TX:619452-B,LORI ANN FOWLER,,39,https://data.texas.gov/api/views/s7ft-44qi/rows.csv?accessType=DOWNLOAD,people = ACTIVE sales agents sponsored by the firm licence + its designated broker (other brokers are not linked in TX data),TX,,,,,PARKER,,,2026-10-09
TX:9002555-BB,"URIAH REAL ESTATE ORGANIZATION, LLC",,36,https://data.texas.gov/api/views/s7ft-44qi/rows.csv?accessType=DOWNLOAD,people = ACTIVE sales agents sponsored by the firm licence + its designated broker (other brokers are not linked in TX data),TX,,,,,BEXAR,,,2026-10-09
TX:9014999-BB,ONE PLACE LOCATORS LLC,,35,https://data.texas.gov/api/views/s7ft-44qi/rows.csv?accessType=DOWNLOAD,people = ACTIVE sales agents sponsored by the firm licence + its designated broker (other brokers are not linked in TX data),TX,,,,,TRAVIS,,,2026-10-09
TX:9006233-BB,"MMM & G UNIVERSAL, L.L.C.",,69,https://data.texas.gov/api/views/s7ft-44qi/rows.csv?accessType=DOWNLOAD,people = ACTIVE sales agents sponsored by the firm licence + its designated broker (other brokers are not linked in TX data),TX,,,,,HARRIS,,,2026-10-09
TX:9009932-BB,KIANI REALTY LLC,,46,https://data.texas.gov/api/views/s7ft-44qi/rows.csv?accessType=DOWNLOAD,people = ACTIVE sales agents sponsored by the firm licence + its designated broker (other brokers are not linked in TX data),TX,,,,,HARRIS,,,2026-10-09
TX:9016511-BB,"AEA REALTY, LLC",,73,https://data.texas.gov/api/views/s7ft-44qi/rows.csv?accessType=DOWNLOAD,people = ACTIVE sales agents sponsored by the firm licence + its designated broker (other brokers are not linked in TX data),TX,,,,,BRAZORIA,,,2026-10-09
TX:9014187-BB,WICKLIFFE & REICHENAU INVESTMENTS LLC,,35,https://data.texas.gov/api/views/s7ft-44qi/rows.csv?accessType=DOWNLOAD,people = ACTIVE sales agents sponsored by the firm licence + its designated broker (other brokers are not linked in TX data),TX,,,,,ELLIS,,,2026-10-09
TX:9007202-BB,THE REAL ESTATE RANCH LLC,,56,https://data.texas.gov/api/views/s7ft-44qi/rows.csv?accessType=DOWNLOAD,people = ACTIVE sales agents sponsored by the firm licence + its designated broker (other brokers are not linked in TX data),TX,,,,,MIDLAND,,,2026-10-09
TX:9005566-BB,"A & R SUCCESS, LLC",,73,https://data.texas.gov/api/views/s7ft-44qi/rows.csv?accessType=DOWNLOAD,people = ACTIVE sales agents sponsored by the firm licence + its designated broker (other brokers are not linked in TX data),TX,,,,,COLLIN,,,2026-10-09
TX:604727-BB,"UNITED INVESTEXUSA 3, LLC",,36,https://data.texas.gov/api/views/s7ft-44qi/rows.csv?accessType=DOWNLOAD,people = ACTIVE sales agents sponsored by the firm licence + its designated broker (other brokers are not linked in TX data),TX,,,,,HARRIS,,,2026-10-09
TX:9014930-BB,SAINT MOORE LLC,,41,https://data.texas.gov/api/views/s7ft-44qi/rows.csv?accessType=DOWNLOAD,people = ACTIVE sales agents sponsored by the firm licence + its designated broker (other brokers are not linked in TX data),TX,,,,,TARRANT,,,2026-10-09
TX:9004266-BB,"SATHER ENTERPRISES, LLC",,53,https://data.texas.gov/api/views/s7ft-44qi/rows.csv?accessType=DOWNLOAD,people = ACTIVE sales agents sponsored by the firm licence + its designated broker (other brokers are not linked in TX data),TX,,,,,EL PASO,,,2026-10-09
TX:9012433-BB,"HIGHER TECH REALTY TX, LLC",,56,https://data.texas.gov/api/views/s7ft-44qi/rows.csv?accessType=DOWNLOAD,people = ACTIVE sales agents sponsored by the firm licence + its designated broker (other brokers are not linked in TX data),TX,,,,,COLLIN,,,2026-10-09
TX:9012420-BB,JODEE KRUSE PROPERTY GROUP INC,,42,https://data.texas.gov/api/views/s7ft-44qi/rows.csv?accessType=DOWNLOAD,people = ACTIVE sales agents sponsored by the firm licence + its designated broker (other brokers are not linked in TX data),TX,,,,,FORT BEND,,,2026-10-09
TX:483887-BB,HORSESHOE BAY RESORT REALTY LLC,,42,https://data.texas.gov/api/views/s7ft-44qi/rows.csv?accessType=DOWNLOAD,people = ACTIVE sales agents sponsored by the firm licence + its designated broker (other brokers are not linked in TX data),TX,,,,,LLANO,,,2026-10-09
TX:334306-BB,"JACKSON & COOKSEY, INC.",,44,https://data.texas.gov/api/views/s7ft-44qi/rows.csv?accessType=DOWNLOAD,people = ACTIVE sales agents sponsored by the firm licence + its designated broker (other brokers are not linked in TX data),TX,,,,,DALLAS,,,2026-10-09
TX:9001525-BB,WHITE PICKET REALTY LLC,,44,https://data.texas.gov/api/views/s7ft-44qi/rows.csv?accessType=DOWNLOAD,people = ACTIVE sales agents sponsored by the firm licence + its designated broker (other brokers are not linked in TX data),TX,,,,,HARRIS,,,2026-10-09
TX:9004706-BB,"SANDS INVESTMENT GROUP AUSTIN, LLC",,37,https://data.texas.gov/api/views/s7ft-44qi/rows.csv?accessType=DOWNLOAD,people = ACTIVE sales agents sponsored by the firm licence + its designated broker (other brokers are not linked in TX data),TX,,,,,TRAVIS,,,2026-10-09
TX:9016179-BB,"PREMIER HAUS REALTY, LLC",,47,https://data.texas.gov/api/views/s7ft-44qi/rows.csv?accessType=DOWNLOAD,people = ACTIVE sales agents sponsored by the firm licence + its designated broker (other brokers are not linked in TX data),TX,,,,,HARRIS,,,2026-10-09
TX:9015076-BB,GULF COAST REGION ENTERPRISES LLC,,35,https://data.texas.gov/api/views/s7ft-44qi/rows.csv?accessType=DOWNLOAD,people = ACTIVE sales agents sponsored by the firm licence + its designated broker (other brokers are not linked in TX data),TX,,,,,HARRIS,,,2026-10-09
TX:9011769-BB,S T REALTY GROUP LLC,,53,https://data.texas.gov/api/views/s7ft-44qi/rows.csv?accessType=DOWNLOAD,people = ACTIVE sales agents sponsored by the firm licence + its designated broker (other brokers are not linked in TX data),TX,,,,,HARRIS,,,2026-10-09
TX:9012110-BB,"RESIDE LUBBOCK REAL ESTATE CO. , LLC",,65,https://data.texas.gov/api/views/s7ft-44qi/rows.csv?accessType=DOWNLOAD,people = ACTIVE sales agents sponsored by the firm licence + its designated broker (other brokers are not linked in TX data),TX,,,,,LUBBOCK,,,2026-10-09
TX:460560-B,LETITIA L HUGHES,,54,https://data.texas.gov/api/views/s7ft-44qi/rows.csv?accessType=DOWNLOAD,people = ACTIVE sales agents sponsored by the firm licence + its designated broker (other brokers are not linked in TX data),TX,,,,,DALLAS,,,2026-10-09
TX:559792-BB,"CATTELL REAL ESTATE GROUP, INC.",,41,https://data.texas.gov/api/views/s7ft-44qi/rows.csv?accessType=DOWNLOAD,people = ACTIVE sales agents sponsored by the firm licence + its designated broker (other brokers are not linked in TX data),TX,,,,,JEFFERSON,,,2026-10-09
TX:9004702-BB,"SU KAZA REALTY, LLC",,53,https://data.texas.gov/api/views/s7ft-44qi/rows.csv?accessType=DOWNLOAD,people = ACTIVE sales agents sponsored by the firm licence + its designated broker (other brokers are not linked in TX data),TX,,,,,TARRANT,,,2026-10-09
TX:9007174-BB,PAULY PRESLEY REALTY LLC,,37,https://data.texas.gov/api/views/s7ft-44qi/rows.csv?accessType=DOWNLOAD,people = ACTIVE sales agents sponsored by the firm licence + its designated broker (other brokers are not linked in TX data),TX,,,,,TRAVIS,,,2026-10-09
TX:431370-BB,"RICK CANUP, REALTORS, LTD.",,52,https://data.texas.gov/api/views/s7ft-44qi/rows.csv?accessType=DOWNLOAD,people = ACTIVE sales agents sponsored by the firm licence + its designated broker (other brokers are not linked in TX data),TX,,,,,LUBBOCK,,,2026-10-09
TX:9016597-BB,THE DWELLING COLLECTION LLC,,45,https://data.texas.gov/api/views/s7ft-44qi/rows.csv?accessType=DOWNLOAD,people = ACTIVE sales agents sponsored by the firm licence + its designated broker (other brokers are not linked in TX data),TX,,,,,TRAVIS,,,2026-10-09
TX:9009338-BB,B & W REALTY GROUP LLC,,60,https://data.texas.gov/api/views/s7ft-44qi/rows.csv?accessType=DOWNLOAD,people = ACTIVE sales agents sponsored by the firm licence + its designated broker (other brokers are not linked in TX data),TX,,,,,HARRIS,,,2026-10-09
TX:444488-B,CYNTHIA ANN KEY,,45,https://data.texas.gov/api/views/s7ft-44qi/rows.csv?accessType=DOWNLOAD,people = ACTIVE sales agents sponsored by the firm licence + its designated broker (other brokers are not linked in TX data),TX,,,,,HARRIS,,,2026-10-09
TX:9001003-BB,RL CAVE LLC,,66,https://data.texas.gov/api/views/s7ft-44qi/rows.csv?accessType=DOWNLOAD,people = ACTIVE sales agents sponsored by the firm licence + its designated broker (other brokers are not linked in TX data),TX,,,,,TRAVIS,,,2026-10-09
TX:9005459-BB,"WALLGOOD, LLC",,67,https://data.texas.gov/api/views/s7ft-44qi/rows.csv?accessType=DOWNLOAD,people = ACTIVE sales agents sponsored by the firm licence + its designated broker (other brokers are not linked in TX data),TX,,,,,HARRIS,,,2026-10-09
TX:420076-BB,"HOME ASSET, INC.",,47,https://data.texas.gov/api/views/s7ft-44qi/rows.csv?accessType=DOWNLOAD,people = ACTIVE sales agents sponsored by the firm licence + its designated broker (other brokers are not linked in TX data),TX,,,,,HARRIS,,,2026-10-09
TX:548174-BB,REYES CORNERSTONE REALTY LLC,,47,https://data.texas.gov/api/views/s7ft-44qi/rows.csv?accessType=DOWNLOAD,people = ACTIVE sales agents sponsored by the firm licence + its designated broker (other brokers are not linked in TX data),TX,,,,,EL PASO,,,2026-10-09
TX:9004068-BB,"3D REALTY AND PROPERTY MANAGEMENT, LLC",,50,https://data.texas.gov/api/views/s7ft-44qi/rows.csv?accessType=DOWNLOAD,people = ACTIVE sales agents sponsored by the firm licence + its designated broker (other brokers are not linked in TX data),TX,,,,,BEXAR,,,2026-10-09
TX:9010858-BB,SURGE REALTY LLC,,52,https://data.texas.gov/api/views/s7ft-44qi/rows.csv?accessType=DOWNLOAD,people = ACTIVE sales agents sponsored by the firm licence + its designated broker (other brokers are not linked in TX data),TX,,,,,,,,2026-10-09
TX:9013594-BB,THE AGENCY TEAM LLC,,48,https://data.texas.gov/api/views/s7ft-44qi/rows.csv?accessType=DOWNLOAD,people = ACTIVE sales agents sponsored by the firm licence + its designated broker (other brokers are not linked in TX data),TX,,,,,HARRIS,,,2026-10-09
TX:331008-B,THOMAS CURT CERVONE,,75,https://data.texas.gov/api/views/s7ft-44qi/rows.csv?accessType=DOWNLOAD,people = ACTIVE sales agents sponsored by the firm licence + its designated broker (other brokers are not linked in TX data),TX,,,,,HARRIS,,,2026-10-09
TX:9011600-BB,"LEGADO REAL ESTATE, LLC",,47,https://data.texas.gov/api/views/s7ft-44qi/rows.csv?accessType=DOWNLOAD,people = ACTIVE sales agents sponsored by the firm licence + its designated broker (other brokers are not linked in TX data),TX,,,,,MIDLAND,,,2026-10-09
TX:405391-BB,ROBERT LYNN COMPANY,,73,https://data.texas.gov/api/views/s7ft-44qi/rows.csv?accessType=DOWNLOAD,people = ACTIVE sales agents sponsored by the firm licence + its designated broker (other brokers are not linked in TX data),TX,,,,,DALLAS,,,2026-10-09
TX:9005265-BB,GREAT WALL REALTY LLC,,48,https://data.texas.gov/api/views/s7ft-44qi/rows.csv?accessType=DOWNLOAD,people = ACTIVE sales agents sponsored by the firm licence + its designated broker (other brokers are not linked in TX data),TX,,,,,HARRIS,,,2026-10-09
TX:9008831-BB,"PH PROSPERITY, INC",,53,https://data.texas.gov/api/views/s7ft-44qi/rows.csv?accessType=DOWNLOAD,people = ACTIVE sales agents sponsored by the firm licence + its designated broker (other brokers are not linked in TX data),TX,,,,,WILLIAMSON,,,2026-10-09
TX:9010079-BB,"DWELLINC, LLC",,41,https://data.texas.gov/api/views/s7ft-44qi/rows.csv?accessType=DOWNLOAD,people = ACTIVE sales agents sponsored by the firm licence + its designated broker (other brokers are not linked in TX data),TX,,,,,DALLAS,,,2026-10-09
TX:485811-BB,STEWART R KELLY REAL ESTATE INC,,64,https://data.texas.gov/api/views/s7ft-44qi/rows.csv?accessType=DOWNLOAD,people = ACTIVE sales agents sponsored by the firm licence + its designated broker (other brokers are not linked in TX data),TX,,,,,MCLENNAN,,,2026-10-09
TX:437028-B,RUDDY LEMAN PARISHER,,37,https://data.texas.gov/api/views/s7ft-44qi/rows.csv?accessType=DOWNLOAD,people = ACTIVE sales agents sponsored by the firm licence + its designated broker (other brokers are not linked in TX data),TX,,,,,HARRIS,,,2026-10-09
TX:9012509-BB,TRUST REAL ESTATE INC,,35,https://data.texas.gov/api/views/s7ft-44qi/rows.csv?accessType=DOWNLOAD,people = ACTIVE sales agents sponsored by the firm licence + its designated broker (other brokers are not linked in TX data),TX,,,,,HARRIS,,,2026-10-09
TX:485453-BB,"WAYNE MURRAY REALTORS, INC",,65,https://data.texas.gov/api/views/s7ft-44qi/rows.csv?accessType=DOWNLOAD,people = ACTIVE sales agents sponsored by the firm licence + its designated broker (other brokers are not linked in TX data),TX,,,,,HARRIS,,,2026-10-09
TX:9014580-BB,HDS LLC,,48,https://data.texas.gov/api/views/s7ft-44qi/rows.csv?accessType=DOWNLOAD,people = ACTIVE sales agents sponsored by the firm licence + its designated broker (other brokers are not linked in TX data),TX,,,,,COLLIN,,,2026-10-09
TX:9015758-BB,"IGNITE REAL ESTATE GROUP, LLC",,46,https://data.texas.gov/api/views/s7ft-44qi/rows.csv?accessType=DOWNLOAD,people = ACTIVE sales agents sponsored by the firm licence + its designated broker (other brokers are not linked in TX data),TX,,,,,SMITH,,,2026-10-09
TX:9007399-BB,SHARYLAND REAL ESTATE LLC,,71,https://data.texas.gov/api/views/s7ft-44qi/rows.csv?accessType=DOWNLOAD,people = ACTIVE sales agents sponsored by the firm licence + its designated broker (other brokers are not linked in TX data),TX,,,,,HIDALGO,,,2026-10-09
TX:9014479-BB,UNIVERSAL REALTY ENTERPRISE LLC,,43,https://data.texas.gov/api/views/s7ft-44qi/rows.csv?accessType=DOWNLOAD,people = ACTIVE sales agents sponsored by the firm licence + its designated broker (other brokers are not linked in TX data),TX,,,,,HARRIS,,,2026-10-09
TX:9002192-BB,J KRUEGER INC,,48,https://data.texas.gov/api/views/s7ft-44qi/rows.csv?accessType=DOWNLOAD,people = ACTIVE sales agents sponsored by the firm licence + its designated broker (other brokers are not linked in TX data),TX,,,,,HARRIS,,,2026-10-09
TX:9009342-BB,5X REALTY LLC,,51,https://data.texas.gov/api/views/s7ft-44qi/rows.csv?accessType=DOWNLOAD,people = ACTIVE sales agents sponsored by the firm licence + its designated broker (other brokers are not linked in TX data),TX,,,,,HARRIS,,,2026-10-09
TX:9014376-BB,"LEVITATE REAL ESTATE, LLC",,45,https://data.texas.gov/api/views/s7ft-44qi/rows.csv?accessType=DOWNLOAD,people = ACTIVE sales agents sponsored by the firm licence + its designated broker (other brokers are not linked in TX data),TX,,,,,MONTGOMERY,,,2026-10-09
TX:9010992-BB,"FUNK REALTY GROUP, LLC",,62,https://data.texas.gov/api/views/s7ft-44qi/rows.csv?accessType=DOWNLOAD,people = ACTIVE sales agents sponsored by the firm licence + its designated broker (other brokers are not linked in TX data),TX,,,,,COLLIN,,,2026-10-09
TX:402795-BB,WEITZMAN MANAGEMENT CORPORATION,,52,https://data.texas.gov/api/views/s7ft-44qi/rows.csv?accessType=DOWNLOAD,people = ACTIVE sales agents sponsored by the firm licence + its designated broker (other brokers are not linked in TX data),TX,,,,,DALLAS,,,2026-10-09
TX:9014546-BB,"LPT NETWORK REALTY, LLC",,61,https://data.texas.gov/api/views/s7ft-44qi/rows.csv?accessType=DOWNLOAD,people = ACTIVE sales agents sponsored by the firm licence + its designated broker (other brokers are not linked in TX data),TX,,,,,HARRIS,,,2026-10-09
TX:9004755-BB,"TOP FLIGHT PROPERTIES, LLC",,40,https://data.texas.gov/api/views/s7ft-44qi/rows.csv?accessType=DOWNLOAD,people = ACTIVE sales agents sponsored by the firm licence + its designated broker (other brokers are not linked in TX data),TX,,,,,LUBBOCK,,,2026-10-09
TX:9000689-BB,"REALTY RIGHT TEXAS, LLC",,41,https://data.texas.gov/api/views/s7ft-44qi/rows.csv?accessType=DOWNLOAD,people = ACTIVE sales agents sponsored by the firm licence + its designated broker (other brokers are not linked in TX data),TX,,,,,HARRIS,,,2026-10-09
TX:9013735-BB,"REALTY, INC",,69,https://data.texas.gov/api/views/s7ft-44qi/rows.csv?accessType=DOWNLOAD,people = ACTIVE sales agents sponsored by the firm licence + its designated broker (other brokers are not linked in TX data),TX,,,,,WILLIAMSON,,,2026-10-09
TX:9010184-BB,ELITE LIVING REALTY LLC,,38,https://data.texas.gov/api/views/s7ft-44qi/rows.csv?accessType=DOWNLOAD,people = ACTIVE sales agents sponsored by the firm licence + its designated broker (other brokers are not linked in TX data),TX,,,,,DALLAS,,,2026-10-09
TX:9013412-BB,"MODUS TEXAS, LLC",,44,https://data.texas.gov/api/views/s7ft-44qi/rows.csv?accessType=DOWNLOAD,people = ACTIVE sales agents sponsored by the firm licence + its designated broker (other brokers are not linked in TX data),TX,,,,,TRAVIS,,,2026-10-09
TX:9006870-BB,"OTRE GROUP, LLC",,64,https://data.texas.gov/api/views/s7ft-44qi/rows.csv?accessType=DOWNLOAD,people = ACTIVE sales agents sponsored by the firm licence + its designated broker (other brokers are not linked in TX data),TX,,,,,HAYS,,,2026-10-09
TX:544139-B,HUNG LONG NGUYEN,,35,https://data.texas.gov/api/views/s7ft-44qi/rows.csv?accessType=DOWNLOAD,people = ACTIVE sales agents sponsored by the firm licence + its designated broker (other brokers are not linked in TX data),TX,,,,,HARRIS,,,2026-10-09
TX:9000344-BB,"WESTMARK COMPANIES, LLC",,55,https://data.texas.gov/api/views/s7ft-44qi/rows.csv?accessType=DOWNLOAD,people = ACTIVE sales agents sponsored by the firm licence + its designated broker (other brokers are not linked in TX data),TX,,,,,LUBBOCK,,,2026-10-09
TX:512517-BB,"THE RETAIL CONNECTION GP, INC.",,46,https://data.texas.gov/api/views/s7ft-44qi/rows.csv?accessType=DOWNLOAD,people = ACTIVE sales agents sponsored by the firm licence + its designated broker (other brokers are not linked in TX data),TX,,,,,DALLAS,,,2026-10-09
TX:442682-B,ELRIDGE MARK GUILLORY,,35,https://data.texas.gov/api/views/s7ft-44qi/rows.csv?accessType=DOWNLOAD,people = ACTIVE sales agents sponsored by the firm licence + its designated broker (other brokers are not linked in TX data),TX,,,,,HARRIS,,,2026-10-09
TX:9008061-BB,STYLED REAL ESTATE LLC,,49,https://data.texas.gov/api/views/s7ft-44qi/rows.csv?accessType=DOWNLOAD,people = ACTIVE sales agents sponsored by the firm licence + its designated broker (other brokers are not linked in TX data),TX,,,,,MONTGOMERY,,,2026-10-09
TX:596469-BB,MARY LOU LYONS REALTORS INC,,38,https://data.texas.gov/api/views/s7ft-44qi/rows.csv?accessType=DOWNLOAD,people = ACTIVE sales agents sponsored by the firm licence + its designated broker (other brokers are not linked in TX data),TX,,,,,RANDALL,,,2026-10-09
TX:9002624-BB,"TEXAS URBAN LIVING REALTY, LLC",,46,https://data.texas.gov/api/views/s7ft-44qi/rows.csv?accessType=DOWNLOAD,people = ACTIVE sales agents sponsored by the firm licence + its designated broker (other brokers are not linked in TX data),TX,,,,,DALLAS,,,2026-10-09
TX:9015849-BB,"S. CROWE, LLC",,44,https://data.texas.gov/api/views/s7ft-44qi/rows.csv?accessType=DOWNLOAD,people = ACTIVE sales agents sponsored by the firm licence + its designated broker (other brokers are not linked in TX data),TX,,,,,WILLIAMSON,,,2026-10-09
TX:9000342-BB,"WAYNE NORCROSS ENTERPRISES, LLC",,41,https://data.texas.gov/api/views/s7ft-44qi/rows.csv?accessType=DOWNLOAD,people = ACTIVE sales agents sponsored by the firm licence + its designated broker (other brokers are not linked in TX data),TX,,,,,ELLIS,,,2026-10-09
TX:9013064-BB,"VALLEY GOLD INVESTMENTS, LLC",,39,https://data.texas.gov/api/views/s7ft-44qi/rows.csv?accessType=DOWNLOAD,people = ACTIVE sales agents sponsored by the firm licence + its designated broker (other brokers are not linked in TX data),TX,,,,,CAMERON,,,2026-10-09
TX:9009242-BB,"SEASON WARE ENTERPRISE, INC.",,60,https://data.texas.gov/api/views/s7ft-44qi/rows.csv?accessType=DOWNLOAD,people = ACTIVE sales agents sponsored by the firm licence + its designated broker (other brokers are not linked in TX data),TX,,,,,TARRANT,,,2026-10-09
TX:8999937-BB,DEN PROPERTY GROUP LLC,,37,https://data.texas.gov/api/views/s7ft-44qi/rows.csv?accessType=DOWNLOAD,people = ACTIVE sales agents sponsored by the firm licence + its designated broker (other brokers are not linked in TX data),TX,,,,,TRAVIS,,,2026-10-09
TX:9017168-BB,GLOBAL CAPITAL LEGACY VENTURES LLC,,58,https://data.texas.gov/api/views/s7ft-44qi/rows.csv?accessType=DOWNLOAD,people = ACTIVE sales agents sponsored by the firm licence + its designated broker (other brokers are not linked in TX data),TX,,,,,TRAVIS,,,2026-10-09
TX:9003340-BB,VESTA REAL ESTATE LLC,,49,https://data.texas.gov/api/views/s7ft-44qi/rows.csv?accessType=DOWNLOAD,people = ACTIVE sales agents sponsored by the firm licence + its designated broker (other brokers are not linked in TX data),TX,,,,,HARRIS,,,2026-10-09
TX:9006469-BB,THE STANDARD REALTY GROUP LLC,,59,https://data.texas.gov/api/views/s7ft-44qi/rows.csv?accessType=DOWNLOAD,people = ACTIVE sales agents sponsored by the firm licence + its designated broker (other brokers are not linked in TX data),TX,,,,,DALLAS,,,2026-10-09
TX:9015353-BB,"THE TRUSS COMPANY, LLC",,41,https://data.texas.gov/api/views/s7ft-44qi/rows.csv?accessType=DOWNLOAD,people = ACTIVE sales agents sponsored by the firm licence + its designated broker (other brokers are not linked in TX data),TX,,,,,VICTORIA,,,2026-10-09
TX:592774-BB,POWERSTAR REALTY PC,,39,https://data.texas.gov/api/views/s7ft-44qi/rows.csv?accessType=DOWNLOAD,people = ACTIVE sales agents sponsored by the firm licence + its designated broker (other brokers are not linked in TX data),TX,,,,,FL,,,2026-10-09
TX:558229-BB,"SKY REALTY, INC.",,65,https://data.texas.gov/api/views/s7ft-44qi/rows.csv?accessType=DOWNLOAD,people = ACTIVE sales agents sponsored by the firm licence + its designated broker (other brokers are not linked in TX data),TX,,,,,TRAVIS,,,2026-10-09
TX:9003638-BB,"EXPERT ENDEAVORS, LLC",,65,https://data.texas.gov/api/views/s7ft-44qi/rows.csv?accessType=DOWNLOAD,people = ACTIVE sales agents sponsored by the firm licence + its designated broker (other brokers are not linked in TX data),TX,,,,,TRAVIS,,,2026-10-09
TX:9004295-BB,TEXAS CONNECT REALTY LLC,,66,https://data.texas.gov/api/views/s7ft-44qi/rows.csv?accessType=DOWNLOAD,people = ACTIVE sales agents sponsored by the firm licence + its designated broker (other brokers are not linked in TX data),TX,,,,,TARRANT,,,2026-10-09
TX:9003751-BB,"BPS HOLDINGS, LLC",,45,https://data.texas.gov/api/views/s7ft-44qi/rows.csv?accessType=DOWNLOAD,people = ACTIVE sales agents sponsored by the firm licence + its designated broker (other brokers are not linked in TX data),TX,,,,,GREGG,,,2026-10-09
TX:315137-B,DAVID MICHAEL BOATNER,,37,https://data.texas.gov/api/views/s7ft-44qi/rows.csv?accessType=DOWNLOAD,people = ACTIVE sales agents sponsored by the firm licence + its designated broker (other brokers are not linked in TX data),TX,,,,,MONTGOMERY,,,2026-10-09
TX:9000471-BB,"SOUTHWEST REALTY ADVISORS, LLC",,35,https://data.texas.gov/api/views/s7ft-44qi/rows.csv?accessType=DOWNLOAD,people = ACTIVE sales agents sponsored by the firm licence + its designated broker (other brokers are not linked in TX data),TX,,,,,WILLIAMSON,,,2026-10-09
TX:9007557-BB,RMECC LLC,,39,https://data.texas.gov/api/views/s7ft-44qi/rows.csv?accessType=DOWNLOAD,people = ACTIVE sales agents sponsored by the firm licence + its designated broker (other brokers are not linked in TX data),TX,,,,,NUECES,,,2026-10-09
TX:9008842-BB,"BRADEN REAL ESTATE GROUP, LLC",,48,https://data.texas.gov/api/views/s7ft-44qi/rows.csv?accessType=DOWNLOAD,people = ACTIVE sales agents sponsored by the firm licence + its designated broker (other brokers are not linked in TX data),TX,,,,,HARRIS,,,2026-10-09
TX:9007750-BB,"1ST BROKER SPONSOR, LLC",,61,https://data.texas.gov/api/views/s7ft-44qi/rows.csv?accessType=DOWNLOAD,people = ACTIVE sales agents sponsored by the firm licence + its designated broker (other brokers are not linked in TX data),TX,,,,,BEXAR,,,2026-10-09
TX:156613-BB,SAVILLS INC,,45,https://data.texas.gov/api/views/s7ft-44qi/rows.csv?accessType=DOWNLOAD,people = ACTIVE sales agents sponsored by the firm licence + its designated broker (other brokers are not linked in TX data),TX,,,,,DALLAS,,,2026-10-09
TX:9001115-BB,"PARK CITIES PARTNERS, LLC",,52,https://data.texas.gov/api/views/s7ft-44qi/rows.csv?accessType=DOWNLOAD,people = ACTIVE sales agents sponsored by the firm licence + its designated broker (other brokers are not linked in TX data),TX,,,,,DALLAS,,,2026-10-09
TX:9004038-BB,"KIMBERLY ADAMS REALTY, LLC",,41,https://data.texas.gov/api/views/s7ft-44qi/rows.csv?accessType=DOWNLOAD,people = ACTIVE sales agents sponsored by the firm licence + its designated broker (other brokers are not linked in TX data),TX,,,,,DENTON,,,2026-10-09
TX:9007339-BB,"STOUT LINK, LLC",,37,https://data.texas.gov/api/views/s7ft-44qi/rows.csv?accessType=DOWNLOAD,people = ACTIVE sales agents sponsored by the firm licence + its designated broker (other brokers are not linked in TX data),TX,,,,,PARKER,,,2026-10-09
TX:537876-BB,HOMETOWN AMERICA INCORPORATED,,63,https://data.texas.gov/api/views/s7ft-44qi/rows.csv?accessType=DOWNLOAD,people = ACTIVE sales agents sponsored by the firm licence + its designated broker (other brokers are not linked in TX data),TX,,,,,FORT BEND,,,2026-10-09
TX:9012752-BB,SIGNATURE REAL ESTATE GROUP LLC,,61,https://data.texas.gov/api/views/s7ft-44qi/rows.csv?accessType=DOWNLOAD,people = ACTIVE sales agents sponsored by the firm licence + its designated broker (other brokers are not linked in TX data),TX,,,,,TARRANT,,,2026-10-09
TX:9015975-BB,PREMIER PROPERTIES REALTY GROUP TX LLC,,46,https://data.texas.gov/api/views/s7ft-44qi/rows.csv?accessType=DOWNLOAD,people = ACTIVE sales agents sponsored by the firm licence + its designated broker (other brokers are not linked in TX data),TX,,,,,COLLIN,,,2026-10-09
TX:586696-BB,NEWMARK REAL ESTATE OF DALLAS LLC,,61,https://data.texas.gov/api/views/s7ft-44qi/rows.csv?accessType=DOWNLOAD,people = ACTIVE sales agents sponsored by the firm licence + its designated broker (other brokers are not linked in TX data),TX,,,,,DALLAS,,,2026-10-09
TX:9003442-BB,STREAM REALTY PARTNERS-DFW LP,,73,https://data.texas.gov/api/views/s7ft-44qi/rows.csv?accessType=DOWNLOAD,people = ACTIVE sales agents sponsored by the firm licence + its designated broker (other brokers are not linked in TX data),TX,,,,,DALLAS,,,2026-10-09
TX:411921-BB,RGJ INC,,35,https://data.texas.gov/api/views/s7ft-44qi/rows.csv?accessType=DOWNLOAD,people = ACTIVE sales agents sponsored by the firm licence + its designated broker (other brokers are not linked in TX data),TX,,,,,RANDALL,,,2026-10-09
TX:477054-BB,"REALTY PARTNERS, INC.",,55,https://data.texas.gov/api/views/s7ft-44qi/rows.csv?accessType=DOWNLOAD,people = ACTIVE sales agents sponsored by the firm licence + its designated broker (other brokers are not linked in TX data),TX,,,,,MONTGOMERY,,,2026-10-09
TX:9001972-BB,FORE PREMIER PROPERTIES LLC,,71,https://data.texas.gov/api/views/s7ft-44qi/rows.csv?accessType=DOWNLOAD,people = ACTIVE sales agents sponsored by the firm licence + its designated broker (other brokers are not linked in TX data),TX,,,,,KERR,,,2026-10-09
TX:9003949-BB,"PCR BROKERAGE HOUSTON, LLC",,67,https://data.texas.gov/api/views/s7ft-44qi/rows.csv?accessType=DOWNLOAD,people = ACTIVE sales agents sponsored by the firm licence + its designated broker (other brokers are not linked in TX data),TX,,,,,HARRIS,,,2026-10-09
TX:405642-BB,"STANBERRY AND ASSOCIATES, INC",,48,https://data.texas.gov/api/views/s7ft-44qi/rows.csv?accessType=DOWNLOAD,people = ACTIVE sales agents sponsored by the firm licence + its designated broker (other brokers are not linked in TX data),TX,,,,,TRAVIS,,,2026-10-09
TX:568025-B,MIGUEL ANGEL GUTIERREZ,,44,https://data.texas.gov/api/views/s7ft-44qi/rows.csv?accessType=DOWNLOAD,people = ACTIVE sales agents sponsored by the firm licence + its designated broker (other brokers are not linked in TX data),TX,,,,,HARRIS,,,2026-10-09
TX:9002649-BB,ELEVATE REALTY GROUP INC,,35,https://data.texas.gov/api/views/s7ft-44qi/rows.csv?accessType=DOWNLOAD,people = ACTIVE sales agents sponsored by the firm licence + its designated broker (other brokers are not linked in TX data),TX,,,,,HOOD,,,2026-10-09
TX:9009519-BB,"AACG, LLC",,36,https://data.texas.gov/api/views/s7ft-44qi/rows.csv?accessType=DOWNLOAD,people = ACTIVE sales agents sponsored by the firm licence + its designated broker (other brokers are not linked in TX data),TX,,,,,MCLENNAN,,,2026-10-09
TX:9014956-BB,ANCHORED REAL ESTATE GROUP LLC,,46,https://data.texas.gov/api/views/s7ft-44qi/rows.csv?accessType=DOWNLOAD,people = ACTIVE sales agents sponsored by the firm licence + its designated broker (other brokers are not linked in TX data),TX,,,,,GALVESTON,,,2026-10-09
TX:9014077-BB,TEXAS LEGACY GROUP LLC,,52,https://data.texas.gov/api/views/s7ft-44qi/rows.csv?accessType=DOWNLOAD,people = ACTIVE sales agents sponsored by the firm licence + its designated broker (other brokers are not linked in TX data),TX,,,,,JOHNSON,,,2026-10-09
TX:9005004-BB,"KINGFAY, INC",,62,https://data.texas.gov/api/views/s7ft-44qi/rows.csv?accessType=DOWNLOAD,people = ACTIVE sales agents sponsored by the firm licence + its designated broker (other brokers are not linked in TX data),TX,,,,,FORT BEND,,,2026-10-09
TX:9006577-BB,"KKI VENTURES, INC.",,35,https://data.texas.gov/api/views/s7ft-44qi/rows.csv?accessType=DOWNLOAD,people = ACTIVE sales agents sponsored by the firm licence + its designated broker (other brokers are not linked in TX data),TX,,,,,BEXAR,,,2026-10-09
TX:547679-B,NATHAN BALDERAS,,44,https://data.texas.gov/api/views/s7ft-44qi/rows.csv?accessType=DOWNLOAD,people = ACTIVE sales agents sponsored by the firm licence + its designated broker (other brokers are not linked in TX data),TX,,,,,HARRIS,,,2026-10-09
TX:516014-B,AARON NICHOLAS CANTU,,54,https://data.texas.gov/api/views/s7ft-44qi/rows.csv?accessType=DOWNLOAD,people = ACTIVE sales agents sponsored by the firm licence + its designated broker (other brokers are not linked in TX data),TX,,,,,HIDALGO,,,2026-10-09
TX:8999948-BB,"AVANTI CAPITAL MANAGEMENT, LLC",,50,https://data.texas.gov/api/views/s7ft-44qi/rows.csv?accessType=DOWNLOAD,people = ACTIVE sales agents sponsored by the firm licence + its designated broker (other brokers are not linked in TX data),TX,,,,,HARRIS,,,2026-10-09
TX:422284-BB,HBO SOUTHERN HOMES INC,,62,https://data.texas.gov/api/views/s7ft-44qi/rows.csv?accessType=DOWNLOAD,people = ACTIVE sales agents sponsored by the firm licence + its designated broker (other brokers are not linked in TX data),TX,,,,,JEFFERSON,,,2026-10-09
TX:9008443-BB,"GO LFRO, LLC",,57,https://data.texas.gov/api/views/s7ft-44qi/rows.csv?accessType=DOWNLOAD,people = ACTIVE sales agents sponsored by the firm licence + its designated broker (other brokers are not linked in TX data),TX,,,,,DALLAS,,,2026-10-09
TX:279292-BB,REPROM INC,,56,https://data.texas.gov/api/views/s7ft-44qi/rows.csv?accessType=DOWNLOAD,people = ACTIVE sales agents sponsored by the firm licence + its designated broker (other brokers are not linked in TX data),TX,,,,,COLLIN,,,2026-10-09
TX:9001486-BB,"YOUNGER PARTNERS DALLAS, LLC",,41,https://data.texas.gov/api/views/s7ft-44qi/rows.csv?accessType=DOWNLOAD,people = ACTIVE sales agents sponsored by the firm licence + its designated broker (other brokers are not linked in TX data),TX,,,,,DALLAS,,,2026-10-09
TX:539679-BB,FOR YOUR INVESTMENT REALTY LLC,,55,https://data.texas.gov/api/views/s7ft-44qi/rows.csv?accessType=DOWNLOAD,people = ACTIVE sales agents sponsored by the firm licence + its designated broker (other brokers are not linked in TX data),TX,,,,,HARRIS,,,2026-10-09
TX:476641-BB,"VENTURE COMMERCIAL REAL ESTATE, LLC",,36,https://data.texas.gov/api/views/s7ft-44qi/rows.csv?accessType=DOWNLOAD,people = ACTIVE sales agents sponsored by the firm licence + its designated broker (other brokers are not linked in TX data),TX,,,,,DALLAS,,,2026-10-09
TX:475259-BB,THE WOODLANDS & SPRING REALTY INC,,62,https://data.texas.gov/api/views/s7ft-44qi/rows.csv?accessType=DOWNLOAD,people = ACTIVE sales agents sponsored by the firm licence + its designated broker (other brokers are not linked in TX data),TX,,,,,MONTGOMERY,,,2026-10-09
TX:566433-BB,BRIGGS/FREEMAN RESOURCE COMPANY,,36,https://data.texas.gov/api/views/s7ft-44qi/rows.csv?accessType=DOWNLOAD,people = ACTIVE sales agents sponsored by the firm licence + its designated broker (other brokers are not linked in TX data),TX,,,,,DALLAS,,,2026-10-09
TX:554627-BB,"STRIBLING INVESTMENTS, LLC",,37,https://data.texas.gov/api/views/s7ft-44qi/rows.csv?accessType=DOWNLOAD,people = ACTIVE sales agents sponsored by the firm licence + its designated broker (other brokers are not linked in TX data),TX,,,,,WILLIAMSON,,,2026-10-09
TX:9012816-BB,PLATINUM PROPERTIES LJTX PLLC,,40,https://data.texas.gov/api/views/s7ft-44qi/rows.csv?accessType=DOWNLOAD,people = ACTIVE sales agents sponsored by the firm licence + its designated broker (other brokers are not linked in TX data),TX,,,,,BRAZORIA,,,2026-10-09
TX:9008358-BB,CITIWIDE ALLIANCE REALTY LLC,,49,https://data.texas.gov/api/views/s7ft-44qi/rows.csv?accessType=DOWNLOAD,people = ACTIVE sales agents sponsored by the firm licence + its designated broker (other brokers are not linked in TX data),TX,,,,,DALLAS,,,2026-10-09
TX:667502-B,MARIO OSVALDO AYALA,,35,https://data.texas.gov/api/views/s7ft-44qi/rows.csv?accessType=DOWNLOAD,people = ACTIVE sales agents sponsored by the firm licence + its designated broker (other brokers are not linked in TX data),TX,,,,,EL PASO,,,2026-10-09
TX:9003718-BB,GO SPRING BRANCH LLC,,61,https://data.texas.gov/api/views/s7ft-44qi/rows.csv?accessType=DOWNLOAD,people = ACTIVE sales agents sponsored by the firm licence + its designated broker (other brokers are not linked in TX data),TX,,,,,HARRIS,,,2026-10-09
TX:9014211-BB,OTT GROUP FAMILY REAL ESTATE SERVICES LLC,,38,https://data.texas.gov/api/views/s7ft-44qi/rows.csv?accessType=DOWNLOAD,people = ACTIVE sales agents sponsored by the firm licence + its designated broker (other brokers are not linked in TX data),TX,,,,,CORYELL,,,2026-10-09
TX:426847-BB,"RMN PARTNERS, INC.",,58,https://data.texas.gov/api/views/s7ft-44qi/rows.csv?accessType=DOWNLOAD,people = ACTIVE sales agents sponsored by the firm licence + its designated broker (other brokers are not linked in TX data),TX,,,,,HARRIS,,,2026-10-09
TX:9013608-BB,MONICA ALFONSO LLC,,45,https://data.texas.gov/api/views/s7ft-44qi/rows.csv?accessType=DOWNLOAD,people = ACTIVE sales agents sponsored by the firm licence + its designated broker (other brokers are not linked in TX data),TX,,,,,BEXAR,,,2026-10-09
TX:9012392-BB,"KEEPING IT REALTY, LLC",,38,https://data.texas.gov/api/views/s7ft-44qi/rows.csv?accessType=DOWNLOAD,people = ACTIVE sales agents sponsored by the firm licence + its designated broker (other brokers are not linked in TX data),TX,,,,,BEXAR,,,2026-10-09
TX:380948-BB,"SANDY MESSER AND ASSOCIATES, INC",,40,https://data.texas.gov/api/views/s7ft-44qi/rows.csv?accessType=DOWNLOAD,people = ACTIVE sales agents sponsored by the firm licence + its designated broker (other brokers are not linked in TX data),TX,,,,,EL PASO,,,2026-10-09
TX:9002956-BB,"ZARCO PROPERTIES, LLC",,56,https://data.texas.gov/api/views/s7ft-44qi/rows.csv?accessType=DOWNLOAD,people = ACTIVE sales agents sponsored by the firm licence + its designated broker (other brokers are not linked in TX data),TX,,,,,MONTGOMERY,,,2026-10-09
TX:9010792-BB,"THE RIGHT MOVE REAL ESTATE GROUP, LLC",,39,https://data.texas.gov/api/views/s7ft-44qi/rows.csv?accessType=DOWNLOAD,people = ACTIVE sales agents sponsored by the firm licence + its designated broker (other brokers are not linked in TX data),TX,,,,,EL PASO,,,2026-10-09
TX:460158-B,BILL DAYNE BALDWIN,,47,https://data.texas.gov/api/views/s7ft-44qi/rows.csv?accessType=DOWNLOAD,people = ACTIVE sales agents sponsored by the firm licence + its designated broker (other brokers are not linked in TX data),TX,,,,,HARRIS,,,2026-10-09
TX:9002881-BB,LESLIE CAIN REALTY LLC,,46,https://data.texas.gov/api/views/s7ft-44qi/rows.csv?accessType=DOWNLOAD,people = ACTIVE sales agents sponsored by the firm licence + its designated broker (other brokers are not linked in TX data),TX,,,,,SMITH,,,2026-10-09
TX:596018-BB,"LONE STAR REALTORS, PLLC",,69,https://data.texas.gov/api/views/s7ft-44qi/rows.csv?accessType=DOWNLOAD,people = ACTIVE sales agents sponsored by the firm licence + its designated broker (other brokers are not linked in TX data),TX,,,,,HARRIS,,,2026-10-09
TX:9002835-BB,"SHOP CONCEPTS, LLC",,51,https://data.texas.gov/api/views/s7ft-44qi/rows.csv?accessType=DOWNLOAD,people = ACTIVE sales agents sponsored by the firm licence + its designated broker (other brokers are not linked in TX data),TX,,,,,DALLAS,,,2026-10-09
TX:9010700-BB,"TRI-W, LLC",,56,https://data.texas.gov/api/views/s7ft-44qi/rows.csv?accessType=DOWNLOAD,people = ACTIVE sales agents sponsored by the firm licence + its designated broker (other brokers are not linked in TX data),TX,,,,,SMITH,,,2026-10-09
TX:9008479-BB,"STRIDE REAL ESTATE, LLC",,38,https://data.texas.gov/api/views/s7ft-44qi/rows.csv?accessType=DOWNLOAD,people = ACTIVE sales agents sponsored by the firm licence + its designated broker (other brokers are not linked in TX data),TX,,,,,COLLIN,,,2026-10-09
TX:423517-BB,TOPGUNS LAND COMPANY,,60,https://data.texas.gov/api/views/s7ft-44qi/rows.csv?accessType=DOWNLOAD,people = ACTIVE sales agents sponsored by the firm licence + its designated broker (other brokers are not linked in TX data),TX,,,,,MONTGOMERY,,,2026-10-09
TX:9001349-BB,RRR-STX LLC,,55,https://data.texas.gov/api/views/s7ft-44qi/rows.csv?accessType=DOWNLOAD,people = ACTIVE sales agents sponsored by the firm licence + its designated broker (other brokers are not linked in TX data),TX,,,,,COMAL,,,2026-10-09
TX:9003514-BB,GOODWIN REFERRAL NETWORK INC,,35,https://data.texas.gov/api/views/s7ft-44qi/rows.csv?accessType=DOWNLOAD,people = ACTIVE sales agents sponsored by the firm licence + its designated broker (other brokers are not linked in TX data),TX,,,,,TRAVIS,,,2026-10-09
TX:432317-BB,"BERNSTEIN REALTY, INC.",,38,https://data.texas.gov/api/views/s7ft-44qi/rows.csv?accessType=DOWNLOAD,people = ACTIVE sales agents sponsored by the firm licence + its designated broker (other brokers are not linked in TX data),TX,,,,,HARRIS,,,2026-10-09
TX:584735-BB,"BROOKS & DAVIS REAL ESTATE FIRM, LLC",,41,https://data.texas.gov/api/views/s7ft-44qi/rows.csv?accessType=DOWNLOAD,people = ACTIVE sales agents sponsored by the firm licence + its designated broker (other brokers are not linked in TX data),TX,,,,,HARRIS,,,2026-10-09
TX:451636-BB,NEW BEDFORD COMPANY INC,,44,https://data.texas.gov/api/views/s7ft-44qi/rows.csv?accessType=DOWNLOAD,people = ACTIVE sales agents sponsored by the firm licence + its designated broker (other brokers are not linked in TX data),TX,,,,,BEXAR,,,2026-10-09
TX:601083-BB,"CARRINGTON REAL ESTATE SERVICES (US), LLC",,73,https://data.texas.gov/api/views/s7ft-44qi/rows.csv?accessType=DOWNLOAD,people = ACTIVE sales agents sponsored by the firm licence + its designated broker (other brokers are not linked in TX data),TX,,,,,TRAVIS,,,2026-10-09
TX:9011276-BB,"3C, LLC",,40,https://data.texas.gov/api/views/s7ft-44qi/rows.csv?accessType=DOWNLOAD,people = ACTIVE sales agents sponsored by the firm licence + its designated broker (other brokers are not linked in TX data),TX,,,,,FORT BEND,,,2026-10-09
TX:9006309-BB,"POTEET LEGACY, LLC",,58,https://data.texas.gov/api/views/s7ft-44qi/rows.csv?accessType=DOWNLOAD,people = ACTIVE sales agents sponsored by the firm licence + its designated broker (other brokers are not linked in TX data),TX,,,,,HARRIS,,,2026-10-09
TX:9000417-BB,"KELLY SIMON PROPERTIES, LLC",,39,https://data.texas.gov/api/views/s7ft-44qi/rows.csv?accessType=DOWNLOAD,people = ACTIVE sales agents sponsored by the firm licence + its designated broker (other brokers are not linked in TX data),TX,,,,,HARRIS,,,2026-10-09
TX:9009621-BB,AGENT CONNECT LLC,,43,https://data.texas.gov/api/views/s7ft-44qi/rows.csv?accessType=DOWNLOAD,people = ACTIVE sales agents sponsored by the firm licence + its designated broker (other brokers are not linked in TX data),TX,,,,,HARRIS,,,2026-10-09
TX:9002926-BB,"MAYBEN REALTY, LLC",,52,https://data.texas.gov/api/views/s7ft-44qi/rows.csv?accessType=DOWNLOAD,people = ACTIVE sales agents sponsored by the firm licence + its designated broker (other brokers are not linked in TX data),TX,,,,,TITUS,,,2026-10-09
TX:9011726-BB,R2 REALTY LLC,,48,https://data.texas.gov/api/views/s7ft-44qi/rows.csv?accessType=DOWNLOAD,people = ACTIVE sales agents sponsored by the firm licence + its designated broker (other brokers are not linked in TX data),TX,,,,,DENTON,,,2026-10-09
TX:519938-B,LUIS LIVAN MARTINEZ,,71,https://data.texas.gov/api/views/s7ft-44qi/rows.csv?accessType=DOWNLOAD,people = ACTIVE sales agents sponsored by the firm licence + its designated broker (other brokers are not linked in TX data),TX,,,,,DALLAS,,,2026-10-09
TX:9005504-BB,"EXPERIENCE NETWORK, LLC",,69,https://data.texas.gov/api/views/s7ft-44qi/rows.csv?accessType=DOWNLOAD,people = ACTIVE sales agents sponsored by the firm licence + its designated broker (other brokers are not linked in TX data),TX,,,,,MONTGOMERY,,,2026-10-09
TX:9004799-BB,MIH REALTY LLC,,58,https://data.texas.gov/api/views/s7ft-44qi/rows.csv?accessType=DOWNLOAD,people = ACTIVE sales agents sponsored by the firm licence + its designated broker (other brokers are not linked in TX data),TX,,,,,FORT BEND,,,2026-10-09
TX:9009478-BB,LEAGUE REAL ESTATE JOHNSON COUNTY INC.,,42,https://data.texas.gov/api/views/s7ft-44qi/rows.csv?accessType=DOWNLOAD,people = ACTIVE sales agents sponsored by the firm licence + its designated broker (other brokers are not linked in TX data),TX,,,,,JOHNSON,,,2026-10-09
TX:9000631-BB,BENTWOOD REALTY LLC,,49,https://data.texas.gov/api/views/s7ft-44qi/rows.csv?accessType=DOWNLOAD,people = ACTIVE sales agents sponsored by the firm licence + its designated broker (other brokers are not linked in TX data),TX,,,,,MCLENNAN,,,2026-10-09
TX:9011772-BB,"SMART REFERRAL NETWORK, L.L.C.",,72,https://data.texas.gov/api/views/s7ft-44qi/rows.csv?accessType=DOWNLOAD,people = ACTIVE sales agents sponsored by the firm licence + its designated broker (other brokers are not linked in TX data),TX,,,,,HARRIS,,,2026-10-09
TX:9003726-BB,"PROMPT REALTY AND MORTGAGE, INC.",,41,https://data.texas.gov/api/views/s7ft-44qi/rows.csv?accessType=DOWNLOAD,people = ACTIVE sales agents sponsored by the firm licence + its designated broker (other brokers are not linked in TX data),TX,,,,,FORT BEND,,,2026-10-09
TX:29114-BB,"COLLIERS INTERNATIONAL HOUSTON, INC.",,70,https://data.texas.gov/api/views/s7ft-44qi/rows.csv?accessType=DOWNLOAD,people = ACTIVE sales agents sponsored by the firm licence + its designated broker (other brokers are not linked in TX data),TX,,,,,HARRIS,,,2026-10-09
TX:9002611-BB,"BURT LADNER REAL ESTATE, LLC",,44,https://data.texas.gov/api/views/s7ft-44qi/rows.csv?accessType=DOWNLOAD,people = ACTIVE sales agents sponsored by the firm licence + its designated broker (other brokers are not linked in TX data),TX,,,,,TARRANT,,,2026-10-09
TX:9014560-BB,ALL CITY SAN ANTONIO REGISTERED SERIES,,72,https://data.texas.gov/api/views/s7ft-44qi/rows.csv?accessType=DOWNLOAD,people = ACTIVE sales agents sponsored by the firm licence + its designated broker (other brokers are not linked in TX data),TX,,,,,BEXAR,,,2026-10-09
TX:9006010-BB,"JERRY FULLERTON REALTY, INC",,73,https://data.texas.gov/api/views/s7ft-44qi/rows.csv?accessType=DOWNLOAD,people = ACTIVE sales agents sponsored by the firm licence + its designated broker (other brokers are not linked in TX data),TX,,,,,HARRIS,,,2026-10-09
TX:9012128-BB,"SMART CITY REALTY, LLC",,61,https://data.texas.gov/api/views/s7ft-44qi/rows.csv?accessType=DOWNLOAD,people = ACTIVE sales agents sponsored by the firm licence + its designated broker (other brokers are not linked in TX data),TX,,,,,TRAVIS,,,2026-10-09
TX:9005507-BB,6TH AVE HOMES LLC,,46,https://data.texas.gov/api/views/s7ft-44qi/rows.csv?accessType=DOWNLOAD,people = ACTIVE sales agents sponsored by the firm licence + its designated broker (other brokers are not linked in TX data),TX,,,,,TARRANT,,,2026-10-09
TX:9009167-BB,JASON MITCHELL REAL ESTATE TEXAS LLC,,65,https://data.texas.gov/api/views/s7ft-44qi/rows.csv?accessType=DOWNLOAD,people = ACTIVE sales agents sponsored by the firm licence + its designated broker (other brokers are not linked in TX data),TX,,,,,TARRANT,,,2026-10-09
TX:9009647-BB,FULL CIRCLE TEXAS LLC,,41,https://data.texas.gov/api/views/s7ft-44qi/rows.csv?accessType=DOWNLOAD,people = ACTIVE sales agents sponsored by the firm licence + its designated broker (other brokers are not linked in TX data),TX,,,,,HARRIS,,,2026-10-09
TX:9010999-BB,CB&A REFERRAL AGENCY LLC,,38,https://data.texas.gov/api/views/s7ft-44qi/rows.csv?accessType=DOWNLOAD,people = ACTIVE sales agents sponsored by the firm licence + its designated broker (other brokers are not linked in TX data),TX,,,,,HARRIS,,,2026-10-09
TX:9003612-BB,TRINITY TEXAS REALTY INC,,37,https://data.texas.gov/api/views/s7ft-44qi/rows.csv?accessType=DOWNLOAD,people = ACTIVE sales agents sponsored by the firm licence + its designated broker (other brokers are not linked in TX data),TX,,,,,WILLIAMSON,,,2026-10-09
TX:380940-BB,"LINCOLN PROPERTY COMPANY COMMERCIAL, INC.",,39,https://data.texas.gov/api/views/s7ft-44qi/rows.csv?accessType=DOWNLOAD,people = ACTIVE sales agents sponsored by the firm licence + its designated broker (other brokers are not linked in TX data),TX,,,,,DALLAS,,,2026-10-09
TX:537407-BB,"AAXY SERVICES, LLC",,35,https://data.texas.gov/api/views/s7ft-44qi/rows.csv?accessType=DOWNLOAD,people = ACTIVE sales agents sponsored by the firm licence + its designated broker (other brokers are not linked in TX data),TX,,,,,WILLIAMSON,,,2026-10-09
TX:9000612-BB,"REPUBLIC RANCHES, LLC",,39,https://data.texas.gov/api/views/s7ft-44qi/rows.csv?accessType=DOWNLOAD,people = ACTIVE sales agents sponsored by the firm licence + its designated broker (other brokers are not linked in TX data),TX,,,,,DALLAS,,,2026-10-09
TX:449303-B,ZI SHUN WANG,,70,https://data.texas.gov/api/views/s7ft-44qi/rows.csv?accessType=DOWNLOAD,people = ACTIVE sales agents sponsored by the firm licence + its designated broker (other brokers are not linked in TX data),TX,,,,,COLLIN,,,2026-10-09
TX:9005533-BB,"MITCHELL REALTY, LLC",,40,https://data.texas.gov/api/views/s7ft-44qi/rows.csv?accessType=DOWNLOAD,people = ACTIVE sales agents sponsored by the firm licence + its designated broker (other brokers are not linked in TX data),TX,,,,,BEXAR,,,2026-10-09
TX:9007429-BB,WHITE LINE REALTY LLC,,57,https://data.texas.gov/api/views/s7ft-44qi/rows.csv?accessType=DOWNLOAD,people = ACTIVE sales agents sponsored by the firm licence + its designated broker (other brokers are not linked in TX data),TX,,,,,BEXAR,,,2026-10-09
TX:538208-BB,TEXAS PROPERTY BROKERS LLC,,39,https://data.texas.gov/api/views/s7ft-44qi/rows.csv?accessType=DOWNLOAD,people = ACTIVE sales agents sponsored by the firm licence + its designated broker (other brokers are not linked in TX data),TX,,,,,TARRANT,,,2026-10-09
TX:466341-B,KUROSH BIAN,,40,https://data.texas.gov/api/views/s7ft-44qi/rows.csv?accessType=DOWNLOAD,people = ACTIVE sales agents sponsored by the firm licence + its designated broker (other brokers are not linked in TX data),TX,,,,,COLLIN,,,2026-10-09
TX:542739-BB,"TEXAS RANCH SALES, LLC",,37,https://data.texas.gov/api/views/s7ft-44qi/rows.csv?accessType=DOWNLOAD,people = ACTIVE sales agents sponsored by the firm licence + its designated broker (other brokers are not linked in TX data),TX,,,,,MEDINA,,,2026-10-09
TX:427182-BB,"HARPER REFERRALS, INC",,55,https://data.texas.gov/api/views/s7ft-44qi/rows.csv?accessType=DOWNLOAD,people = ACTIVE sales agents sponsored by the firm licence + its designated broker (other brokers are not linked in TX data),TX,,,,,BEXAR,,,2026-10-09
TX:493739-BB,"WOLDERT-MCCAIN REALTORS, LLC",,36,https://data.texas.gov/api/views/s7ft-44qi/rows.csv?accessType=DOWNLOAD,people = ACTIVE sales agents sponsored by the firm licence + its designated broker (other brokers are not linked in TX data),TX,,,,,SMITH,,,2026-10-09
TX:515642-BB,SIGMA RELOCATION GROUP LLC,,71,https://data.texas.gov/api/views/s7ft-44qi/rows.csv?accessType=DOWNLOAD,people = ACTIVE sales agents sponsored by the firm licence + its designated broker (other brokers are not linked in TX data),TX,,,,,DALLAS,,,2026-10-09
TX:381431-B,CAMILLE BOSTICK JOHNSON,,42,https://data.texas.gov/api/views/s7ft-44qi/rows.csv?accessType=DOWNLOAD,people = ACTIVE sales agents sponsored by the firm licence + its designated broker (other brokers are not linked in TX data),TX,,,,,MCLENNAN,,,2026-10-09
TX:9001066-BB,"GROVE REALTY TEAM, LLC",,41,https://data.texas.gov/api/views/s7ft-44qi/rows.csv?accessType=DOWNLOAD,people = ACTIVE sales agents sponsored by the firm licence + its designated broker (other brokers are not linked in TX data),TX,,,,,CAMERON,,,2026-10-09
TX:9004478-BB,"R. ALEXA GROUP, LLC",,42,https://data.texas.gov/api/views/s7ft-44qi/rows.csv?accessType=DOWNLOAD,people = ACTIVE sales agents sponsored by the firm licence + its designated broker (other brokers are not linked in TX data),TX,,,,,HARRIS,,,2026-10-09
TX:9002794-BB,"31 REALTY, LLC",,39,https://data.texas.gov/api/views/s7ft-44qi/rows.csv?accessType=DOWNLOAD,people = ACTIVE sales agents sponsored by the firm licence + its designated broker (other brokers are not linked in TX data),TX,,,,,COLLIN,,,2026-10-09
TX:9002900-BB,MARTHA TURNER SOTHEBY'S INTERNATIONAL REALTY REFERRAL COMPANY LL,,42,https://data.texas.gov/api/views/s7ft-44qi/rows.csv?accessType=DOWNLOAD,people = ACTIVE sales agents sponsored by the firm licence + its designated broker (other brokers are not linked in TX data),TX,,,,,HARRIS,,,2026-10-09
TX:9008104-BB,"HOUSE BROKERAGE, LLC",,35,https://data.texas.gov/api/views/s7ft-44qi/rows.csv?accessType=DOWNLOAD,people = ACTIVE sales agents sponsored by the firm licence + its designated broker (other brokers are not linked in TX data),TX,,,,,TARRANT,,,2026-10-09
TX:569020-BB,"GALLERIA REALTY HOLDINGS, LLC",,52,https://data.texas.gov/api/views/s7ft-44qi/rows.csv?accessType=DOWNLOAD,people = ACTIVE sales agents sponsored by the firm licence + its designated broker (other brokers are not linked in TX data),TX,,,,,HARRIS,,,2026-10-09
TX:599457-BB,GHARBIEH & ASSOCIATES LLC,,37,https://data.texas.gov/api/views/s7ft-44qi/rows.csv?accessType=DOWNLOAD,people = ACTIVE sales agents sponsored by the firm licence + its designated broker (other brokers are not linked in TX data),TX,,,,,DALLAS,,,2026-10-09
TX:528222-BB,UNIVERSAL REALTY INC.,,72,https://data.texas.gov/api/views/s7ft-44qi/rows.csv?accessType=DOWNLOAD,people = ACTIVE sales agents sponsored by the firm licence + its designated broker (other brokers are not linked in TX data),TX,,,,,TARRANT,,,2026-10-09
TX:9000015-BB,LINCOLN PROPERTY COMPANY COMMERCIAL SERVICE ENTERPRISES LLC,,36,https://data.texas.gov/api/views/s7ft-44qi/rows.csv?accessType=DOWNLOAD,people = ACTIVE sales agents sponsored by the firm licence + its designated broker (other brokers are not linked in TX data),TX,,,,,DALLAS,,,2026-10-09
TX:9003566-BB,L.W. SUMMERS REAL ESTATE GROUP INC,,37,https://data.texas.gov/api/views/s7ft-44qi/rows.csv?accessType=DOWNLOAD,people = ACTIVE sales agents sponsored by the firm licence + its designated broker (other brokers are not linked in TX data),TX,,,,,GREGG,,,2026-10-09
TX:9007760-BB,"LEGACY HOMES & PROPERTIES, L.L.C.",,37,https://data.texas.gov/api/views/s7ft-44qi/rows.csv?accessType=DOWNLOAD,people = ACTIVE sales agents sponsored by the firm licence + its designated broker (other brokers are not linked in TX data),TX,,,,,HARRIS,,,2026-10-09
TX:9000282-BB,AES INVESTMENTS LLC,,64,https://data.texas.gov/api/views/s7ft-44qi/rows.csv?accessType=DOWNLOAD,people = ACTIVE sales agents sponsored by the firm licence + its designated broker (other brokers are not linked in TX data),TX,,,,,HARRIS,,,2026-10-09
TX:9010309-BB,MTAC REAL ESTATE LLC,,40,https://data.texas.gov/api/views/s7ft-44qi/rows.csv?accessType=DOWNLOAD,people = ACTIVE sales agents sponsored by the firm licence + its designated broker (other brokers are not linked in TX data),TX,,,,,TARRANT,,,2026-10-09
TX:567709-BB,FJJ INC,,36,https://data.texas.gov/api/views/s7ft-44qi/rows.csv?accessType=DOWNLOAD,people = ACTIVE sales agents sponsored by the firm licence + its designated broker (other brokers are not linked in TX data),TX,,,,,COLLIN,,,2026-10-09
TX:9008481-BB,TRUHOME REAL ESTATE LLC,,42,https://data.texas.gov/api/views/s7ft-44qi/rows.csv?accessType=DOWNLOAD,people = ACTIVE sales agents sponsored by the firm licence + its designated broker (other brokers are not linked in TX data),TX,,,,,COLLIN,,,2026-10-09
TX:9003247-BB,SKSRE HOLDINGS LLC,,47,https://data.texas.gov/api/views/s7ft-44qi/rows.csv?accessType=DOWNLOAD,people = ACTIVE sales agents sponsored by the firm licence + its designated broker (other brokers are not linked in TX data),TX,,,,,TARRANT,,,2026-10-09
TX:9001040-BB,"ETZEL ENTERPRISES, LLC",,44,https://data.texas.gov/api/views/s7ft-44qi/rows.csv?accessType=DOWNLOAD,people = ACTIVE sales agents sponsored by the firm licence + its designated broker (other brokers are not linked in TX data),TX,,,,,TARRANT,,,2026-10-09
TX:9011027-BB,RUBIOLA REALTY LTD,,35,https://data.texas.gov/api/views/s7ft-44qi/rows.csv?accessType=DOWNLOAD,people = ACTIVE sales agents sponsored by the firm licence + its designated broker (other brokers are not linked in TX data),TX,,,,,BEXAR,,,2026-10-09
TX:444280-B,JOACHIM TIEN VU,,46,https://data.texas.gov/api/views/s7ft-44qi/rows.csv?accessType=DOWNLOAD,people = ACTIVE sales agents sponsored by the firm licence + its designated broker (other brokers are not linked in TX data),TX,,,,,HARRIS,,,2026-10-09
TX:563119-BB,"GREENWOOD KING REFERRALS, LLC",,38,https://data.texas.gov/api/views/s7ft-44qi/rows.csv?accessType=DOWNLOAD,people = ACTIVE sales agents sponsored by the firm licence + its designated broker (other brokers are not linked in TX data),TX,,,,,HARRIS,,,2026-10-09
TX:591888-BB,NANET-LIMITED LLC,,49,https://data.texas.gov/api/views/s7ft-44qi/rows.csv?accessType=DOWNLOAD,people = ACTIVE sales agents sponsored by the firm licence + its designated broker (other brokers are not linked in TX data),TX,,,,,TRAVIS,,,2026-10-09
TX:9010090-BB,CB APEX ALUMNI ASSOCIATION LLC,,37,https://data.texas.gov/api/views/s7ft-44qi/rows.csv?accessType=DOWNLOAD,people = ACTIVE sales agents sponsored by the firm licence + its designated broker (other brokers are not linked in TX data),TX,,,,,COLLIN,,,2026-10-09
TX:470469-B,JOSHUA EWING THAI,,68,https://data.texas.gov/api/views/s7ft-44qi/rows.csv?accessType=DOWNLOAD,people = ACTIVE sales agents sponsored by the firm licence + its designated broker (other brokers are not linked in TX data),TX,,,,,DALLAS,,,2026-10-09
TX:557577-BB,"WILLIAM DAVIS REAL ESTATE SERVICES, LLC",,68,https://data.texas.gov/api/views/s7ft-44qi/rows.csv?accessType=DOWNLOAD,people = ACTIVE sales agents sponsored by the firm licence + its designated broker (other brokers are not linked in TX data),TX,,,,,DALLAS,,,2026-10-09
FL:1042979,FIRST REALTY SERVICES CORPORATION,RE/MAX FIRST,42,https://www2.myfloridalicense.com/sto/file_download/extracts//REALESTATE2501LICENSE_1.csv ; https://www2.myfloridalicense.com/sto/file_download/extracts//RealEstateCorpLicense.csv,people = Current/Active sales associates + brokers + broker-sales whose employer licence is the firm,FL,111 SE 8TH AVE,FORT LAUDERDALE,FL,33301,,,,2026-10-09
FL:1056327,CUSHMAN & WAKEFIELD OF FLORIDA LLC,,67,https://www2.myfloridalicense.com/sto/file_download/extracts//REALESTATE2501LICENSE_1.csv ; https://www2.myfloridalicense.com/sto/file_download/extracts//RealEstateCorpLicense.csv,people = Current/Active sales associates + brokers + broker-sales whose employer licence is the firm,FL,225 NE MIZNER BLVD SUITE 300,BOCA RATON,FL,33432,,,,2026-10-09
FL:1053035,LEGACY GROUP REAL ESTATE LLC,,58,https://www2.myfloridalicense.com/sto/file_download/extracts//REALESTATE2501LICENSE_1.csv ; https://www2.myfloridalicense.com/sto/file_download/extracts//RealEstateCorpLicense.csv,people = Current/Active sales associates + brokers + broker-sales whose employer licence is the firm,FL,7551 W 4 AVE SUITE 103,HIALEAH,FL,33014,,,,2026-10-09
FL:1050127,FOUNDRY COMMERCIAL LLC,,51,https://www2.myfloridalicense.com/sto/file_download/extracts//REALESTATE2501LICENSE_1.csv ; https://www2.myfloridalicense.com/sto/file_download/extracts//RealEstateCorpLicense.csv,people = Current/Active sales associates + brokers + broker-sales whose employer licence is the firm,FL,420 S ORANGE AVE SUITE 400,ORLANDO,FL,32801,,,,2026-10-09
FL:1069193,"KNOWLEDGE BASE REAL ESTATE, INC.",KNOWLEDGE BASE REAL ESTATE,36,https://www2.myfloridalicense.com/sto/file_download/extracts//REALESTATE2501LICENSE_1.csv ; https://www2.myfloridalicense.com/sto/file_download/extracts//RealEstateCorpLicense.csv,people = Current/Active sales associates + brokers + broker-sales whose employer licence is the firm,FL,9148 BONITA BEACH RD SE,BONITA SPRINGS,FL,34135,,,,2026-10-09
FL:1030749,"DOCKERY REALTY GROUP, LLC",RE/MAX EXPERTS,58,https://www2.myfloridalicense.com/sto/file_download/extracts//REALESTATE2501LICENSE_1.csv ; https://www2.myfloridalicense.com/sto/file_download/extracts//RealEstateCorpLicense.csv,people = Current/Active sales associates + brokers + broker-sales whose employer licence is the firm,FL,439 SOUTH FLORIDA AVE,LAKELAND,FL,33801,,,,2026-10-09
FL:3220655,"NAVARRA, WILLIAM",,38,https://www2.myfloridalicense.com/sto/file_download/extracts//REALESTATE2501LICENSE_1.csv ; https://www2.myfloridalicense.com/sto/file_download/extracts//RealEstateCorpLicense.csv,people = Current/Active sales associates + brokers + broker-sales whose employer licence is the firm,FL,,,,,,,,2026-10-09
FL:1006775,FLORIDA KEYS PROPERTY REFERRALS COMPANY,,47,https://www2.myfloridalicense.com/sto/file_download/extracts//REALESTATE2501LICENSE_1.csv ; https://www2.myfloridalicense.com/sto/file_download/extracts//RealEstateCorpLicense.csv,people = Current/Active sales associates + brokers + broker-sales whose employer licence is the firm,FL,11100 OVERSEAS HWY,MARATHON,FL,33050,,,,2026-10-09
FL:1027141,LEGENDS LANDS AND REALTY INC,,72,https://www2.myfloridalicense.com/sto/file_download/extracts//REALESTATE2501LICENSE_1.csv ; https://www2.myfloridalicense.com/sto/file_download/extracts//RealEstateCorpLicense.csv,people = Current/Active sales associates + brokers + broker-sales whose employer licence is the firm,FL,1236 3RD. STREET S.,JACKSONVILLE BEACH,FL,32250,,,,2026-10-09
FL:1060008,ANNA LEE WILLIAMS PA,SHOWTIME REALTY,43,https://www2.myfloridalicense.com/sto/file_download/extracts//REALESTATE2501LICENSE_1.csv ; https://www2.myfloridalicense.com/sto/file_download/extracts//RealEstateCorpLicense.csv,people = Current/Active sales associates + brokers + broker-sales whose employer licence is the firm,FL,6539 GATEWAY AVE,SARASOTA,FL,34231,,,,2026-10-09
FL:1060999,AMERICAN HOMES REALTY GROUP LLC,AMERICAN HOMES REALTY GROUP,39,https://www2.myfloridalicense.com/sto/file_download/extracts//REALESTATE2501LICENSE_1.csv ; https://www2.myfloridalicense.com/sto/file_download/extracts//RealEstateCorpLicense.csv,people = Current/Active sales associates + brokers + broker-sales whose employer licence is the firm,FL,2719 HOLLYWOOD BLVD SUITE 202,HOLLYWOOD,FL,33020,,,,2026-10-09
FL:1016023,WATER POINTE REALTY GROUP OF JUPITER INC,,46,https://www2.myfloridalicense.com/sto/file_download/extracts//REALESTATE2501LICENSE_1.csv ; https://www2.myfloridalicense.com/sto/file_download/extracts//RealEstateCorpLicense.csv,people = Current/Active sales associates + brokers + broker-sales whose employer licence is the firm,FL,393 TEQUESTA DRIVE,TEQUESTA,FL,33469,,,,2026-10-09
FL:1003357,WATERFRONT PROPERTIES INC,WATERFRONT PROPERTIES & CLUB COMMUNITIES,71,https://www2.myfloridalicense.com/sto/file_download/extracts//REALESTATE2501LICENSE_1.csv ; https://www2.myfloridalicense.com/sto/file_download/extracts//RealEstateCorpLicense.csv,people = Current/Active sales associates + brokers + broker-sales whose employer licence is the firm,FL,825 PARKWAY PLAZA STE 8,JUPITER,FL,33477,,,,2026-10-09
FL:1039617,HAMILTON FRANKLIN REALTY LLC,,35,https://www2.myfloridalicense.com/sto/file_download/extracts//REALESTATE2501LICENSE_1.csv ; https://www2.myfloridalicense.com/sto/file_download/extracts//RealEstateCorpLicense.csv,people = Current/Active sales associates + brokers + broker-sales whose employer licence is the firm,FL,1136 NE PINE ISLAND ROAD SUITE 49,CAPE CORAL,FL,33909,,,,2026-10-09
FL:1009291,WLS L C,NAI MIAMI COMMERCIAL REAL ESTATE SERVICES WORLDWIDE,40,https://www2.myfloridalicense.com/sto/file_download/extracts//REALESTATE2501LICENSE_1.csv ; https://www2.myfloridalicense.com/sto/file_download/extracts//RealEstateCorpLicense.csv,people = Current/Active sales associates + brokers + broker-sales whose employer licence is the firm,FL,9655 SOUTH DIXIE HIGHWAY SUITE 300,MIAMI,FL,33156,,,,2026-10-09
FL:1036225,EQUIESTATE CORP,EQUIWORLD GROUP,43,https://www2.myfloridalicense.com/sto/file_download/extracts//REALESTATE2501LICENSE_1.csv ; https://www2.myfloridalicense.com/sto/file_download/extracts//RealEstateCorpLicense.csv,people = Current/Active sales associates + brokers + broker-sales whose employer licence is the firm,FL,14062 NW 82 AVE,MIAMI LAKES,FL,33016,,,,2026-10-09
FL:1063330,ZFC REAL ESTATE LLC,BEX REALTY,64,https://www2.myfloridalicense.com/sto/file_download/extracts//REALESTATE2501LICENSE_1.csv ; https://www2.myfloridalicense.com/sto/file_download/extracts//RealEstateCorpLicense.csv,people = Current/Active sales associates + brokers + broker-sales whose employer licence is the firm,FL,4800 N FEDERAL HWY,BOCA RATON,FL,33431,,,,2026-10-09
FL:1027123,VIP REFERRAL NETWORK INC,,57,https://www2.myfloridalicense.com/sto/file_download/extracts//REALESTATE2501LICENSE_1.csv ; https://www2.myfloridalicense.com/sto/file_download/extracts//RealEstateCorpLicense.csv,people = Current/Active sales associates + brokers + broker-sales whose employer licence is the firm,FL,790 NW 107 AVE SUITE 107,MIAMI,FL,33172,,,,2026-10-09
FL:1035481,AAA REALTY GROUP INC,,45,https://www2.myfloridalicense.com/sto/file_download/extracts//REALESTATE2501LICENSE_1.csv ; https://www2.myfloridalicense.com/sto/file_download/extracts//RealEstateCorpLicense.csv,people = Current/Active sales associates + brokers + broker-sales whose employer licence is the firm,FL,11200 SW 1ST CT,PLANTATION,FL,33325,,,,2026-10-09
FL:1057435,1 FLAMINGO REALTY LLC,,49,https://www2.myfloridalicense.com/sto/file_download/extracts//REALESTATE2501LICENSE_1.csv ; https://www2.myfloridalicense.com/sto/file_download/extracts//RealEstateCorpLicense.csv,people = Current/Active sales associates + brokers + broker-sales whose employer licence is the firm,FL,6205 BLUE LAGOON DRIVE,MIAMI,FL,33126,,,,2026-10-09
FL:1022667,PAT COLLADO P A,COLLADO REAL ESTATE,62,https://www2.myfloridalicense.com/sto/file_download/extracts//REALESTATE2501LICENSE_1.csv ; https://www2.myfloridalicense.com/sto/file_download/extracts//RealEstateCorpLicense.csv,people = Current/Active sales associates + brokers + broker-sales whose employer licence is the firm,FL,402 FLAGLER AVE,NEW SMYRNA BEACH,FL,32169,,,,2026-10-09
FL:1026022,JM INTERNATIONAL REALTY INC,,58,https://www2.myfloridalicense.com/sto/file_download/extracts//REALESTATE2501LICENSE_1.csv ; https://www2.myfloridalicense.com/sto/file_download/extracts//RealEstateCorpLicense.csv,people = Current/Active sales associates + brokers + broker-sales whose employer licence is the firm,FL,10530 NW 26TH ST STE 102,MIAMI,FL,33172,,,,2026-10-09
FL:1035131,TRUE QUALITY SERVICE REALTY LLC,WEICHERT REALTORS TRUE QUALITY SERVICE,44,https://www2.myfloridalicense.com/sto/file_download/extracts//REALESTATE2501LICENSE_1.csv ; https://www2.myfloridalicense.com/sto/file_download/extracts//RealEstateCorpLicense.csv,people = Current/Active sales associates + brokers + broker-sales whose employer licence is the firm,FL,7109 LAKE WORTH RD,LAKE WORTH,FL,33467,,,,2026-10-09
FL:1042521,MAKENZIE GRACE CORP,SIGNATURE REFERRAL COMPANY,46,https://www2.myfloridalicense.com/sto/file_download/extracts//REALESTATE2501LICENSE_1.csv ; https://www2.myfloridalicense.com/sto/file_download/extracts//RealEstateCorpLicense.csv,people = Current/Active sales associates + brokers + broker-sales whose employer licence is the firm,FL,3731 S NOVA ROAD,PORT ORANGE,FL,32129,,,,2026-10-09
FL:1063952,PREFERRED REFERRAL PARTNERS LLC,,40,https://www2.myfloridalicense.com/sto/file_download/extracts//REALESTATE2501LICENSE_1.csv ; https://www2.myfloridalicense.com/sto/file_download/extracts//RealEstateCorpLicense.csv,people = Current/Active sales associates + brokers + broker-sales whose employer licence is the firm,FL,1041 VISTA RD,LONGWOOD,FL,32750,,,,2026-10-09
FL:1042955,FOXFIRE REALTY RELOCATION REFERAL LLC,,39,https://www2.myfloridalicense.com/sto/file_download/extracts//REALESTATE2501LICENSE_1.csv ; https://www2.myfloridalicense.com/sto/file_download/extracts//RealEstateCorpLicense.csv,people = Current/Active sales associates + brokers + broker-sales whose employer licence is the firm,FL,615 E SILVER SPGS BLVD,OCALA,FL,34470,,,,2026-10-09
FL:1012725,NAUMANN GROUP REAL ESTATE INC,,46,https://www2.myfloridalicense.com/sto/file_download/extracts//REALESTATE2501LICENSE_1.csv ; https://www2.myfloridalicense.com/sto/file_download/extracts//RealEstateCorpLicense.csv,people = Current/Active sales associates + brokers + broker-sales whose employer licence is the firm,FL,2050 CAPITAL CIRCLE NE,TALLAHASSEE,FL,32308,,,,2026-10-09
FL:1059493,DREAMWORKS REAL ESTATE INC,FULTON GRACE REALTY FLORIDA,45,https://www2.myfloridalicense.com/sto/file_download/extracts//REALESTATE2501LICENSE_1.csv ; https://www2.myfloridalicense.com/sto/file_download/extracts//RealEstateCorpLicense.csv,people = Current/Active sales associates + brokers + broker-sales whose employer licence is the firm,FL,110 SW MONTEREY ROAD,STUART,FL,34994,,,,2026-10-09
FL:255946,MCAFEE MANDARIN INC,RE/MAX SPECIALISTS,58,https://www2.myfloridalicense.com/sto/file_download/extracts//REALESTATE2501LICENSE_1.csv ; https://www2.myfloridalicense.com/sto/file_download/extracts//RealEstateCorpLicense.csv,people = Current/Active sales associates + brokers + broker-sales whose employer licence is the firm,FL,12646 SAN JOSE BLVD,JACKSONVILLE,FL,32223,,,,2026-10-09
FL:1052564,STARLIGHT HOMES FLORIDA L.L.C.,,41,https://www2.myfloridalicense.com/sto/file_download/extracts//REALESTATE2501LICENSE_1.csv ; https://www2.myfloridalicense.com/sto/file_download/extracts//RealEstateCorpLicense.csv,people = Current/Active sales associates + brokers + broker-sales whose employer licence is the firm,FL,1064 GREENWOOD BLVD SUITE 124,LAKE MARY,FL,32746,,,,2026-10-09
FL:1044058,CAPITAL HOMES INC,,50,https://www2.myfloridalicense.com/sto/file_download/extracts//REALESTATE2501LICENSE_1.csv ; https://www2.myfloridalicense.com/sto/file_download/extracts//RealEstateCorpLicense.csv,people = Current/Active sales associates + brokers + broker-sales whose employer licence is the firm,FL,11154 LADINO STREET,BOCA RATON,FL,33428,,,,2026-10-09
FL:273784,REALTEC GROUP INC,RE\MAX REALTEC GROUP,75,https://www2.myfloridalicense.com/sto/file_download/extracts//REALESTATE2501LICENSE_1.csv ; https://www2.myfloridalicense.com/sto/file_download/extracts//RealEstateCorpLicense.csv,people = Current/Active sales associates + brokers + broker-sales whose employer licence is the firm,FL,4175 WOODLANDS PKWY,PALM HARBOR,FL,34685,,,,2026-10-09
FL:1009260,IMMANUEL REALTY INC,FLORIDA EXECUTIVE REALTY 2,74,https://www2.myfloridalicense.com/sto/file_download/extracts//REALESTATE2501LICENSE_1.csv ; https://www2.myfloridalicense.com/sto/file_download/extracts//RealEstateCorpLicense.csv,people = Current/Active sales associates + brokers + broker-sales whose employer licence is the firm,FL,3050 S DALE MABRY HWY,TAMPA,FL,33629,,,,2026-10-09
FL:1000237,FLORIDA EXECUTIVE REALTY INC,FLORIDA EXECUTIVE REALTY,52,https://www2.myfloridalicense.com/sto/file_download/extracts//REALESTATE2501LICENSE_1.csv ; https://www2.myfloridalicense.com/sto/file_download/extracts//RealEstateCorpLicense.csv,people = Current/Active sales associates + brokers + broker-sales whose employer licence is the firm,FL,15802 AMBERLY DRIVE,TAMPA,FL,33647,,,,2026-10-09
FL:1064591,FLORIDA HOMES REALTY & MORTGAGE PROPERTY MANAGEMENT LLC,FLORIDA HOMES REALTY & MORTGAGE PROPERTY MANAGEMENT,48,https://www2.myfloridalicense.com/sto/file_download/extracts//REALESTATE2501LICENSE_1.csv ; https://www2.myfloridalicense.com/sto/file_download/extracts//RealEstateCorpLicense.csv,people = Current/Active sales associates + brokers + broker-sales whose employer licence is the firm,FL,9191 RG SKINNER PKWY SUITE 102,JACKSONVILLE,FL,32256,,,,2026-10-09
FL:1040488,NEW CASTLE REALTY REFERRAL GROUP LLC,,35,https://www2.myfloridalicense.com/sto/file_download/extracts//REALESTATE2501LICENSE_1.csv ; https://www2.myfloridalicense.com/sto/file_download/extracts//RealEstateCorpLicense.csv,people = Current/Active sales associates + brokers + broker-sales whose employer licence is the firm,FL,12181 SHERIDAN ST,COOPER CITY,FL,33026,,,,2026-10-09
FL:1007732,AMERICA'S CHOICE OF FLORIDA INC,,37,https://www2.myfloridalicense.com/sto/file_download/extracts//REALESTATE2501LICENSE_1.csv ; https://www2.myfloridalicense.com/sto/file_download/extracts//RealEstateCorpLicense.csv,people = Current/Active sales associates + brokers + broker-sales whose employer licence is the firm,FL,2875 S OCEAN BLVD,PALM BEACH,FL,33480,,,,2026-10-09
FL:1047823,CAMPBELL AND ROSEMURGY REAL ESTATE INC,,50,https://www2.myfloridalicense.com/sto/file_download/extracts//REALESTATE2501LICENSE_1.csv ; https://www2.myfloridalicense.com/sto/file_download/extracts//RealEstateCorpLicense.csv,people = Current/Active sales associates + brokers + broker-sales whose employer licence is the firm,FL,1233 E HILLSBORO BLVD,DEERFIELD BEACH,FL,33441,,,,2026-10-09
FL:1003882,SUNDANCE REALTY GROUP INC,CENTURY 21 SUNDANCE REALTY,36,https://www2.myfloridalicense.com/sto/file_download/extracts//REALESTATE2501LICENSE_1.csv ; https://www2.myfloridalicense.com/sto/file_download/extracts//RealEstateCorpLicense.csv,people = Current/Active sales associates + brokers + broker-sales whose employer licence is the firm,FL,1794 OCEAN SHORE BLVD,ORMOND BEACH,FL,32176,,,,2026-10-09
FL:1055301,TREND REAL ESTATE REFERRAL GROUP INC,,50,https://www2.myfloridalicense.com/sto/file_download/extracts//REALESTATE2501LICENSE_1.csv ; https://www2.myfloridalicense.com/sto/file_download/extracts//RealEstateCorpLicense.csv,people = Current/Active sales associates + brokers + broker-sales whose employer licence is the firm,FL,1715 CAPE CORAL PKWY W,CAPE CORAL,FL,33914,,,,2026-10-09
FL:1039396,PEACE RIVER REALTY REFERRAL LLC,,64,https://www2.myfloridalicense.com/sto/file_download/extracts//REALESTATE2501LICENSE_1.csv ; https://www2.myfloridalicense.com/sto/file_download/extracts//RealEstateCorpLicense.csv,people = Current/Active sales associates + brokers + broker-sales whose employer licence is the firm,FL,1675 WEST MARION AVE,PUNTA GORDA,FL,33950,,,,2026-10-09
FL:1042888,BLAKE REAL ESTATE INC,,39,https://www2.myfloridalicense.com/sto/file_download/extracts//REALESTATE2501LICENSE_1.csv ; https://www2.myfloridalicense.com/sto/file_download/extracts//RealEstateCorpLicense.csv,people = Current/Active sales associates + brokers + broker-sales whose employer licence is the firm,FL,2695 SUNSET POINT RD,CLEARWATER,FL,33759,,,,2026-10-09
FL:1041552,TIXE REALTY SERVICES INC,EXIT REALTY PREMIER ELITE,55,https://www2.myfloridalicense.com/sto/file_download/extracts//REALESTATE2501LICENSE_1.csv ; https://www2.myfloridalicense.com/sto/file_download/extracts//RealEstateCorpLicense.csv,people = Current/Active sales associates + brokers + broker-sales whose employer licence is the firm,FL,8961 HYPOLUXO ROAD,LAKE WORTH,FL,33467,,,,2026-10-09
FL:1053548,GRAND LION REAL ESTATE GROUP LLC,GRAND LION REAL ESTATE GROUP,38,https://www2.myfloridalicense.com/sto/file_download/extracts//REALESTATE2501LICENSE_1.csv ; https://www2.myfloridalicense.com/sto/file_download/extracts//RealEstateCorpLicense.csv,people = Current/Active sales associates + brokers + broker-sales whose employer licence is the firm,FL,1111 BRICKELL AVENUE,MIAMI,FL,33131,,,,2026-10-09
FL:1055339,WATER POINTE HOLDINGS LLC,WATER POINTE REALTY GROUP,49,https://www2.myfloridalicense.com/sto/file_download/extracts//REALESTATE2501LICENSE_1.csv ; https://www2.myfloridalicense.com/sto/file_download/extracts//RealEstateCorpLicense.csv,people = Current/Active sales associates + brokers + broker-sales whose employer licence is the firm,FL,3727 SE OCEAN BLVD SUITE 100,STUART,FL,34996,,,,2026-10-09
FL:1040959,ATCHLEY INTERNATIONAL REALTY LLC,BETTER HOMES AND GARDENS REAL ESTATE ATCHLEY PROPERTIES,49,https://www2.myfloridalicense.com/sto/file_download/extracts//REALESTATE2501LICENSE_1.csv ; https://www2.myfloridalicense.com/sto/file_download/extracts//RealEstateCorpLicense.csv,people = Current/Active sales associates + brokers + broker-sales whose employer licence is the firm,FL,6113 EXCHANGE WAY,BRADENTON,FL,34202,,,,2026-10-09
FL:731,MATTAMY HOMES,,74,https://www2.myfloridalicense.com/sto/file_download/extracts//REALESTATE2501LICENSE_1.csv ; https://www2.myfloridalicense.com/sto/file_download/extracts//RealEstateCorpLicense.csv,people = Current/Active sales associates + brokers + broker-sales whose employer licence is the firm,FL,,,,,,,,2026-10-09
FL:1012307,SAND DOLLAR REALTY GROUP INC,,73,https://www2.myfloridalicense.com/sto/file_download/extracts//REALESTATE2501LICENSE_1.csv ; https://www2.myfloridalicense.com/sto/file_download/extracts//RealEstateCorpLicense.csv,people = Current/Active sales associates + brokers + broker-sales whose employer licence is the firm,FL,801 W STATE ROAD 436 SUITE 2065,ALTAMONTE SPRINGS,FL,32714,,,,2026-10-09
FL:1008347,MARR PROPERTIES SOUTH INC,AMERICAN CARIBBEAN REAL ESTATE,39,https://www2.myfloridalicense.com/sto/file_download/extracts//REALESTATE2501LICENSE_1.csv ; https://www2.myfloridalicense.com/sto/file_download/extracts//RealEstateCorpLicense.csv,people = Current/Active sales associates + brokers + broker-sales whose employer licence is the firm,FL,PO BOX 353,ISLAMORADA,FL,33036,,,,2026-10-09
FL:1054533,WATERFRONT REALTY LLC,,39,https://www2.myfloridalicense.com/sto/file_download/extracts//REALESTATE2501LICENSE_1.csv ; https://www2.myfloridalicense.com/sto/file_download/extracts//RealEstateCorpLicense.csv,people = Current/Active sales associates + brokers + broker-sales whose employer licence is the firm,FL,13205 NE 16TH AVE,NORTH MIAMI,FL,33161,,,,2026-10-09
FL:1059188,ALFRED ROBBINS REALTY GROUP LLC,ALFRED ROBBINS REALTY GROUP,58,https://www2.myfloridalicense.com/sto/file_download/extracts//REALESTATE2501LICENSE_1.csv ; https://www2.myfloridalicense.com/sto/file_download/extracts//RealEstateCorpLicense.csv,people = Current/Active sales associates + brokers + broker-sales whose employer licence is the firm,FL,1795 TAMIAMI TRAIL N,NAPLES,FL,34102,,,,2026-10-09
FL:245459,BEACH FRONT MANN REALTY & MANAGEMENT INC,BEACH FRONT REALTY,44,https://www2.myfloridalicense.com/sto/file_download/extracts//REALESTATE2501LICENSE_1.csv ; https://www2.myfloridalicense.com/sto/file_download/extracts//RealEstateCorpLicense.csv,people = Current/Active sales associates + brokers + broker-sales whose employer licence is the firm,FL,10525 SOUTH OCEAN DRIVE,JENSEN BEACH,FL,34957,,,,2026-10-09
FL:1061728,AVISTA BAY REALTY LLC,,41,https://www2.myfloridalicense.com/sto/file_download/extracts//REALESTATE2501LICENSE_1.csv ; https://www2.myfloridalicense.com/sto/file_download/extracts//RealEstateCorpLicense.csv,people = Current/Active sales associates + brokers + broker-sales whose employer licence is the firm,FL,3636 CRENSHAW LAKE RD,LUTZ,FL,33548,,,,2026-10-09
FL:1053271,PARADISE EXCLUSIVE EXCHANGE LLC,,54,https://www2.myfloridalicense.com/sto/file_download/extracts//REALESTATE2501LICENSE_1.csv ; https://www2.myfloridalicense.com/sto/file_download/extracts//RealEstateCorpLicense.csv,people = Current/Active sales associates + brokers + broker-sales whose employer licence is the firm,FL,8300 WILTSHIRE DRIVE,PORT CHARLOTTE,FL,33981,,,,2026-10-09
FL:1042908,FLORIDA REFERRAL GROUP INC,,43,https://www2.myfloridalicense.com/sto/file_download/extracts//REALESTATE2501LICENSE_1.csv ; https://www2.myfloridalicense.com/sto/file_download/extracts//RealEstateCorpLicense.csv,people = Current/Active sales associates + brokers + broker-sales whose employer licence is the firm,FL,1360 PORPOISE RD,VENICE,FL,34293,,,,2026-10-09
FL:1033753,RSPP REFERRAL GROUP INC,,42,https://www2.myfloridalicense.com/sto/file_download/extracts//REALESTATE2501LICENSE_1.csv ; https://www2.myfloridalicense.com/sto/file_download/extracts//RealEstateCorpLicense.csv,people = Current/Active sales associates + brokers + broker-sales whose employer licence is the firm,FL,P O BOX 610,CAPTIVA,FL,33924,,,,2026-10-09
FL:1029804,PREMIER PROPERTIES NATIONAL REFERRAL LLC,,71,https://www2.myfloridalicense.com/sto/file_download/extracts//REALESTATE2501LICENSE_1.csv ; https://www2.myfloridalicense.com/sto/file_download/extracts//RealEstateCorpLicense.csv,people = Current/Active sales associates + brokers + broker-sales whose employer licence is the firm,FL,11440 N KENDALL DR,MIAMI,FL,33176,,,,2026-10-09
FL:1029425,LEE ISLAND COAST REAL ESTATE INC,CORNERSTONE COASTAL PROPERTIES,56,https://www2.myfloridalicense.com/sto/file_download/extracts//REALESTATE2501LICENSE_1.csv ; https://www2.myfloridalicense.com/sto/file_download/extracts//RealEstateCorpLicense.csv,people = Current/Active sales associates + brokers + broker-sales whose employer licence is the firm,FL,7950 SUMMERLIN LAKES DRIVE STE 2,FORT MYERS,FL,33907,,,,2026-10-09
FL:99614,HANSEN REALTY INC,CENTURY 21 HANSEN REALTY INC,57,https://www2.myfloridalicense.com/sto/file_download/extracts//REALESTATE2501LICENSE_1.csv ; https://www2.myfloridalicense.com/sto/file_download/extracts//RealEstateCorpLicense.csv,people = Current/Active sales associates + brokers + broker-sales whose employer licence is the firm,FL,3010 E COMMERCIAL BLVD,FT LAUDERDALE,FL,33308,,,,2026-10-09
FL:1053910,JONATHAN SOLOMON LLC,BLACK IVY REALTY,35,https://www2.myfloridalicense.com/sto/file_download/extracts//REALESTATE2501LICENSE_1.csv ; https://www2.myfloridalicense.com/sto/file_download/extracts//RealEstateCorpLicense.csv,people = Current/Active sales associates + brokers + broker-sales whose employer licence is the firm,FL,2435 HOLLYWOOD BLVD,HOLLYWOOD,FL,33020,,,,2026-10-09
FL:1045467,NAPLES SUNRISE REFERRALS LLC,,53,https://www2.myfloridalicense.com/sto/file_download/extracts//REALESTATE2501LICENSE_1.csv ; https://www2.myfloridalicense.com/sto/file_download/extracts//RealEstateCorpLicense.csv,people = Current/Active sales associates + brokers + broker-sales whose employer licence is the firm,FL,7955 AIRPORT PULLNG ROAD,NAPLES,FL,34109,,,,2026-10-09
FL:1023279,REFERRAL SPECIALIST INC,,49,https://www2.myfloridalicense.com/sto/file_download/extracts//REALESTATE2501LICENSE_1.csv ; https://www2.myfloridalicense.com/sto/file_download/extracts//RealEstateCorpLicense.csv,people = Current/Active sales associates + brokers + broker-sales whose employer licence is the firm,FL,12646 SAN JOSE BLVD,JACKSONVILLE,FL,32223,,,,2026-10-09
FL:258756,ARMOR REALTY INC,,38,https://www2.myfloridalicense.com/sto/file_download/extracts//REALESTATE2501LICENSE_1.csv ; https://www2.myfloridalicense.com/sto/file_download/extracts//RealEstateCorpLicense.csv,people = Current/Active sales associates + brokers + broker-sales whose employer licence is the firm,FL,1519 KILLEARN CENTER BLVD,TALLAHASSEE,FL,32309,,,,2026-10-09
FL:1037142,"REALVEST EQUITY PARTNERS, LLC",NAI REALVEST,47,https://www2.myfloridalicense.com/sto/file_download/extracts//REALESTATE2501LICENSE_1.csv ; https://www2.myfloridalicense.com/sto/file_download/extracts//RealEstateCorpLicense.csv,people = Current/Active sales associates + brokers + broker-sales whose employer licence is the firm,FL,1800 PEMBROOK DRIVE SUITE 350,ORLANDO,FL,32810,,,,2026-10-09
FL:1033650,FLORIDA REALTY RESULTS LLC,,39,https://www2.myfloridalicense.com/sto/file_download/extracts//REALESTATE2501LICENSE_1.csv ; https://www2.myfloridalicense.com/sto/file_download/extracts//RealEstateCorpLicense.csv,people = Current/Active sales associates + brokers + broker-sales whose employer licence is the firm,FL,1211 12TH STREET,SAINT CLOUD,FL,34769,,,,2026-10-09
FL:1010130,NRT COMMERCIAL LLC,COLDWELL BANKER COMMERCIAL REALTY,50,https://www2.myfloridalicense.com/sto/file_download/extracts//REALESTATE2501LICENSE_1.csv ; https://www2.myfloridalicense.com/sto/file_download/extracts//RealEstateCorpLicense.csv,people = Current/Active sales associates + brokers + broker-sales whose employer licence is the firm,FL,8181 SS TAMIAMI TRAIL,SARASOTA,FL,34231,,,,2026-10-09
FL:1028899,JKB REAL ESTATE INC,ELITE ASSOCIATE REFERRAL NETWORK,50,https://www2.myfloridalicense.com/sto/file_download/extracts//REALESTATE2501LICENSE_1.csv ; https://www2.myfloridalicense.com/sto/file_download/extracts//RealEstateCorpLicense.csv,people = Current/Active sales associates + brokers + broker-sales whose employer licence is the firm,FL,791 GLENGARRY DRIVE,MELBOURNE,FL,32940,,,,2026-10-09
FL:1060949,AHRG LLC,AHRG,56,https://www2.myfloridalicense.com/sto/file_download/extracts//REALESTATE2501LICENSE_1.csv ; https://www2.myfloridalicense.com/sto/file_download/extracts//RealEstateCorpLicense.csv,people = Current/Active sales associates + brokers + broker-sales whose employer licence is the firm,FL,2719 HOLLYWOOD BLVD B 202,HOLLYWOOD,FL,33020,,,,2026-10-09
FL:1007523,REALTY KING INC,REMAX CROWN REALTY,43,https://www2.myfloridalicense.com/sto/file_download/extracts//REALESTATE2501LICENSE_1.csv ; https://www2.myfloridalicense.com/sto/file_download/extracts//RealEstateCorpLicense.csv,people = Current/Active sales associates + brokers + broker-sales whose employer licence is the firm,FL,1603 US HIGHWAY 1,SEBASTIAN,FL,32958,,,,2026-10-09
FL:1072625,CLUB EXPLORIA LLC,EXPLORIA RESORTS,56,https://www2.myfloridalicense.com/sto/file_download/extracts//REALESTATE2501LICENSE_1.csv ; https://www2.myfloridalicense.com/sto/file_download/extracts//RealEstateCorpLicense.csv,people = Current/Active sales associates + brokers + broker-sales whose employer licence is the firm,FL,"25 TOWN CENTER BLVD, SUITE C",CLERMONT,FL,34714,,,,2026-10-09
FL:1045087,OCEAN REEF CLUB REAL ESTATE COMPANY,OCEAN REEF CLUB SOTHEBY'S INTERNATIONAL REALTY,46,https://www2.myfloridalicense.com/sto/file_download/extracts//REALESTATE2501LICENSE_1.csv ; https://www2.myfloridalicense.com/sto/file_download/extracts//RealEstateCorpLicense.csv,people = Current/Active sales associates + brokers + broker-sales whose employer licence is the firm,FL,35 OCEAN REEF DR SUITE 200,KEY LARGO,FL,33037,,,,2026-10-09
FL:268280,GATOR REFERRALS INC,,37,https://www2.myfloridalicense.com/sto/file_download/extracts//REALESTATE2501LICENSE_1.csv ; https://www2.myfloridalicense.com/sto/file_download/extracts//RealEstateCorpLicense.csv,people = Current/Active sales associates + brokers + broker-sales whose employer licence is the firm,FL,1401 KINGSLEY AVE,ORANGE PARK,FL,32073,,,,2026-10-09
FL:220090,BELLROSE REALTY INC,,37,https://www2.myfloridalicense.com/sto/file_download/extracts//REALESTATE2501LICENSE_1.csv ; https://www2.myfloridalicense.com/sto/file_download/extracts//RealEstateCorpLicense.csv,people = Current/Active sales associates + brokers + broker-sales whose employer licence is the firm,FL,1215 EAST HILLSBORO BLVD,DEERFIELD BCH,FL,33441,,,,2026-10-09
FL:1006002,ALLSTAR REALTY INC,ALLSTAR R E,36,https://www2.myfloridalicense.com/sto/file_download/extracts//REALESTATE2501LICENSE_1.csv ; https://www2.myfloridalicense.com/sto/file_download/extracts//RealEstateCorpLicense.csv,people = Current/Active sales associates + brokers + broker-sales whose employer licence is the firm,FL,1975 E SUNRISE BLVD,FORT LAUDERDALE,FL,33304,,,,2026-10-09
FL:226989,BROKERS REFERRAL SERVICES INC,,45,https://www2.myfloridalicense.com/sto/file_download/extracts//REALESTATE2501LICENSE_1.csv ; https://www2.myfloridalicense.com/sto/file_download/extracts//RealEstateCorpLicense.csv,people = Current/Active sales associates + brokers + broker-sales whose employer licence is the firm,FL,13009 W LINEBAUGH AVENUE #2,TAMPA,FL,33626,,,,2026-10-09
FL:1067001,"AMERISOUTH REALTY PARTNERS, LLC",CENTURY 21 AMERISOUTH REALTY,42,https://www2.myfloridalicense.com/sto/file_download/extracts//REALESTATE2501LICENSE_1.csv ; https://www2.myfloridalicense.com/sto/file_download/extracts//RealEstateCorpLicense.csv,people = Current/Active sales associates + brokers + broker-sales whose employer licence is the firm,FL,2400 NINE MILE RD,PENSACOLA,FL,32534,,,,2026-10-09
FL:1057298,LANGLEY KNIGHT GARDNER LLC,BHHS KEYS REAL ESTATE,40,https://www2.myfloridalicense.com/sto/file_download/extracts//REALESTATE2501LICENSE_1.csv ; https://www2.myfloridalicense.com/sto/file_download/extracts//RealEstateCorpLicense.csv,people = Current/Active sales associates + brokers + broker-sales whose employer licence is the firm,FL,336 DUVAL STREET,KEY WEST,FL,33040,,,,2026-10-09
FL:1070513,REALTY MARK OF FLORIDA LLC,REALTY MARK ASSOCIATES,58,https://www2.myfloridalicense.com/sto/file_download/extracts//REALESTATE2501LICENSE_1.csv ; https://www2.myfloridalicense.com/sto/file_download/extracts//RealEstateCorpLicense.csv,people = Current/Active sales associates + brokers + broker-sales whose employer licence is the firm,FL,2250 TERWOOD 2250 TERWOOD DRIVE,HUNTINGDON VALLEY,PA,19006,,,,2026-10-09
FL:3613195,"HANSEN, KALEY",,40,https://www2.myfloridalicense.com/sto/file_download/extracts//REALESTATE2501LICENSE_1.csv ; https://www2.myfloridalicense.com/sto/file_download/extracts//RealEstateCorpLicense.csv,people = Current/Active sales associates + brokers + broker-sales whose employer licence is the firm,FL,,,,,,,,2026-10-09
FL:217123,FANNIE HILLMAN & ASSOCIATES INC,,75,https://www2.myfloridalicense.com/sto/file_download/extracts//REALESTATE2501LICENSE_1.csv ; https://www2.myfloridalicense.com/sto/file_download/extracts//RealEstateCorpLicense.csv,people = Current/Active sales associates + brokers + broker-sales whose employer licence is the firm,FL,205 W FAIRBANKS AVE,WINTER PARK,FL,32789,,,,2026-10-09
FL:1006005,ROBERTS REAL ESTATE INC,,42,https://www2.myfloridalicense.com/sto/file_download/extracts//REALESTATE2501LICENSE_1.csv ; https://www2.myfloridalicense.com/sto/file_download/extracts//RealEstateCorpLicense.csv,people = Current/Active sales associates + brokers + broker-sales whose employer licence is the firm,FL,115 NE 8TH AVENUE,OCALA,FL,34470,,,,2026-10-09
FL:1046761,FLORIDA CAPITAL REALTY LUXURY INC,,55,https://www2.myfloridalicense.com/sto/file_download/extracts//REALESTATE2501LICENSE_1.csv ; https://www2.myfloridalicense.com/sto/file_download/extracts//RealEstateCorpLicense.csv,people = Current/Active sales associates + brokers + broker-sales whose employer licence is the firm,FL,8001 SW 24TH STREET,MIAMI,FL,33155,,,,2026-10-09
FL:240002,REALTY GROUP OF LEE COUNTY I INC,RE\MAX REALTY GROUP,73,https://www2.myfloridalicense.com/sto/file_download/extracts//REALESTATE2501LICENSE_1.csv ; https://www2.myfloridalicense.com/sto/file_download/extracts//RealEstateCorpLicense.csv,people = Current/Active sales associates + brokers + broker-sales whose employer licence is the firm,FL,7910 SUMMERLIN LAKES DR,FORT MYERS,FL,33907,,,,2026-10-09
FL:267990,SOUTHDALE PROPERTIES INC,,44,https://www2.myfloridalicense.com/sto/file_download/extracts//REALESTATE2501LICENSE_1.csv ; https://www2.myfloridalicense.com/sto/file_download/extracts//RealEstateCorpLicense.csv,people = Current/Active sales associates + brokers + broker-sales whose employer licence is the firm,FL,1802 N FEDERAL HWY,LAKE WORTH,FL,33460,,,,2026-10-09
FL:1033303,GULF COAST INTERNATIONAL PROPERTIES LLC,,72,https://www2.myfloridalicense.com/sto/file_download/extracts//REALESTATE2501LICENSE_1.csv ; https://www2.myfloridalicense.com/sto/file_download/extracts//RealEstateCorpLicense.csv,people = Current/Active sales associates + brokers + broker-sales whose employer licence is the firm,FL,5800 GASPARILLA RD,BOCA GRANDE,FL,33921,,,,2026-10-09
FL:1059395,ENGAGE REAL ESTATE LLC,REALTY ONE GROUP ENGAGE,67,https://www2.myfloridalicense.com/sto/file_download/extracts//REALESTATE2501LICENSE_1.csv ; https://www2.myfloridalicense.com/sto/file_download/extracts//RealEstateCorpLicense.csv,people = Current/Active sales associates + brokers + broker-sales whose employer licence is the firm,FL,3591 NW FEDERAL HWY,JENSEN BEACH,FL,34994,,,,2026-10-09
FL:1030764,RIGHT CHOICE REALTY LLC,ERA RIGHT CHOICE REALTY,42,https://www2.myfloridalicense.com/sto/file_download/extracts//REALESTATE2501LICENSE_1.csv ; https://www2.myfloridalicense.com/sto/file_download/extracts//RealEstateCorpLicense.csv,people = Current/Active sales associates + brokers + broker-sales whose employer licence is the firm,FL,9001 DANIELS PARKWAY #102,FORT MYERS,FL,33912,,,,2026-10-09
FL:1035707,NATIONAL REAL ESTATE REFERRAL NETWORK INC,,36,https://www2.myfloridalicense.com/sto/file_download/extracts//REALESTATE2501LICENSE_1.csv ; https://www2.myfloridalicense.com/sto/file_download/extracts//RealEstateCorpLicense.csv,people = Current/Active sales associates + brokers + broker-sales whose employer licence is the firm,FL,14241 US HIGHWAY 1,JUNO BEACH,FL,33408,,,,2026-10-09
FL:1072263,PALM REALTY GROUP FL LLC,RE/MAX PALM,52,https://www2.myfloridalicense.com/sto/file_download/extracts//REALESTATE2501LICENSE_1.csv ; https://www2.myfloridalicense.com/sto/file_download/extracts//RealEstateCorpLicense.csv,people = Current/Active sales associates + brokers + broker-sales whose employer licence is the firm,FL,1808 TAMIAMI TRL UNIT D-2,PORT CHARLOTTE,FL,33948,,,,2026-10-09
FL:1024339,SRE REFERRALS LLC,,38,https://www2.myfloridalicense.com/sto/file_download/extracts//REALESTATE2501LICENSE_1.csv ; https://www2.myfloridalicense.com/sto/file_download/extracts//RealEstateCorpLicense.csv,people = Current/Active sales associates + brokers + broker-sales whose employer licence is the firm,FL,1723 BARTOW ROAD,LAKELAND,FL,33801,,,,2026-10-09
FL:224362,PROMARK ASSOCIATES INC,,61,https://www2.myfloridalicense.com/sto/file_download/extracts//REALESTATE2501LICENSE_1.csv ; https://www2.myfloridalicense.com/sto/file_download/extracts//RealEstateCorpLicense.csv,people = Current/Active sales associates + brokers + broker-sales whose employer licence is the firm,FL,6653 JOG ROAD,BOCA RATON,FL,33496,,,,2026-10-09
FL:1070476,P&T FLORIDA HOLDINGS LLC,RE/MAX MASTERPIECE REALTY,50,https://www2.myfloridalicense.com/sto/file_download/extracts//REALESTATE2501LICENSE_1.csv ; https://www2.myfloridalicense.com/sto/file_download/extracts//RealEstateCorpLicense.csv,people = Current/Active sales associates + brokers + broker-sales whose employer licence is the firm,FL,"1775 SW GATLIN BLVD, STE 101",PORT SAINT LUCIE,FL,34953,,,,2026-10-09
FL:274656,HARBOR REALTY INC OF CHARLOTTE COUNTY,,40,https://www2.myfloridalicense.com/sto/file_download/extracts//REALESTATE2501LICENSE_1.csv ; https://www2.myfloridalicense.com/sto/file_download/extracts//RealEstateCorpLicense.csv,people = Current/Active sales associates + brokers + broker-sales whose employer licence is the firm,FL,2815 TAMIAMI TRAIL,PUNTA GORDA,FL,33950,,,,2026-10-09
FL:1042478,AVISON YOUNG FLORIDA LLC,AVISON YOUNG,49,https://www2.myfloridalicense.com/sto/file_download/extracts//REALESTATE2501LICENSE_1.csv ; https://www2.myfloridalicense.com/sto/file_download/extracts//RealEstateCorpLicense.csv,people = Current/Active sales associates + brokers + broker-sales whose employer licence is the firm,FL,333 E. LAS OLAS BLVD.,FORT LAUDERDALE,FL,33301,,,,2026-10-09
FL:1007645,"HEYMANN WILLIAMS REAL ESTATE, INC",BERKSHIRE HATHAWAY HOME SERVICES HEYMANN WILLIAMS REALTY,61,https://www2.myfloridalicense.com/sto/file_download/extracts//REALESTATE2501LICENSE_1.csv ; https://www2.myfloridalicense.com/sto/file_download/extracts//RealEstateCorpLicense.csv,people = Current/Active sales associates + brokers + broker-sales whose employer licence is the firm,FL,720 MAGNOLIA LN,FERNANDINA BEACH,FL,32034,,,,2026-10-09
FL:265829,CONTINENTAL PROPERTIES INC,MR TOWNHOUSE,60,https://www2.myfloridalicense.com/sto/file_download/extracts//REALESTATE2501LICENSE_1.csv ; https://www2.myfloridalicense.com/sto/file_download/extracts//RealEstateCorpLicense.csv,people = Current/Active sales associates + brokers + broker-sales whose employer licence is the firm,FL,9112 ALTERNATE A1A,NORTH PALM BEACH,FL,33403,,,,2026-10-09
FL:216678,HUDSON REALTY OF THE PALM BEACHES INC,,48,https://www2.myfloridalicense.com/sto/file_download/extracts//REALESTATE2501LICENSE_1.csv ; https://www2.myfloridalicense.com/sto/file_download/extracts//RealEstateCorpLicense.csv,people = Current/Active sales associates + brokers + broker-sales whose employer licence is the firm,FL,1500 GATEWAY BLVD,BOYNTON BCH,FL,33426,,,,2026-10-09
FL:1001763,HOMEVEST MANAGEMENT INC,HOMEVEST REALTY,61,https://www2.myfloridalicense.com/sto/file_download/extracts//REALESTATE2501LICENSE_1.csv ; https://www2.myfloridalicense.com/sto/file_download/extracts//RealEstateCorpLicense.csv,people = Current/Active sales associates + brokers + broker-sales whose employer licence is the firm,FL,1300 EAST MICHIGAN STREET,ORLANDO,FL,32806,,,,2026-10-09
FL:1062492,BRICKELL REALTY GROUP INTERNATIONAL LLC,BRICKELL REALTY GROUP,68,https://www2.myfloridalicense.com/sto/file_download/extracts//REALESTATE2501LICENSE_1.csv ; https://www2.myfloridalicense.com/sto/file_download/extracts//RealEstateCorpLicense.csv,people = Current/Active sales associates + brokers + broker-sales whose employer licence is the firm,FL,2071 NW 112 AVE SUITE 101,MIAMI,FL,33172,,,,2026-10-09
FL:1043981,BROKERNATION REAL ESTATE INC,,37,https://www2.myfloridalicense.com/sto/file_download/extracts//REALESTATE2501LICENSE_1.csv ; https://www2.myfloridalicense.com/sto/file_download/extracts//RealEstateCorpLicense.csv,people = Current/Active sales associates + brokers + broker-sales whose employer licence is the firm,FL,12955 BISCAYNE BLVD,NORTH MIAMI,FL,33181,,,,2026-10-09
FL:1044372,SANDPEAK REALTY INC,,54,https://www2.myfloridalicense.com/sto/file_download/extracts//REALESTATE2501LICENSE_1.csv ; https://www2.myfloridalicense.com/sto/file_download/extracts//RealEstateCorpLicense.csv,people = Current/Active sales associates + brokers + broker-sales whose employer licence is the firm,FL,9033 FLAGSTICK LANE,HUDSON,FL,34667,,,,2026-10-09
FL:1009765,SMITH & LANCASTER INC,UNITED COUNTRY SMITH & ASSOCIATES,42,https://www2.myfloridalicense.com/sto/file_download/extracts//REALESTATE2501LICENSE_1.csv ; https://www2.myfloridalicense.com/sto/file_download/extracts//RealEstateCorpLicense.csv,people = Current/Active sales associates + brokers + broker-sales whose employer licence is the firm,FL,605 NORTH MAIN ST,CHIEFLAND,FL,32626,,,,2026-10-09
FL:157043,SCHOONER BAY REALTY INC,,68,https://www2.myfloridalicense.com/sto/file_download/extracts//REALESTATE2501LICENSE_1.csv ; https://www2.myfloridalicense.com/sto/file_download/extracts//RealEstateCorpLicense.csv,people = Current/Active sales associates + brokers + broker-sales whose employer licence is the firm,FL,1210 DEL PRADO BOULEVARD S,CAPE CORAL,FL,33990,,,,2026-10-09
FL:239611,BOUTIQUE REALTY INC,,35,https://www2.myfloridalicense.com/sto/file_download/extracts//REALESTATE2501LICENSE_1.csv ; https://www2.myfloridalicense.com/sto/file_download/extracts//RealEstateCorpLicense.csv,people = Current/Active sales associates + brokers + broker-sales whose employer licence is the firm,FL,7910 SUMMERLIN LAKES DRIVE,FORT MYERS,FL,33907,,,,2026-10-09
FL:1014836,BILLERO & BILLERO PROPERTIES LLC,,35,https://www2.myfloridalicense.com/sto/file_download/extracts//REALESTATE2501LICENSE_1.csv ; https://www2.myfloridalicense.com/sto/file_download/extracts//RealEstateCorpLicense.csv,people = Current/Active sales associates + brokers + broker-sales whose employer licence is the firm,FL,300 SEBASTIAN BLVD,SEBASTIAN,FL,32958,,,,2026-10-09
FL:1068568,JAMES THIRD LLC,JAMES ROSE ASSET MANAGEMENT SOLUTIONS,39,https://www2.myfloridalicense.com/sto/file_download/extracts//REALESTATE2501LICENSE_1.csv ; https://www2.myfloridalicense.com/sto/file_download/extracts//RealEstateCorpLicense.csv,people = Current/Active sales associates + brokers + broker-sales whose employer licence is the firm,FL,3150-8 TAMPA RD.,OLDSMAR,FL,34677,,,,2026-10-09
FL:1030855,EXPERT REFERRAL CONNECTION LIMITED LIABILITY COMPANY,,38,https://www2.myfloridalicense.com/sto/file_download/extracts//REALESTATE2501LICENSE_1.csv ; https://www2.myfloridalicense.com/sto/file_download/extracts//RealEstateCorpLicense.csv,people = Current/Active sales associates + brokers + broker-sales whose employer licence is the firm,FL,439 SOUTH FLORIDA AVE,LAKELAND,FL,33801,,,,2026-10-09
FL:1019162,CITADELLE CORPORATION,,39,https://www2.myfloridalicense.com/sto/file_download/extracts//REALESTATE2501LICENSE_1.csv ; https://www2.myfloridalicense.com/sto/file_download/extracts//RealEstateCorpLicense.csv,people = Current/Active sales associates + brokers + broker-sales whose employer licence is the firm,FL,8846 GEORGETOWN,BOYNTON BEACH,FL,33472,,,,2026-10-09
FL:1008983,AMERICAN REFERRAL PROFESSIONALS INC,,46,https://www2.myfloridalicense.com/sto/file_download/extracts//REALESTATE2501LICENSE_1.csv ; https://www2.myfloridalicense.com/sto/file_download/extracts//RealEstateCorpLicense.csv,people = Current/Active sales associates + brokers + broker-sales whose employer licence is the firm,FL,117 SOUTH HWY 41,INVERNESS,FL,34450,,,,2026-10-09
FL:1052290,D & B REALTY GROUP INC,RE/MAX 5 STAR REALTY,49,https://www2.myfloridalicense.com/sto/file_download/extracts//REALESTATE2501LICENSE_1.csv ; https://www2.myfloridalicense.com/sto/file_download/extracts//RealEstateCorpLicense.csv,people = Current/Active sales associates + brokers + broker-sales whose employer licence is the firm,FL,1901 HARRISON ST,HOLLYWOOD,FL,33020,,,,2026-10-09
FL:275381,POOLE REALTY INC,,38,https://www2.myfloridalicense.com/sto/file_download/extracts//REALESTATE2501LICENSE_1.csv ; https://www2.myfloridalicense.com/sto/file_download/extracts//RealEstateCorpLicense.csv,people = Current/Active sales associates + brokers + broker-sales whose employer licence is the firm,FL,127 E HOWARD STREET,LIVE OAK,FL,32064,,,,2026-10-09
FL:213829,J W MORTON REAL ESTATE INC,,69,https://www2.myfloridalicense.com/sto/file_download/extracts//REALESTATE2501LICENSE_1.csv ; https://www2.myfloridalicense.com/sto/file_download/extracts//RealEstateCorpLicense.csv,people = Current/Active sales associates + brokers + broker-sales whose employer licence is the firm,FL,1645 W MAIN ST,INVERNESS,FL,34450,,,,2026-10-09
FL:1014703,NEWMARK SOUTHERN REGION LLC,NEWMARK,58,https://www2.myfloridalicense.com/sto/file_download/extracts//REALESTATE2501LICENSE_1.csv ; https://www2.myfloridalicense.com/sto/file_download/extracts//RealEstateCorpLicense.csv,people = Current/Active sales associates + brokers + broker-sales whose employer licence is the firm,FL,3455 PEACHTREE ROAD NE SUITE 1800,ATLANTA,GA,30326,,,,2026-10-09
FL:1034274,TEMPS PLUS INC,,52,https://www2.myfloridalicense.com/sto/file_download/extracts//REALESTATE2501LICENSE_1.csv ; https://www2.myfloridalicense.com/sto/file_download/extracts//RealEstateCorpLicense.csv,people = Current/Active sales associates + brokers + broker-sales whose employer licence is the firm,FL,268 N LINCOLN AVE SUITE 12,CORONA,CA,92882,,,,2026-10-09
FL:1059115,LA ROSA REALTY KENDALL LLC,,43,https://www2.myfloridalicense.com/sto/file_download/extracts//REALESTATE2501LICENSE_1.csv ; https://www2.myfloridalicense.com/sto/file_download/extracts//RealEstateCorpLicense.csv,people = Current/Active sales associates + brokers + broker-sales whose employer licence is the firm,FL,12030 SW 129TH CT,KENDALL,FL,33186,,,,2026-10-09
FL:1031373,PRESTIGE REALTY REFERRALS INC,,54,https://www2.myfloridalicense.com/sto/file_download/extracts//REALESTATE2501LICENSE_1.csv ; https://www2.myfloridalicense.com/sto/file_download/extracts//RealEstateCorpLicense.csv,people = Current/Active sales associates + brokers + broker-sales whose employer licence is the firm,FL,12789 FOREST HILL BOULEVARD,WELLINGTON,FL,33414,,,,2026-10-09
FL:1028332,LUXURY PARTNERS LLC,LUXURY PARTNERS REALTY,65,https://www2.myfloridalicense.com/sto/file_download/extracts//REALESTATE2501LICENSE_1.csv ; https://www2.myfloridalicense.com/sto/file_download/extracts//RealEstateCorpLicense.csv,people = Current/Active sales associates + brokers + broker-sales whose employer licence is the firm,FL,16950 JOG ROAD,DELRAY BEACH,FL,33446,,,,2026-10-09
FL:1033639,BUCCI REALTY INC,,37,https://www2.myfloridalicense.com/sto/file_download/extracts//REALESTATE2501LICENSE_1.csv ; https://www2.myfloridalicense.com/sto/file_download/extracts//RealEstateCorpLicense.csv,people = Current/Active sales associates + brokers + broker-sales whose employer licence is the firm,FL,2948 CORTONA DRIVE,MELBOURNE,FL,32940,,,,2026-10-09
FL:1049345,WAYPOINT PROPERTIES FLORIDA LLC,WAYPOINT PROPERTIES,39,https://www2.myfloridalicense.com/sto/file_download/extracts//REALESTATE2501LICENSE_1.csv ; https://www2.myfloridalicense.com/sto/file_download/extracts//RealEstateCorpLicense.csv,people = Current/Active sales associates + brokers + broker-sales whose employer licence is the firm,FL,3004 CRAWFORDVILLE HWY,CRAWFORDVILLE,FL,32327,,,,2026-10-09
FL:1034262,ELITE SALES GROUP INC,ELITE SALES GROUP REAL ESTATE,51,https://www2.myfloridalicense.com/sto/file_download/extracts//REALESTATE2501LICENSE_1.csv ; https://www2.myfloridalicense.com/sto/file_download/extracts//RealEstateCorpLicense.csv,people = Current/Active sales associates + brokers + broker-sales whose employer licence is the firm,FL,8603 S DIXIE HWY,PINECREST,FL,33156,,,,2026-10-09
FL:1004145,WHIDDON REFERRAL CORP INC,,46,https://www2.myfloridalicense.com/sto/file_download/extracts//REALESTATE2501LICENSE_1.csv ; https://www2.myfloridalicense.com/sto/file_download/extracts//RealEstateCorpLicense.csv,people = Current/Active sales associates + brokers + broker-sales whose employer licence is the firm,FL,777 S FEDERAL HWY,FORT LAUDERDALE,FL,33316,,,,2026-10-09
FL:254105,DANIEL CRAPPS AGENCY INC,,35,https://www2.myfloridalicense.com/sto/file_download/extracts//REALESTATE2501LICENSE_1.csv ; https://www2.myfloridalicense.com/sto/file_download/extracts//RealEstateCorpLicense.csv,people = Current/Active sales associates + brokers + broker-sales whose employer licence is the firm,FL,291 NW MAIN BOULEVARD,LAKE CITY,FL,32055,,,,2026-10-09
FL:1065772,SELECT REFERRAL REALTY LLC,,60,https://www2.myfloridalicense.com/sto/file_download/extracts//REALESTATE2501LICENSE_1.csv ; https://www2.myfloridalicense.com/sto/file_download/extracts//RealEstateCorpLicense.csv,people = Current/Active sales associates + brokers + broker-sales whose employer licence is the firm,FL,10175 W SUNRISE BLVD,PLANTATION,FL,33322,,,,2026-10-09
FL:1056510,FREEDOM PROPERTIES OF FLORIDA INC,RE/MAX SELECT PARTNERS,59,https://www2.myfloridalicense.com/sto/file_download/extracts//REALESTATE2501LICENSE_1.csv ; https://www2.myfloridalicense.com/sto/file_download/extracts//RealEstateCorpLicense.csv,people = Current/Active sales associates + brokers + broker-sales whose employer licence is the firm,FL,5625 SEVEN MILE DR,WILDWOOD,FL,34785,,,,2026-10-09
FL:1033498,YELLOWFIN REALTY GROUP LLC,YELLOWFIN REALTY,39,https://www2.myfloridalicense.com/sto/file_download/extracts//REALESTATE2501LICENSE_1.csv ; https://www2.myfloridalicense.com/sto/file_download/extracts//RealEstateCorpLicense.csv,people = Current/Active sales associates + brokers + broker-sales whose employer licence is the firm,FL,11256 WINTHROP MAIN STREET,VALRICO,FL,33578,,,,2026-10-09
FL:263032,HILLMAN REFERRAL INC,,62,https://www2.myfloridalicense.com/sto/file_download/extracts//REALESTATE2501LICENSE_1.csv ; https://www2.myfloridalicense.com/sto/file_download/extracts//RealEstateCorpLicense.csv,people = Current/Active sales associates + brokers + broker-sales whose employer licence is the firm,FL,205 W FAIRBANKS AVE,WINTER PARK,FL,32789,,,,2026-10-09
FL:1058294,COASTAL ALLIANCE HOLDINGS CORP,CENTURY21 COASTAL ALLIANCE,54,https://www2.myfloridalicense.com/sto/file_download/extracts//REALESTATE2501LICENSE_1.csv ; https://www2.myfloridalicense.com/sto/file_download/extracts//RealEstateCorpLicense.csv,people = Current/Active sales associates + brokers + broker-sales whose employer licence is the firm,FL,1253 PARK STREET,CLEARWATER,FL,33756,,,,2026-10-09
FL:1063728,IMPACT HOLDINGS GULF BEACHES LLC,KELLER WILLIAMS GULF BEACHES,51,https://www2.myfloridalicense.com/sto/file_download/extracts//REALESTATE2501LICENSE_1.csv ; https://www2.myfloridalicense.com/sto/file_download/extracts//RealEstateCorpLicense.csv,people = Current/Active sales associates + brokers + broker-sales whose employer licence is the firm,FL,8200 SEMINOLE BLVD,SEMINOLE,FL,33772,,,,2026-10-09
FL:1035398,HORIZON REALTY INTERNATIONAL INC,,61,https://www2.myfloridalicense.com/sto/file_download/extracts//REALESTATE2501LICENSE_1.csv ; https://www2.myfloridalicense.com/sto/file_download/extracts//RealEstateCorpLicense.csv,people = Current/Active sales associates + brokers + broker-sales whose employer licence is the firm,FL,6160 STATE ROAD 70 EAST,BRADENTON,FL,34203,,,,2026-10-09
FL:1005449,GLOBAL RELOCATION NETWORK INC,,63,https://www2.myfloridalicense.com/sto/file_download/extracts//REALESTATE2501LICENSE_1.csv ; https://www2.myfloridalicense.com/sto/file_download/extracts//RealEstateCorpLicense.csv,people = Current/Active sales associates + brokers + broker-sales whose employer licence is the firm,FL,1350 N FEDERAL HIGHWAY,POMPANO BEACH,FL,33062,,,,2026-10-09
FL:1047100,S & D REAL ESTATE SERVICES LLC,S & D REAL ESTATE SERVICES,74,https://www2.myfloridalicense.com/sto/file_download/extracts//REALESTATE2501LICENSE_1.csv ; https://www2.myfloridalicense.com/sto/file_download/extracts//RealEstateCorpLicense.csv,people = Current/Active sales associates + brokers + broker-sales whose employer licence is the firm,FL,230 DORIS DRIVE,LAKELAND,FL,33813,,,,2026-10-09
FL:1029400,HORIZON REALTY REFERRAL NETWORK INC,,41,https://www2.myfloridalicense.com/sto/file_download/extracts//REALESTATE2501LICENSE_1.csv ; https://www2.myfloridalicense.com/sto/file_download/extracts//RealEstateCorpLicense.csv,people = Current/Active sales associates + brokers + broker-sales whose employer licence is the firm,FL,6160 STATE ROAD 70 EAST,BRADENTON,FL,34203,,,,2026-10-09
FL:1074781,"FLORIDA DIRECT REFERRAL, LLC",,59,https://www2.myfloridalicense.com/sto/file_download/extracts//REALESTATE2501LICENSE_1.csv ; https://www2.myfloridalicense.com/sto/file_download/extracts//RealEstateCorpLicense.csv,people = Current/Active sales associates + brokers + broker-sales whose employer licence is the firm,FL,5481 WILES RD,COCONUT CREEK,FL,33073,,,,2026-10-09
FL:1050997,CHAMPIONS REFERRAL SERVICE INC,,67,https://www2.myfloridalicense.com/sto/file_download/extracts//REALESTATE2501LICENSE_1.csv ; https://www2.myfloridalicense.com/sto/file_download/extracts//RealEstateCorpLicense.csv,people = Current/Active sales associates + brokers + broker-sales whose employer licence is the firm,FL,4350 DUHME ROAD,MADEIRA BEACH,FL,33708,,,,2026-10-09
FL:1044488,REAL ESTATE REFERRAL AGENCY INC,,36,https://www2.myfloridalicense.com/sto/file_download/extracts//REALESTATE2501LICENSE_1.csv ; https://www2.myfloridalicense.com/sto/file_download/extracts//RealEstateCorpLicense.csv,people = Current/Active sales associates + brokers + broker-sales whose employer licence is the firm,FL,4540 SOUTHSIDE BLVD 902,JACKSONVILLE,FL,32207,,,,2026-10-09
FL:263062,ENTERPRISE REFERRAL REALTY INC,,50,https://www2.myfloridalicense.com/sto/file_download/extracts//REALESTATE2501LICENSE_1.csv ; https://www2.myfloridalicense.com/sto/file_download/extracts//RealEstateCorpLicense.csv,people = Current/Active sales associates + brokers + broker-sales whose employer licence is the firm,FL,1155 LOUISIANA AVE.,WINTER PARK,FL,32789,,,,2026-10-09
FL:1063098,SRNFLA LLC,SMART REFERRAL NETWORK,70,https://www2.myfloridalicense.com/sto/file_download/extracts//REALESTATE2501LICENSE_1.csv ; https://www2.myfloridalicense.com/sto/file_download/extracts//RealEstateCorpLicense.csv,people = Current/Active sales associates + brokers + broker-sales whose employer licence is the firm,FL,618 E. SOUTH STREET,ORLANDO,FL,32801,,,,2026-10-09
FL:231574,ATLANTIC PROPERTIES INTERNATIONAL INC,,42,https://www2.myfloridalicense.com/sto/file_download/extracts//REALESTATE2501LICENSE_1.csv ; https://www2.myfloridalicense.com/sto/file_download/extracts//RealEstateCorpLicense.csv,people = Current/Active sales associates + brokers + broker-sales whose employer licence is the firm,FL,3556 N OCEAN BLVD,FT LAUDERDALE,FL,33308,,,,2026-10-09
FL:1060990,LAKEWOOD RANCH REAL ESTATE GROUP LLC,KW COASTAL LIVING II,54,https://www2.myfloridalicense.com/sto/file_download/extracts//REALESTATE2501LICENSE_1.csv ; https://www2.myfloridalicense.com/sto/file_download/extracts//RealEstateCorpLicense.csv,people = Current/Active sales associates + brokers + broker-sales whose employer licence is the firm,FL,5391 LAKEWOOD RANCH BLVD N,SARASOTA,FL,34240,,,,2026-10-09
FL:1037553,COLLADO REAL ESTATE REFERRAL INC,,55,https://www2.myfloridalicense.com/sto/file_download/extracts//REALESTATE2501LICENSE_1.csv ; https://www2.myfloridalicense.com/sto/file_download/extracts//RealEstateCorpLicense.csv,people = Current/Active sales associates + brokers + broker-sales whose employer licence is the firm,FL,402 FLAGLER AVENUE,NEW SMYRNA BEACH,FL,32169,,,,2026-10-09
FL:1032252,SEAWINDS INVESTMENT REALTY LLC,,55,https://www2.myfloridalicense.com/sto/file_download/extracts//REALESTATE2501LICENSE_1.csv ; https://www2.myfloridalicense.com/sto/file_download/extracts//RealEstateCorpLicense.csv,people = Current/Active sales associates + brokers + broker-sales whose employer licence is the firm,FL,14852 68TH DR. NORTH,PALM BEACH GARDENS,FL,33418,,,,2026-10-09
FL:1036982,BARON MYERS REALTY LLC,CENTURY 21 MYERS REALTY,68,https://www2.myfloridalicense.com/sto/file_download/extracts//REALESTATE2501LICENSE_1.csv ; https://www2.myfloridalicense.com/sto/file_download/extracts//RealEstateCorpLicense.csv,people = Current/Active sales associates + brokers + broker-sales whose employer licence is the firm,FL,304 E PARK ST,AUBURNDALE,FL,33823,,,,2026-10-09
FL:1070187,"HUBBARD HANSEN REALTY, LLC",COLDWELL BANKER HUBBARD HANSEN,68,https://www2.myfloridalicense.com/sto/file_download/extracts//REALESTATE2501LICENSE_1.csv ; https://www2.myfloridalicense.com/sto/file_download/extracts//RealEstateCorpLicense.csv,people = Current/Active sales associates + brokers + broker-sales whose employer licence is the firm,FL,1795 E HIGHWAY 50,CLERMONT,FL,34711,,,,2026-10-09
FL:1020022,HOMERUN REALTY LLC,,71,https://www2.myfloridalicense.com/sto/file_download/extracts//REALESTATE2501LICENSE_1.csv ; https://www2.myfloridalicense.com/sto/file_download/extracts//RealEstateCorpLicense.csv,people = Current/Active sales associates + brokers + broker-sales whose employer licence is the firm,FL,3501 NE 10TH STREET,OCALA,FL,34470,,,,2026-10-09
FL:1041519,CANERO GROUP LLC,CANERO GROUP,50,https://www2.myfloridalicense.com/sto/file_download/extracts//REALESTATE2501LICENSE_1.csv ; https://www2.myfloridalicense.com/sto/file_download/extracts//RealEstateCorpLicense.csv,people = Current/Active sales associates + brokers + broker-sales whose employer licence is the firm,FL,250 GIRALDA AVENUE,CORAL GABLES,FL,33134,,,,2026-10-09
FL:1052231,REALTEC REFERRAL SERVICES INC,,40,https://www2.myfloridalicense.com/sto/file_download/extracts//REALESTATE2501LICENSE_1.csv ; https://www2.myfloridalicense.com/sto/file_download/extracts//RealEstateCorpLicense.csv,people = Current/Active sales associates + brokers + broker-sales whose employer licence is the firm,FL,4175 WOODLANDS PKWY,PALM HARBOR,FL,34685,,,,2026-10-09
FL:1049816,BARON MYERS REALTY REFERRAL COMPANY,,51,https://www2.myfloridalicense.com/sto/file_download/extracts//REALESTATE2501LICENSE_1.csv ; https://www2.myfloridalicense.com/sto/file_download/extracts//RealEstateCorpLicense.csv,people = Current/Active sales associates + brokers + broker-sales whose employer licence is the firm,FL,304 EAST PARK STREET,AUBURNDALE,FL,33823,,,,2026-10-09
FL:1015229,ROSSMAN REFERRAL REALTY INC,,69,https://www2.myfloridalicense.com/sto/file_download/extracts//REALESTATE2501LICENSE_1.csv ; https://www2.myfloridalicense.com/sto/file_download/extracts//RealEstateCorpLicense.csv,people = Current/Active sales associates + brokers + broker-sales whose employer licence is the firm,FL,1104 SE 46TH LANE,CAPE CORAL,FL,33904,,,,2026-10-09
FL:1057876,LISTED COM AMBASSADOR REALTY INC,LPT REALTY AMBASSADOR NETWORK,63,https://www2.myfloridalicense.com/sto/file_download/extracts//REALESTATE2501LICENSE_1.csv ; https://www2.myfloridalicense.com/sto/file_download/extracts//RealEstateCorpLicense.csv,people = Current/Active sales associates + brokers + broker-sales whose employer licence is the firm,FL,1400 S INTERNATIONAL PARKWAY,LAKE MARY,FL,32746,,,,2026-10-09
FL:1003500,R & R INVESTMENT PROPERTIES INC,RE\MAX TOWN & COUNTRY REALTY,60,https://www2.myfloridalicense.com/sto/file_download/extracts//REALESTATE2501LICENSE_1.csv ; https://www2.myfloridalicense.com/sto/file_download/extracts//RealEstateCorpLicense.csv,people = Current/Active sales associates + brokers + broker-sales whose employer licence is the firm,FL,1315 TUSKAWILLA ROAD,WINTER SPRINGS,FL,32708,,,,2026-10-09
FL:1064538,"DOWN HOME REALTY, LLLP",,45,https://www2.myfloridalicense.com/sto/file_download/extracts//REALESTATE2501LICENSE_1.csv ; https://www2.myfloridalicense.com/sto/file_download/extracts//RealEstateCorpLicense.csv,people = Current/Active sales associates + brokers + broker-sales whose employer licence is the firm,FL,1305 CLEVELAND AVE SUITE B,WILDWOOD,FL,34785,,,,2026-10-09
FL:1054670,DIVITO REAL ESTATE GROUP LLC,,68,https://www2.myfloridalicense.com/sto/file_download/extracts//REALESTATE2501LICENSE_1.csv ; https://www2.myfloridalicense.com/sto/file_download/extracts//RealEstateCorpLicense.csv,people = Current/Active sales associates + brokers + broker-sales whose employer licence is the firm,FL,8704 SW FLUTTO WAY,PORT ST. LUCIE,FL,34987,,,,2026-10-09
FL:1046309,SIGNATURE INTERNATIONAL PREMIER PROPERTIES LLC,,55,https://www2.myfloridalicense.com/sto/file_download/extracts//REALESTATE2501LICENSE_1.csv ; https://www2.myfloridalicense.com/sto/file_download/extracts//RealEstateCorpLicense.csv,people = Current/Active sales associates + brokers + broker-sales whose employer licence is the firm,FL,9080 KIMBERLY BLVD,BOCA RATON,FL,33434,,,,2026-10-09
FL:1027175,LISTING SERVICES DIRECT INC,WHITE SANDS REALTY GROUP FLORIDA,58,https://www2.myfloridalicense.com/sto/file_download/extracts//REALESTATE2501LICENSE_1.csv ; https://www2.myfloridalicense.com/sto/file_download/extracts//RealEstateCorpLicense.csv,people = Current/Active sales associates + brokers + broker-sales whose employer licence is the firm,FL,1990 MAIN ST SUITE 750,SARASOTA,FL,34236,,,,2026-10-09
FL:1053718,KEY WEST COMPASS LLC,KELLER WILLIAMS KEY WEST COMPASS REALTY,69,https://www2.myfloridalicense.com/sto/file_download/extracts//REALESTATE2501LICENSE_1.csv ; https://www2.myfloridalicense.com/sto/file_download/extracts//RealEstateCorpLicense.csv,people = Current/Active sales associates + brokers + broker-sales whose employer licence is the firm,FL,333 FLEMING STREET,KEY WEST,FL,33040,,,,2026-10-09
FL:273892,ALEX MACWILLIAM REFERRAL GROUP INC,,48,https://www2.myfloridalicense.com/sto/file_download/extracts//REALESTATE2501LICENSE_1.csv ; https://www2.myfloridalicense.com/sto/file_download/extracts//RealEstateCorpLicense.csv,people = Current/Active sales associates + brokers + broker-sales whose employer licence is the firm,FL,2901 OCEAN DR,VERO BEACH,FL,32963,,,,2026-10-09
FL:1030787,ARG DBJ LLC,ALLIANCE REALTY GROUP,38,https://www2.myfloridalicense.com/sto/file_download/extracts//REALESTATE2501LICENSE_1.csv ; https://www2.myfloridalicense.com/sto/file_download/extracts//RealEstateCorpLicense.csv,people = Current/Active sales associates + brokers + broker-sales whose employer licence is the firm,FL,14090 METROPOLIS AVENUE,FORT MYERS,FL,33912,,,,2026-10-09
FL:1044106,NEXT GENERATION REALTY OF FLORIDA LLC,SELLSTATE NEXT GENERATION REALTY,65,https://www2.myfloridalicense.com/sto/file_download/extracts//REALESTATE2501LICENSE_1.csv ; https://www2.myfloridalicense.com/sto/file_download/extracts//RealEstateCorpLicense.csv,people = Current/Active sales associates + brokers + broker-sales whose employer licence is the firm,FL,1720 SE 16TH AVE BLDG 200,OCALA,FL,34471,,,,2026-10-09
FL:1036410,ROSEBAY REFERRAL INC,RB REFERRAL,38,https://www2.myfloridalicense.com/sto/file_download/extracts//REALESTATE2501LICENSE_1.csv ; https://www2.myfloridalicense.com/sto/file_download/extracts//RealEstateCorpLicense.csv,people = Current/Active sales associates + brokers + broker-sales whose employer licence is the firm,FL,1815 S OSPREY AVE,SARASOTA,FL,34239,,,,2026-10-09
FL:1036724,ROUND TABLE REALTY INC,,75,https://www2.myfloridalicense.com/sto/file_download/extracts//REALESTATE2501LICENSE_1.csv ; https://www2.myfloridalicense.com/sto/file_download/extracts//RealEstateCorpLicense.csv,people = Current/Active sales associates + brokers + broker-sales whose employer licence is the firm,FL,1637 RACE TRACK RD.,ST. JOHNS,FL,32259,,,,2026-10-09
FL:1059928,GARRETT BELL LLC,DENOVO REALTY,70,https://www2.myfloridalicense.com/sto/file_download/extracts//REALESTATE2501LICENSE_1.csv ; https://www2.myfloridalicense.com/sto/file_download/extracts//RealEstateCorpLicense.csv,people = Current/Active sales associates + brokers + broker-sales whose employer licence is the firm,FL,1500 HIGHLAND AVE,MELBOURNE,FL,32935,,,,2026-10-09
FL:1053809,TENACE REALTY OF JUPITER INC,CENTURY 21 TENACE REAL ESTATE,35,https://www2.myfloridalicense.com/sto/file_download/extracts//REALESTATE2501LICENSE_1.csv ; https://www2.myfloridalicense.com/sto/file_download/extracts//RealEstateCorpLicense.csv,people = Current/Active sales associates + brokers + broker-sales whose employer licence is the firm,FL,1010 DAKOTA DRIVE,JUPITER,FL,33458,,,,2026-10-09
FL:1069506,BREVARD REAL ESTATE REFERRAL SERVICES LLC,,49,https://www2.myfloridalicense.com/sto/file_download/extracts//REALESTATE2501LICENSE_1.csv ; https://www2.myfloridalicense.com/sto/file_download/extracts//RealEstateCorpLicense.csv,people = Current/Active sales associates + brokers + broker-sales whose employer licence is the firm,FL,4050 CROOKED MILE ROAD SUITE 101,MERRITT ISLAND,FL,32952,,,,2026-10-09
FL:1042088,FLORIDA LUXURY REALTY REFERRALS LLC,,36,https://www2.myfloridalicense.com/sto/file_download/extracts//REALESTATE2501LICENSE_1.csv ; https://www2.myfloridalicense.com/sto/file_download/extracts//RealEstateCorpLicense.csv,people = Current/Active sales associates + brokers + broker-sales whose employer licence is the firm,FL,11923 OAK TRAIL WAY,PORT RICHEY,FL,34668,,,,2026-10-09
FL:228160,ALLIANCE ENTERPRISES OF THE NATURE COAST INC,CENTURY 21 ALLIANCE REALTY,39,https://www2.myfloridalicense.com/sto/file_download/extracts//REALESTATE2501LICENSE_1.csv ; https://www2.myfloridalicense.com/sto/file_download/extracts//RealEstateCorpLicense.csv,people = Current/Active sales associates + brokers + broker-sales whose employer licence is the firm,FL,13179 SPRING HILL DRIVE,SPRING HILL,FL,34609,,,,2026-10-09
FL:1037994,GRAND HAVEN REALTY LLC,GRAND LIVING REALTY,55,https://www2.myfloridalicense.com/sto/file_download/extracts//REALESTATE2501LICENSE_1.csv ; https://www2.myfloridalicense.com/sto/file_download/extracts//RealEstateCorpLicense.csv,people = Current/Active sales associates + brokers + broker-sales whose employer licence is the firm,FL,2298 COLBERT LANE,PALM COAST,FL,32137,,,,2026-10-09
FL:1001173,VIP REALTY GROUP INC,,45,https://www2.myfloridalicense.com/sto/file_download/extracts//REALESTATE2501LICENSE_1.csv ; https://www2.myfloridalicense.com/sto/file_download/extracts//RealEstateCorpLicense.csv,people = Current/Active sales associates + brokers + broker-sales whose employer licence is the firm,FL,13131 UNIVERSITY DRIVE,FORT MYERS,FL,33907,,,,2026-10-09
FL:1063628,ANNA LEE WILLIAMS REFERRALS PA,,37,https://www2.myfloridalicense.com/sto/file_download/extracts//REALESTATE2501LICENSE_1.csv ; https://www2.myfloridalicense.com/sto/file_download/extracts//RealEstateCorpLicense.csv,people = Current/Active sales associates + brokers + broker-sales whose employer licence is the firm,FL,6539 GATEWAY AVE,SARASOTA,FL,34231,,,,2026-10-09
FL:1057603,GERI WESTFALL REAL ESTATE PA,SIMPLY REAL ESTATE,43,https://www2.myfloridalicense.com/sto/file_download/extracts//REALESTATE2501LICENSE_1.csv ; https://www2.myfloridalicense.com/sto/file_download/extracts//RealEstateCorpLicense.csv,people = Current/Active sales associates + brokers + broker-sales whose employer licence is the firm,FL,481 N. US HIGHWAY 1,ORMOND BEACH,FL,32174,,,,2026-10-09
FL:1010248,FREDERICK J BELES PA,1ST FLORIDA REFERRAL GROUP,51,https://www2.myfloridalicense.com/sto/file_download/extracts//REALESTATE2501LICENSE_1.csv ; https://www2.myfloridalicense.com/sto/file_download/extracts//RealEstateCorpLicense.csv,people = Current/Active sales associates + brokers + broker-sales whose employer licence is the firm,FL,8586 POTTER PARK DRIVE,SARASOTA,FL,34238,,,,2026-10-09
FL:184,DR HORTON INC JACKSONVILLE,,44,https://www2.myfloridalicense.com/sto/file_download/extracts//REALESTATE2501LICENSE_1.csv ; https://www2.myfloridalicense.com/sto/file_download/extracts//RealEstateCorpLicense.csv,people = Current/Active sales associates + brokers + broker-sales whose employer licence is the firm,FL,,,,,,,,2026-10-09
FL:1074292,TFP FLORIDA REALTY LLC,,44,https://www2.myfloridalicense.com/sto/file_download/extracts//REALESTATE2501LICENSE_1.csv ; https://www2.myfloridalicense.com/sto/file_download/extracts//RealEstateCorpLicense.csv,people = Current/Active sales associates + brokers + broker-sales whose employer licence is the firm,FL,932 SWANN DR,LAKELAND,FL,33809,,,,2026-10-09
FL:1029995,F I GREY & SON RESIDENTIAL INC,,49,https://www2.myfloridalicense.com/sto/file_download/extracts//REALESTATE2501LICENSE_1.csv ; https://www2.myfloridalicense.com/sto/file_download/extracts//RealEstateCorpLicense.csv,people = Current/Active sales associates + brokers + broker-sales whose employer licence is the firm,FL,5636 GRAND BOULEVARD,NEW PORT RICHEY,FL,34652,,,,2026-10-09
FL:267794,FIRST ROMAN REFERRAL INC,,52,https://www2.myfloridalicense.com/sto/file_download/extracts//REALESTATE2501LICENSE_1.csv ; https://www2.myfloridalicense.com/sto/file_download/extracts//RealEstateCorpLicense.csv,people = Current/Active sales associates + brokers + broker-sales whose employer licence is the firm,FL,13155 SW 42TH STREET #200,MIAMI,FL,33175,,,,2026-10-09
FL:1073536,"LINHART REALTY GROUP, LLC",REMAX UNLIMITED,47,https://www2.myfloridalicense.com/sto/file_download/extracts//REALESTATE2501LICENSE_1.csv ; https://www2.myfloridalicense.com/sto/file_download/extracts//RealEstateCorpLicense.csv,people = Current/Active sales associates + brokers + broker-sales whose employer licence is the firm,FL,158 MARKETSIDE AVENUE,PONTE VEDRA,FL,32081,,,,2026-10-09
FL:1066214,"TOWER TEAM REALTY, LLC",,71,https://www2.myfloridalicense.com/sto/file_download/extracts//REALESTATE2501LICENSE_1.csv ; https://www2.myfloridalicense.com/sto/file_download/extracts//RealEstateCorpLicense.csv,people = Current/Active sales associates + brokers + broker-sales whose employer licence is the firm,FL,9211 NW 5TH 9211 NW 5TH STREET,PEMBROKE PINES,FL,33024,,,,2026-10-09
FL:1038450,RPR OF HERNANDO INC,RE/MAX MARKETING SPECIALISTS,56,https://www2.myfloridalicense.com/sto/file_download/extracts//REALESTATE2501LICENSE_1.csv ; https://www2.myfloridalicense.com/sto/file_download/extracts//RealEstateCorpLicense.csv,people = Current/Active sales associates + brokers + broker-sales whose employer licence is the firm,FL,3377 MARINER BLVD,SPRING HILL,FL,34609,,,,2026-10-09
FL:1067218,COASTAL GATEWAY REAL ESTATE GROUP LLC,,51,https://www2.myfloridalicense.com/sto/file_download/extracts//REALESTATE2501LICENSE_1.csv ; https://www2.myfloridalicense.com/sto/file_download/extracts//RealEstateCorpLicense.csv,people = Current/Active sales associates + brokers + broker-sales whose employer licence is the firm,FL,2 CAMINO DEL MAR,PALM COAST,FL,32137,,,,2026-10-09
FL:1065697,VIRTUAL REFERRAL NETWORK LLC,,39,https://www2.myfloridalicense.com/sto/file_download/extracts//REALESTATE2501LICENSE_1.csv ; https://www2.myfloridalicense.com/sto/file_download/extracts//RealEstateCorpLicense.csv,people = Current/Active sales associates + brokers + broker-sales whose employer licence is the firm,FL,1400 CORPORATE CENTER WAY,WELLINGTON,FL,33414,,,,2026-10-09
FL:1003861,"LEIBOWITZ REALTY GROUP, LLC",,54,https://www2.myfloridalicense.com/sto/file_download/extracts//REALESTATE2501LICENSE_1.csv ; https://www2.myfloridalicense.com/sto/file_download/extracts//RealEstateCorpLicense.csv,people = Current/Active sales associates + brokers + broker-sales whose employer licence is the firm,FL,5602 PGA BOULEVARD,PALM BEACH GARDENS,FL,33418,,,,2026-10-09
FL:1015381,BIG INTERNATIONAL REALTY INC,BIG INTERNATIONAL REALTY,69,https://www2.myfloridalicense.com/sto/file_download/extracts//REALESTATE2501LICENSE_1.csv ; https://www2.myfloridalicense.com/sto/file_download/extracts//RealEstateCorpLicense.csv,people = Current/Active sales associates + brokers + broker-sales whose employer licence is the firm,FL,400 SUNNY ISLES BLVD,SUNNY ISLES,FL,33160,,,,2026-10-09
FL:1049096,JUNGLE HUT INC,REALTY EXECUTIVES OCEANSIDE,48,https://www2.myfloridalicense.com/sto/file_download/extracts//REALESTATE2501LICENSE_1.csv ; https://www2.myfloridalicense.com/sto/file_download/extracts//RealEstateCorpLicense.csv,people = Current/Active sales associates + brokers + broker-sales whose employer licence is the firm,FL,235 PALM COAST PKWY NE,PALM COAST,FL,32137,,,,2026-10-09
FL:1066793,"SIGNATURE BEST FLORIDA REALTY, LLC",,67,https://www2.myfloridalicense.com/sto/file_download/extracts//REALESTATE2501LICENSE_1.csv ; https://www2.myfloridalicense.com/sto/file_download/extracts//RealEstateCorpLicense.csv,people = Current/Active sales associates + brokers + broker-sales whose employer licence is the firm,FL,9080 KIMBERLY BLVD,BOCA RATON,FL,33434,,,,2026-10-09
FL:1027371,SUDBURY HOLDING CORPORATION,SELLSTATE PRIORITY REALTY,54,https://www2.myfloridalicense.com/sto/file_download/extracts//REALESTATE2501LICENSE_1.csv ; https://www2.myfloridalicense.com/sto/file_download/extracts//RealEstateCorpLicense.csv,people = Current/Active sales associates + brokers + broker-sales whose employer licence is the firm,FL,3321 DEL PRADO BLVD SOUTH,CAPE CORAL,FL,33904,,,,2026-10-09
FL:219775,"TOWER RESORTS REALTY, LLC",,41,https://www2.myfloridalicense.com/sto/file_download/extracts//REALESTATE2501LICENSE_1.csv ; https://www2.myfloridalicense.com/sto/file_download/extracts//RealEstateCorpLicense.csv,people = Current/Active sales associates + brokers + broker-sales whose employer licence is the firm,FL,2626 E OAKLAND PARK BLVD,FORT LAUDERDALE,FL,33306,,,,2026-10-09
FL:1026073,GARY HENNES REALTY INC,GARY HENNES,53,https://www2.myfloridalicense.com/sto/file_download/extracts//REALESTATE2501LICENSE_1.csv ; https://www2.myfloridalicense.com/sto/file_download/extracts//RealEstateCorpLicense.csv,people = Current/Active sales associates + brokers + broker-sales whose employer licence is the firm,FL,1335 LINCOLN RD.,MIAMI BEACH,FL,33139,,,,2026-10-09
FL:1046160,PRIME PROPERTY INC,REMAX PRIME PROPERTIES,45,https://www2.myfloridalicense.com/sto/file_download/extracts//REALESTATE2501LICENSE_1.csv ; https://www2.myfloridalicense.com/sto/file_download/extracts//RealEstateCorpLicense.csv,people = Current/Active sales associates + brokers + broker-sales whose employer licence is the firm,FL,311 SOUTH MAIN ST,WINTER GARDEN,FL,34787,,,,2026-10-09
FL:1009832,REAL ESTATE UNIVERSE INC,,48,https://www2.myfloridalicense.com/sto/file_download/extracts//REALESTATE2501LICENSE_1.csv ; https://www2.myfloridalicense.com/sto/file_download/extracts//RealEstateCorpLicense.csv,people = Current/Active sales associates + brokers + broker-sales whose employer licence is the firm,FL,9112 ALTERNATE A1A,NORTH PALM BEACH,FL,33403,,,,2026-10-09
FL:1067080,ELITE REFERRALS LLC,,57,https://www2.myfloridalicense.com/sto/file_download/extracts//REALESTATE2501LICENSE_1.csv ; https://www2.myfloridalicense.com/sto/file_download/extracts//RealEstateCorpLicense.csv,people = Current/Active sales associates + brokers + broker-sales whose employer licence is the firm,FL,12817 BRUNELLO CIR,CLERMONT,FL,34711,,,,2026-10-09
FL:1069346,"WATERFRONT INTERNATIONAL REALTY, LLC",,54,https://www2.myfloridalicense.com/sto/file_download/extracts//REALESTATE2501LICENSE_1.csv ; https://www2.myfloridalicense.com/sto/file_download/extracts//RealEstateCorpLicense.csv,people = Current/Active sales associates + brokers + broker-sales whose employer licence is the firm,FL,18246 COLLINS AVE,SUNNY ISLES,FL,33160,,,,2026-10-09
FL:1040655,AG REAL ESTATE ADVISORS LLC,,45,https://www2.myfloridalicense.com/sto/file_download/extracts//REALESTATE2501LICENSE_1.csv ; https://www2.myfloridalicense.com/sto/file_download/extracts//RealEstateCorpLicense.csv,people = Current/Active sales associates + brokers + broker-sales whose employer licence is the firm,FL,40 SW 13 STREET SUITE 202,MIAMI,FL,33130,,,,2026-10-09
FL:1071820,ICONIC REALTY AND ASSOCIATES PLLC,,55,https://www2.myfloridalicense.com/sto/file_download/extracts//REALESTATE2501LICENSE_1.csv ; https://www2.myfloridalicense.com/sto/file_download/extracts//RealEstateCorpLicense.csv,people = Current/Active sales associates + brokers + broker-sales whose employer licence is the firm,FL,"2980 NE 207 STREET, 3RD FLOOR",AVENTURA,FL,33180,,,,2026-10-09
FL:1014257,TERRABELLA REALTY LLC,TERRABELLA REALTY,39,https://www2.myfloridalicense.com/sto/file_download/extracts//REALESTATE2501LICENSE_1.csv ; https://www2.myfloridalicense.com/sto/file_download/extracts//RealEstateCorpLicense.csv,people = Current/Active sales associates + brokers + broker-sales whose employer licence is the firm,FL,240 OLD FEDERAL HWY,HALLANDALLE BEACH,FL,33009,,,,2026-10-09
FL:1050383,NB ELITE REALTY LLC,,73,https://www2.myfloridalicense.com/sto/file_download/extracts//REALESTATE2501LICENSE_1.csv ; https://www2.myfloridalicense.com/sto/file_download/extracts//RealEstateCorpLicense.csv,people = Current/Active sales associates + brokers + broker-sales whose employer licence is the firm,FL,1101 BRICKELL AVE 8TH FLOOR,MIAMI,FL,33140,,,,2026-10-09
FL:1057702,MARKET CONNECT REALTY LLC,,44,https://www2.myfloridalicense.com/sto/file_download/extracts//REALESTATE2501LICENSE_1.csv ; https://www2.myfloridalicense.com/sto/file_download/extracts//RealEstateCorpLicense.csv,people = Current/Active sales associates + brokers + broker-sales whose employer licence is the firm,FL,7009 DR PHILLIPS BLVD,ORLANDO,FL,32819,,,,2026-10-09
FL:1020057,WHITE SANDS INC OF ALABAMA,REMAX OF ORANGE BEACH,37,https://www2.myfloridalicense.com/sto/file_download/extracts//REALESTATE2501LICENSE_1.csv ; https://www2.myfloridalicense.com/sto/file_download/extracts//RealEstateCorpLicense.csv,people = Current/Active sales associates + brokers + broker-sales whose employer licence is the firm,FL,26021 PERDIDO BEACH BLVD,ORANGE BEACH,AL,36561,,,,2026-10-09
FL:1013549,JC REALTY GROUP INC,,47,https://www2.myfloridalicense.com/sto/file_download/extracts//REALESTATE2501LICENSE_1.csv ; https://www2.myfloridalicense.com/sto/file_download/extracts//RealEstateCorpLicense.csv,people = Current/Active sales associates + brokers + broker-sales whose employer licence is the firm,FL,2641 E ATLANTIC BLVD,POMPANO BEACH,FL,33062,,,,2026-10-09
FL:1056459,REAL ESTATE REFERRAL SERVICES LLC,,55,https://www2.myfloridalicense.com/sto/file_download/extracts//REALESTATE2501LICENSE_1.csv ; https://www2.myfloridalicense.com/sto/file_download/extracts//RealEstateCorpLicense.csv,people = Current/Active sales associates + brokers + broker-sales whose employer licence is the firm,FL,373 ADAMO WAY,WEST MELBOURNE,FL,32904,,,,2026-10-09
FL:1051629,ACE OF SWORDS CORP,,35,https://www2.myfloridalicense.com/sto/file_download/extracts//REALESTATE2501LICENSE_1.csv ; https://www2.myfloridalicense.com/sto/file_download/extracts//RealEstateCorpLicense.csv,people = Current/Active sales associates + brokers + broker-sales whose employer licence is the firm,FL,6606 NEWPORT PALMS COURT,TAMPA,FL,33647,,,,2026-10-09
FL:182161,CITY REAL ESTATE CORP,,60,https://www2.myfloridalicense.com/sto/file_download/extracts//REALESTATE2501LICENSE_1.csv ; https://www2.myfloridalicense.com/sto/file_download/extracts//RealEstateCorpLicense.csv,people = Current/Active sales associates + brokers + broker-sales whose employer licence is the firm,FL,3111 UNIVERSITY DRIVE,CORAL SPRINGS,FL,33065,,,,2026-10-09
FL:1052582,EXPERIENCE WILTON MANORS LLC,RE/MAX EXPERIENCE,43,https://www2.myfloridalicense.com/sto/file_download/extracts//REALESTATE2501LICENSE_1.csv ; https://www2.myfloridalicense.com/sto/file_download/extracts//RealEstateCorpLicense.csv,people = Current/Active sales associates + brokers + broker-sales whose employer licence is the firm,FL,1103 NE 26TH STREET,WILTON MANORS,FL,33305,,,,2026-10-09
FL:3078965,"RAPP, RICHARD T",,37,https://www2.myfloridalicense.com/sto/file_download/extracts//REALESTATE2501LICENSE_1.csv ; https://www2.myfloridalicense.com/sto/file_download/extracts//RealEstateCorpLicense.csv,people = Current/Active sales associates + brokers + broker-sales whose employer licence is the firm,FL,,,,,,,,2026-10-09
FL:301,KB HOME ORLANDO LLC,,49,https://www2.myfloridalicense.com/sto/file_download/extracts//REALESTATE2501LICENSE_1.csv ; https://www2.myfloridalicense.com/sto/file_download/extracts//RealEstateCorpLicense.csv,people = Current/Active sales associates + brokers + broker-sales whose employer licence is the firm,FL,,,,,,,,2026-10-09
FL:188,DAVID WEEKLEY HOMES,,40,https://www2.myfloridalicense.com/sto/file_download/extracts//REALESTATE2501LICENSE_1.csv ; https://www2.myfloridalicense.com/sto/file_download/extracts//RealEstateCorpLicense.csv,people = Current/Active sales associates + brokers + broker-sales whose employer licence is the firm,FL,,,,,,,,2026-10-09
FL:1055258,AFFILIATED FLORIDA OPERATIONS LLC,CENTURY 21 CIRCLE,35,https://www2.myfloridalicense.com/sto/file_download/extracts//REALESTATE2501LICENSE_1.csv ; https://www2.myfloridalicense.com/sto/file_download/extracts//RealEstateCorpLicense.csv,people = Current/Active sales associates + brokers + broker-sales whose employer licence is the firm,FL,415 S BABCOCK STREET,MELBOURNE,FL,32901,,,,2026-10-09
FL:1031272,SUNSHINE ELITE REALTY REFERRAL LLC,,48,https://www2.myfloridalicense.com/sto/file_download/extracts//REALESTATE2501LICENSE_1.csv ; https://www2.myfloridalicense.com/sto/file_download/extracts//RealEstateCorpLicense.csv,people = Current/Active sales associates + brokers + broker-sales whose employer licence is the firm,FL,9696 BONITA BEACH ROAD,BONITA SPRINGS,FL,34135,,,,2026-10-09
FL:1018185,MY WAY LLC,BEGGINS REFERRAL NETWORK,58,https://www2.myfloridalicense.com/sto/file_download/extracts//REALESTATE2501LICENSE_1.csv ; https://www2.myfloridalicense.com/sto/file_download/extracts//RealEstateCorpLicense.csv,people = Current/Active sales associates + brokers + broker-sales whose employer licence is the firm,FL,429 BOCA CIEGA DR,MADEIRA BEACH,FL,33708,,,,2026-10-09
FL:1034701,AGENT REFERRAL CORP,,36,https://www2.myfloridalicense.com/sto/file_download/extracts//REALESTATE2501LICENSE_1.csv ; https://www2.myfloridalicense.com/sto/file_download/extracts//RealEstateCorpLicense.csv,people = Current/Active sales associates + brokers + broker-sales whose employer licence is the firm,FL,"1261 GULF BLVD., #119",CLEARWATER,FL,33767,,,,2026-10-09
FL:1057975,REALTY ADVISORS REFERRAL ASSOCIATES,,36,https://www2.myfloridalicense.com/sto/file_download/extracts//REALESTATE2501LICENSE_1.csv ; https://www2.myfloridalicense.com/sto/file_download/extracts//RealEstateCorpLicense.csv,people = Current/Active sales associates + brokers + broker-sales whose employer licence is the firm,FL,9174 GLADES RD,BOCA RATON,FL,33434,,,,2026-10-09
FL:1035461,SANDALS REALTY GROUP INC,,36,https://www2.myfloridalicense.com/sto/file_download/extracts//REALESTATE2501LICENSE_1.csv ; https://www2.myfloridalicense.com/sto/file_download/extracts//RealEstateCorpLicense.csv,people = Current/Active sales associates + brokers + broker-sales whose employer licence is the firm,FL,500 S AUSTRALIAN AVE 6TH FLOOR,WEST PALM BEACH,FL,33401,,,,2026-10-09
FL:1033849,PREMIER REALTY PARTNERS INC,CORCORAN PREMIER REALTY,53,https://www2.myfloridalicense.com/sto/file_download/extracts//REALESTATE2501LICENSE_1.csv ; https://www2.myfloridalicense.com/sto/file_download/extracts//RealEstateCorpLicense.csv,people = Current/Active sales associates + brokers + broker-sales whose employer licence is the firm,FL,1921 SUITE 1 MAGUIRE ROAD,WINDERMERE,FL,34786,,,,2026-10-09
FL:1068127,VREELAND REAL ESTATE LLC,VREELAND REAL ESTATE,54,https://www2.myfloridalicense.com/sto/file_download/extracts//REALESTATE2501LICENSE_1.csv ; https://www2.myfloridalicense.com/sto/file_download/extracts//RealEstateCorpLicense.csv,people = Current/Active sales associates + brokers + broker-sales whose employer licence is the firm,FL,450 KNIGHTS RUN AVENUE UNIT 1,TAMPA,FL,33602,,,,2026-10-09
FL:1046003,EXCLUSIVE PREMIER REALTY LLC,,54,https://www2.myfloridalicense.com/sto/file_download/extracts//REALESTATE2501LICENSE_1.csv ; https://www2.myfloridalicense.com/sto/file_download/extracts//RealEstateCorpLicense.csv,people = Current/Active sales associates + brokers + broker-sales whose employer licence is the firm,FL,18800 NW 12TH ST.,PEMBROKE PINES,FL,33029,,,,2026-10-09
FL:1044798,COASTAL PROPERTIES GROUP FLORIDA LLC,,43,https://www2.myfloridalicense.com/sto/file_download/extracts//REALESTATE2501LICENSE_1.csv ; https://www2.myfloridalicense.com/sto/file_download/extracts//RealEstateCorpLicense.csv,people = Current/Active sales associates + brokers + broker-sales whose employer licence is the firm,FL,423 MANDALAY AVE 102,CLEARWATER BEACH,FL,33767,,,,2026-10-09
FL:1008637,CREATIVE VENTURES OF BOCA INC,REMAX SERVICES,49,https://www2.myfloridalicense.com/sto/file_download/extracts//REALESTATE2501LICENSE_1.csv ; https://www2.myfloridalicense.com/sto/file_download/extracts//RealEstateCorpLicense.csv,people = Current/Active sales associates + brokers + broker-sales whose employer licence is the firm,FL,5820 N FEDERAL HIGHWAY,BOCA RATON,FL,33487,,,,2026-10-09
FL:1061878,MARCO SUNRISE REALTY LLC,KELLER WILLIAMS MARCO REALTY,74,https://www2.myfloridalicense.com/sto/file_download/extracts//REALESTATE2501LICENSE_1.csv ; https://www2.myfloridalicense.com/sto/file_download/extracts//RealEstateCorpLicense.csv,people = Current/Active sales associates + brokers + broker-sales whose employer licence is the firm,FL,830 BALD EAGLE DR,MARCO ISLAND,FL,34145,,,,2026-10-09
FL:1054448,PREMIER AGENT NETWORK INC,,58,https://www2.myfloridalicense.com/sto/file_download/extracts//REALESTATE2501LICENSE_1.csv ; https://www2.myfloridalicense.com/sto/file_download/extracts//RealEstateCorpLicense.csv,people = Current/Active sales associates + brokers + broker-sales whose employer licence is the firm,FL,"7901 4TH ST N, STE 8528",ST. PETERSBURG,FL,33702,,,,2026-10-09
FL:1046339,FOREVER FLORIDA REAL ESTATE INC,,50,https://www2.myfloridalicense.com/sto/file_download/extracts//REALESTATE2501LICENSE_1.csv ; https://www2.myfloridalicense.com/sto/file_download/extracts//RealEstateCorpLicense.csv,people = Current/Active sales associates + brokers + broker-sales whose employer licence is the firm,FL,505 PASADENA AVE S,ST PETERSBURG,FL,33707,,,,2026-10-09
FL:275498,V I P REFERRAL GROUP INC,,48,https://www2.myfloridalicense.com/sto/file_download/extracts//REALESTATE2501LICENSE_1.csv ; https://www2.myfloridalicense.com/sto/file_download/extracts//RealEstateCorpLicense.csv,people = Current/Active sales associates + brokers + broker-sales whose employer licence is the firm,FL,13131 UNIVERSITY DRIVE,FORT MYERS,FL,33907,,,,2026-10-09
FL:1041020,GULFSTREAM GOLD LLC,KW COASTAL LIVING,45,https://www2.myfloridalicense.com/sto/file_download/extracts//REALESTATE2501LICENSE_1.csv ; https://www2.myfloridalicense.com/sto/file_download/extracts//RealEstateCorpLicense.csv,people = Current/Active sales associates + brokers + broker-sales whose employer licence is the firm,FL,1815 ENGLEWOOD ROAD,ENGLEWOOD,FL,34223,,,,2026-10-09
FL:1029360,ROSEBAY INTERNATIONAL REALTY INC,CENTURY 21 ROSEBAY,42,https://www2.myfloridalicense.com/sto/file_download/extracts//REALESTATE2501LICENSE_1.csv ; https://www2.myfloridalicense.com/sto/file_download/extracts//RealEstateCorpLicense.csv,people = Current/Active sales associates + brokers + broker-sales whose employer licence is the firm,FL,1815 S. OSPREY AVE,SARASOTA,FL,34239,,,,2026-10-09
FL:1056600,DAWN MILLER INVESTMENTS LLC,SELLSTATE PRIME REALTY,50,https://www2.myfloridalicense.com/sto/file_download/extracts//REALESTATE2501LICENSE_1.csv ; https://www2.myfloridalicense.com/sto/file_download/extracts//RealEstateCorpLicense.csv,people = Current/Active sales associates + brokers + broker-sales whose employer licence is the firm,FL,10611 TAMIAMI TRAIL N,NAPLES,FL,34108,,,,2026-10-09
FL:1059585,SALLY LOVE REAL ESTATE INC,,42,https://www2.myfloridalicense.com/sto/file_download/extracts//REALESTATE2501LICENSE_1.csv ; https://www2.myfloridalicense.com/sto/file_download/extracts//RealEstateCorpLicense.csv,people = Current/Active sales associates + brokers + broker-sales whose employer licence is the firm,FL,607 LEE STREET,WILDWOOD,FL,34785,,,,2026-10-09
FL:1049192,REFERRAL ADVANTAGE CORP,,58,https://www2.myfloridalicense.com/sto/file_download/extracts//REALESTATE2501LICENSE_1.csv ; https://www2.myfloridalicense.com/sto/file_download/extracts//RealEstateCorpLicense.csv,people = Current/Active sales associates + brokers + broker-sales whose employer licence is the firm,FL,601 HERITAGE DRIVE SUITE 111,JUPITER,FL,33458,,,,2026-10-09
FL:1044413,GALLERY OF PROPERTIES INT'L REALTY INC,PREFERRED PROPERTIES INT'L REFERRALS,66,https://www2.myfloridalicense.com/sto/file_download/extracts//REALESTATE2501LICENSE_1.csv ; https://www2.myfloridalicense.com/sto/file_download/extracts//RealEstateCorpLicense.csv,people = Current/Active sales associates + brokers + broker-sales whose employer licence is the firm,FL,1800 NW CORPORATE BLVD SUITE 310,BOCA RATON,FL,33431,,,,2026-10-09
FL:1047402,FLORIDA RE REFERRAL LLC,,44,https://www2.myfloridalicense.com/sto/file_download/extracts//REALESTATE2501LICENSE_1.csv ; https://www2.myfloridalicense.com/sto/file_download/extracts//RealEstateCorpLicense.csv,people = Current/Active sales associates + brokers + broker-sales whose employer licence is the firm,FL,1011 3RD STREET N,JACKSONVILLE BEACH,FL,32250,,,,2026-10-09
FL:1031853,TALL PINES REALTY INC,TALL PINES RENTALS,44,https://www2.myfloridalicense.com/sto/file_download/extracts//REALESTATE2501LICENSE_1.csv ; https://www2.myfloridalicense.com/sto/file_download/extracts//RealEstateCorpLicense.csv,people = Current/Active sales associates + brokers + broker-sales whose employer licence is the firm,FL,1500 S. MCCALL RD.,ENGLEWOOD,FL,34223,,,,2026-10-09
FL:1040445,MY CASTLE REAL ESTATE LLC,,42,https://www2.myfloridalicense.com/sto/file_download/extracts//REALESTATE2501LICENSE_1.csv ; https://www2.myfloridalicense.com/sto/file_download/extracts//RealEstateCorpLicense.csv,people = Current/Active sales associates + brokers + broker-sales whose employer licence is the firm,FL,2490 NW 63RD ST,BOCA RATON,FL,33496,,,,2026-10-09
FL:1031846,AEROSPACE REAL ESTATE INC,RE/MAX AEROSPACE REALTY,47,https://www2.myfloridalicense.com/sto/file_download/extracts//REALESTATE2501LICENSE_1.csv ; https://www2.myfloridalicense.com/sto/file_download/extracts//RealEstateCorpLicense.csv,people = Current/Active sales associates + brokers + broker-sales whose employer licence is the firm,FL,240 N ORLANDO AVE,COCOA BEACH,FL,32931,,,,2026-10-09
FL:1033043,WESTCHASE HOLDINGS LLC,CENTURY 21 COAST TO COAST,45,https://www2.myfloridalicense.com/sto/file_download/extracts//REALESTATE2501LICENSE_1.csv ; https://www2.myfloridalicense.com/sto/file_download/extracts//RealEstateCorpLicense.csv,people = Current/Active sales associates + brokers + broker-sales whose employer licence is the firm,FL,4114 AMBER LANE,PALM HARBOR,FL,34685,,,,2026-10-09
FL:1060057,DOMAINREALTY.COM REFERRAL LLC,,46,https://www2.myfloridalicense.com/sto/file_download/extracts//REALESTATE2501LICENSE_1.csv ; https://www2.myfloridalicense.com/sto/file_download/extracts//RealEstateCorpLicense.csv,people = Current/Active sales associates + brokers + broker-sales whose employer licence is the firm,FL,24031 SOUTH TAMIAMI TRAIL SUITE 101,BONITA SPRINGS,FL,34134,,,,2026-10-09
FL:1035655,PREMIER PLUS REALTY GROUP CORP,A PLUS REALTY,55,https://www2.myfloridalicense.com/sto/file_download/extracts//REALESTATE2501LICENSE_1.csv ; https://www2.myfloridalicense.com/sto/file_download/extracts//RealEstateCorpLicense.csv,people = Current/Active sales associates + brokers + broker-sales whose employer licence is the firm,FL,5258 GOLDEN GATE PARKWAY,NAPLES,FL,34116,,,,2026-10-09
FL:1040846,REALTY EXCHANGE FL LLC,,35,https://www2.myfloridalicense.com/sto/file_download/extracts//REALESTATE2501LICENSE_1.csv ; https://www2.myfloridalicense.com/sto/file_download/extracts//RealEstateCorpLicense.csv,people = Current/Active sales associates + brokers + broker-sales whose employer licence is the firm,FL,300 PALM COAST PKWY NE,PALM COAST,FL,32137,,,,2026-10-09
FL:1011378,PREMIER REFERRAL SERVICES INC,,36,https://www2.myfloridalicense.com/sto/file_download/extracts//REALESTATE2501LICENSE_1.csv ; https://www2.myfloridalicense.com/sto/file_download/extracts//RealEstateCorpLicense.csv,people = Current/Active sales associates + brokers + broker-sales whose employer licence is the firm,FL,393 ARAGON AVE,MIAMI,FL,33134,,,,2026-10-09
FL:1037156,REFERRAL SERVICES OF CENTRAL FLORIDA LLC,,37,https://www2.myfloridalicense.com/sto/file_download/extracts//REALESTATE2501LICENSE_1.csv ; https://www2.myfloridalicense.com/sto/file_download/extracts//RealEstateCorpLicense.csv,people = Current/Active sales associates + brokers + broker-sales whose employer licence is the firm,FL,17301 PAGONIA RD SUITE 300,CLERMONT,FL,34711,,,,2026-10-09
FL:1038941,HOMEXPRESS REALTY INC,,48,https://www2.myfloridalicense.com/sto/file_download/extracts//REALESTATE2501LICENSE_1.csv ; https://www2.myfloridalicense.com/sto/file_download/extracts//RealEstateCorpLicense.csv,people = Current/Active sales associates + brokers + broker-sales whose employer licence is the firm,FL,6622 LEESIDE ISLE,HUDSON,FL,34667,,,,2026-10-09
FL:1034866,FOLIO REALTY LLC,,55,https://www2.myfloridalicense.com/sto/file_download/extracts//REALESTATE2501LICENSE_1.csv ; https://www2.myfloridalicense.com/sto/file_download/extracts//RealEstateCorpLicense.csv,people = Current/Active sales associates + brokers + broker-sales whose employer licence is the firm,FL,1615 EDGEWATER DRIVE,ORLANDO,FL,32804,,,,2026-10-09
FL:1059935,KYLER LLC,HOMESMART COASTAL REALTY,73,https://www2.myfloridalicense.com/sto/file_download/extracts//REALESTATE2501LICENSE_1.csv ; https://www2.myfloridalicense.com/sto/file_download/extracts//RealEstateCorpLicense.csv,people = Current/Active sales associates + brokers + broker-sales whose employer licence is the firm,FL,1680 HIGHWAY A1A,SATELLITE BEACH,FL,32937,,,,2026-10-09
FL:1025763,J K B REALTY INC,RE / MAX ELITE,73,https://www2.myfloridalicense.com/sto/file_download/extracts//REALESTATE2501LICENSE_1.csv ; https://www2.myfloridalicense.com/sto/file_download/extracts//RealEstateCorpLicense.csv,people = Current/Active sales associates + brokers + broker-sales whose employer licence is the firm,FL,6022 FARCENDA PL STE 101,MELBOURNE,FL,32940,,,,2026-10-09
FL:1063245,NIZZ AGENTS LLC,,56,https://www2.myfloridalicense.com/sto/file_download/extracts//REALESTATE2501LICENSE_1.csv ; https://www2.myfloridalicense.com/sto/file_download/extracts//RealEstateCorpLicense.csv,people = Current/Active sales associates + brokers + broker-sales whose employer licence is the firm,FL,2414 NW 138 DR,SUNRISE,FL,33323,,,,2026-10-09
FL:1016006,PRIME REALTY ADVISORY GROUP,PRAG REALTORS,39,https://www2.myfloridalicense.com/sto/file_download/extracts//REALESTATE2501LICENSE_1.csv ; https://www2.myfloridalicense.com/sto/file_download/extracts//RealEstateCorpLicense.csv,people = Current/Active sales associates + brokers + broker-sales whose employer licence is the firm,FL,6750 N ANDREWS AVE,FORT LAUDERDALE,FL,33319,,,,2026-10-09
FL:1033199,GUARDIAN REAL ESTATE CO,,36,https://www2.myfloridalicense.com/sto/file_download/extracts//REALESTATE2501LICENSE_1.csv ; https://www2.myfloridalicense.com/sto/file_download/extracts//RealEstateCorpLicense.csv,people = Current/Active sales associates + brokers + broker-sales whose employer licence is the firm,FL,12525 ORANGE DR.,DAVIE,FL,33330,,,,2026-10-09
FL:1038709,FIRST CLASS REAL ESTATE LLC,,50,https://www2.myfloridalicense.com/sto/file_download/extracts//REALESTATE2501LICENSE_1.csv ; https://www2.myfloridalicense.com/sto/file_download/extracts//RealEstateCorpLicense.csv,people = Current/Active sales associates + brokers + broker-sales whose employer licence is the firm,FL,12944 WEST DIXIE HIGHWAY,NORTH MIAMI,FL,33161,,,,2026-10-09
FL:1043041,REALTY STANDARD INC,,38,https://www2.myfloridalicense.com/sto/file_download/extracts//REALESTATE2501LICENSE_1.csv ; https://www2.myfloridalicense.com/sto/file_download/extracts//RealEstateCorpLicense.csv,people = Current/Active sales associates + brokers + broker-sales whose employer licence is the firm,FL,595 S FEDERAL HIGHWAY #110,BOCA RATON,FL,33432,,,,2026-10-09
FL:111750,CENTURY 21 COMMANDER REALTY INC,,45,https://www2.myfloridalicense.com/sto/file_download/extracts//REALESTATE2501LICENSE_1.csv ; https://www2.myfloridalicense.com/sto/file_download/extracts//RealEstateCorpLicense.csv,people = Current/Active sales associates + brokers + broker-sales whose employer licence is the firm,FL,2708 HIGHWAY 77,PANAMA CITY,FL,32405,,,,2026-10-09
FL:1050324,REALSPERITY INC,,64,https://www2.myfloridalicense.com/sto/file_download/extracts//REALESTATE2501LICENSE_1.csv ; https://www2.myfloridalicense.com/sto/file_download/extracts//RealEstateCorpLicense.csv,people = Current/Active sales associates + brokers + broker-sales whose employer licence is the firm,FL,7401 WILES ROAD,CORAL SPRINGS,FL,33067,,,,2026-10-09
FL:1056245,CHAMPIONS REFERRALS INC,,46,https://www2.myfloridalicense.com/sto/file_download/extracts//REALESTATE2501LICENSE_1.csv ; https://www2.myfloridalicense.com/sto/file_download/extracts//RealEstateCorpLicense.csv,people = Current/Active sales associates + brokers + broker-sales whose employer licence is the firm,FL,11541 TRINITY BLVD,TRINITY,FL,34655,,,,2026-10-09
FL:1019161,LUMER CORPORATION,LUMER REAL ESTATE,50,https://www2.myfloridalicense.com/sto/file_download/extracts//REALESTATE2501LICENSE_1.csv ; https://www2.myfloridalicense.com/sto/file_download/extracts//RealEstateCorpLicense.csv,people = Current/Active sales associates + brokers + broker-sales whose employer licence is the firm,FL,19370 COLLINS AVE CU1,SUNNY ISLES BEACH,FL,33160,,,,2026-10-09
FL:389,HIGHLAND HOMES,,39,https://www2.myfloridalicense.com/sto/file_download/extracts//REALESTATE2501LICENSE_1.csv ; https://www2.myfloridalicense.com/sto/file_download/extracts//RealEstateCorpLicense.csv,people = Current/Active sales associates + brokers + broker-sales whose employer licence is the firm,FL,,,,,,,,2026-10-09
FL:1044036,HBWB REALTY LLC,HOMES BY WESTBAY REALTY,61,https://www2.myfloridalicense.com/sto/file_download/extracts//REALESTATE2501LICENSE_1.csv ; https://www2.myfloridalicense.com/sto/file_download/extracts//RealEstateCorpLicense.csv,people = Current/Active sales associates + brokers + broker-sales whose employer licence is the firm,FL,4065 CRESCENT PARK DR,RIVERVIEW,FL,33578,,,,2026-10-09
FL:1051837,ALIGN RIGHT REALTY LLC,,38,https://www2.myfloridalicense.com/sto/file_download/extracts//REALESTATE2501LICENSE_1.csv ; https://www2.myfloridalicense.com/sto/file_download/extracts//RealEstateCorpLicense.csv,people = Current/Active sales associates + brokers + broker-sales whose employer licence is the firm,FL,6113 GRAND BLVD,NEW PORT RICHEY,FL,34652,,,,2026-10-09
FL:1056375,INNOVA REAL ESTATE CORPORATION,,51,https://www2.myfloridalicense.com/sto/file_download/extracts//REALESTATE2501LICENSE_1.csv ; https://www2.myfloridalicense.com/sto/file_download/extracts//RealEstateCorpLicense.csv,people = Current/Active sales associates + brokers + broker-sales whose employer licence is the firm,FL,4645 SE 11TH PL SUITE 104,CAPE CORAL,FL,33904,,,,2026-10-09
FL:1045293,PROPERTY PROS REAL ESTATE INC,,41,https://www2.myfloridalicense.com/sto/file_download/extracts//REALESTATE2501LICENSE_1.csv ; https://www2.myfloridalicense.com/sto/file_download/extracts//RealEstateCorpLicense.csv,people = Current/Active sales associates + brokers + broker-sales whose employer licence is the firm,FL,2510 BALMORAL DRIVE,KISSIMMEE,FL,34744,,,,2026-10-09
FL:1047035,KEYES PLATINUM REAL ESTATE LLC,PLATINUM PROPERTIES A DIVISION OF KEYES LUXURY REAL ESTATE,40,https://www2.myfloridalicense.com/sto/file_download/extracts//REALESTATE2501LICENSE_1.csv ; https://www2.myfloridalicense.com/sto/file_download/extracts//RealEstateCorpLicense.csv,people = Current/Active sales associates + brokers + broker-sales whose employer licence is the firm,FL,14241 US HIGHWAY 1,JUNO BEACH,FL,33408,,,,2026-10-09
FL:1066133,MARVIEW INTERNATIONAL REALTY L.L.C,,39,https://www2.myfloridalicense.com/sto/file_download/extracts//REALESTATE2501LICENSE_1.csv ; https://www2.myfloridalicense.com/sto/file_download/extracts//RealEstateCorpLicense.csv,people = Current/Active sales associates + brokers + broker-sales whose employer licence is the firm,FL,2521 S FERN CREEK AVE,ORLANDO,FL,32806,,,,2026-10-09
FL:1029019,QUICKSILVER REAL ESTATE GROUP INC,,52,https://www2.myfloridalicense.com/sto/file_download/extracts//REALESTATE2501LICENSE_1.csv ; https://www2.myfloridalicense.com/sto/file_download/extracts//RealEstateCorpLicense.csv,people = Current/Active sales associates + brokers + broker-sales whose employer licence is the firm,FL,6606 NEWPORT PALMS COURT,TAMPA,FL,33647,,,,2026-10-09
FL:1052133,RESOURCE ONE HOMES LLC,,35,https://www2.myfloridalicense.com/sto/file_download/extracts//REALESTATE2501LICENSE_1.csv ; https://www2.myfloridalicense.com/sto/file_download/extracts//RealEstateCorpLicense.csv,people = Current/Active sales associates + brokers + broker-sales whose employer licence is the firm,FL,13224 MARSH FERN DR,ORLANDO,FL,32828,,,,2026-10-09
FL:1072789,REAL ESTATE CENTER INC.,COLDWELL BANKER PREMIUM REALTY,35,https://www2.myfloridalicense.com/sto/file_download/extracts//REALESTATE2501LICENSE_1.csv ; https://www2.myfloridalicense.com/sto/file_download/extracts//RealEstateCorpLicense.csv,people = Current/Active sales associates + brokers + broker-sales whose employer licence is the firm,FL,406 LUCERNE AVE,LAKE WORTH BEACH,FL,33460,,,,2026-10-09
FL:1065791,VANTASURE REALTY REFERRALS LLC,,39,https://www2.myfloridalicense.com/sto/file_download/extracts//REALESTATE2501LICENSE_1.csv ; https://www2.myfloridalicense.com/sto/file_download/extracts//RealEstateCorpLicense.csv,people = Current/Active sales associates + brokers + broker-sales whose employer licence is the firm,FL,8070 NW 110TH DR,PARKLAND,FL,33076,,,,2026-10-09
FL:1041556,MUTTER HOLDINGS INC,MUTTER REALTY,38,https://www2.myfloridalicense.com/sto/file_download/extracts//REALESTATE2501LICENSE_1.csv ; https://www2.myfloridalicense.com/sto/file_download/extracts//RealEstateCorpLicense.csv,people = Current/Active sales associates + brokers + broker-sales whose employer licence is the firm,FL,346 S WASHINGTON AVE,TITUSVILLE,FL,32796,,,,2026-10-09
FL:1057354,MIDDLE KEYS VACATION LLC,KEYS VACATION RENTALS,35,https://www2.myfloridalicense.com/sto/file_download/extracts//REALESTATE2501LICENSE_1.csv ; https://www2.myfloridalicense.com/sto/file_download/extracts//RealEstateCorpLicense.csv,people = Current/Active sales associates + brokers + broker-sales whose employer licence is the firm,FL,336 DUVAL STREET,KEY WEST,FL,33040,,,,2026-10-09
FL:1027006,MORRIS WILLIAMS CORPORATION,MORRIS WILLIAMS REALTY,38,https://www2.myfloridalicense.com/sto/file_download/extracts//REALESTATE2501LICENSE_1.csv ; https://www2.myfloridalicense.com/sto/file_download/extracts//RealEstateCorpLicense.csv,people = Current/Active sales associates + brokers + broker-sales whose employer licence is the firm,FL,PO BOX 354179,PALM COAST,FL,32135,,,,2026-10-09
FL:1056833,ATLANTIC COAST TEAM LLC,CENTURY 21 MOVE WITH US,37,https://www2.myfloridalicense.com/sto/file_download/extracts//REALESTATE2501LICENSE_1.csv ; https://www2.myfloridalicense.com/sto/file_download/extracts//RealEstateCorpLicense.csv,people = Current/Active sales associates + brokers + broker-sales whose employer licence is the firm,FL,3383 SW MAPP ROAD,PALM CITY,FL,34990,,,,2026-10-09
FL:1040911,ANCHOR VACATION PROPERTIES REAL ESTATE REFERRALS INC,,46,https://www2.myfloridalicense.com/sto/file_download/extracts//REALESTATE2501LICENSE_1.csv ; https://www2.myfloridalicense.com/sto/file_download/extracts//RealEstateCorpLicense.csv,people = Current/Active sales associates + brokers + broker-sales whose employer licence is the firm,FL,PO BOX 250,APALACHICOLA,FL,32329,,,,2026-10-09
FL:1017382,REALTY WORLD CURRI PROPERTIES INC,CURRI PROPERTIES,43,https://www2.myfloridalicense.com/sto/file_download/extracts//REALESTATE2501LICENSE_1.csv ; https://www2.myfloridalicense.com/sto/file_download/extracts//RealEstateCorpLicense.csv,people = Current/Active sales associates + brokers + broker-sales whose employer licence is the firm,FL,1097 S PATRICK DRIVE,SATELLITE BEACH,FL,32937,,,,2026-10-09
FL:1045855,DORAL REAL ESTATE CENTER LLC,,46,https://www2.myfloridalicense.com/sto/file_download/extracts//REALESTATE2501LICENSE_1.csv ; https://www2.myfloridalicense.com/sto/file_download/extracts//RealEstateCorpLicense.csv,people = Current/Active sales associates + brokers + broker-sales whose employer licence is the firm,FL,3785 NW 82 AVE SUITE 215,DORAL,FL,33166,,,,2026-10-09
FL:1070306,"LAWHUN ENTERPRISES IV, LLC",FLORIDA REALTY INVESTMENTS IV,56,https://www2.myfloridalicense.com/sto/file_download/extracts//REALESTATE2501LICENSE_1.csv ; https://www2.myfloridalicense.com/sto/file_download/extracts//RealEstateCorpLicense.csv,people = Current/Active sales associates + brokers + broker-sales whose employer licence is the firm,FL,3451 TECHNOLOGICAL AVE.,ORLANDO,FL,32817,,,,2026-10-09
FL:1042866,LUXE LIVING REALTY LLC,LUXE LIVING REALTY,47,https://www2.myfloridalicense.com/sto/file_download/extracts//REALESTATE2501LICENSE_1.csv ; https://www2.myfloridalicense.com/sto/file_download/extracts//RealEstateCorpLicense.csv,people = Current/Active sales associates + brokers + broker-sales whose employer licence is the firm,FL,1680 MICHIGAN AVENUE SUITE 100,MIAMI BEACH,FL,33139,,,,2026-10-09
FL:1023448,GENESIS REALTY SERVICES INC,,54,https://www2.myfloridalicense.com/sto/file_download/extracts//REALESTATE2501LICENSE_1.csv ; https://www2.myfloridalicense.com/sto/file_download/extracts//RealEstateCorpLicense.csv,people = Current/Active sales associates + brokers + broker-sales whose employer licence is the firm,FL,7759 NW 146 STREET G2,MIAMI LAKES,FL,33016,,,,2026-10-09
FL:1056991,MADISON ALLIED LLC,,65,https://www2.myfloridalicense.com/sto/file_download/extracts//REALESTATE2501LICENSE_1.csv ; https://www2.myfloridalicense.com/sto/file_download/extracts//RealEstateCorpLicense.csv,people = Current/Active sales associates + brokers + broker-sales whose employer licence is the firm,FL,333 SE 2ND AVENUE,MIAMI,FL,33131,,,,2026-10-09
FL:1051650,RADIUS REALTY GROUP LLC,,39,https://www2.myfloridalicense.com/sto/file_download/extracts//REALESTATE2501LICENSE_1.csv ; https://www2.myfloridalicense.com/sto/file_download/extracts//RealEstateCorpLicense.csv,people = Current/Active sales associates + brokers + broker-sales whose employer licence is the firm,FL,1143-C EXECUTIVE CIRCLE,CARY,NC,27511,,,,2026-10-09
FL:1034756,SOTHEBYS INTERNATIONAL REALTY REFERRAL COMPANY LLC,,48,https://www2.myfloridalicense.com/sto/file_download/extracts//REALESTATE2501LICENSE_1.csv ; https://www2.myfloridalicense.com/sto/file_download/extracts//RealEstateCorpLicense.csv,people = Current/Active sales associates + brokers + broker-sales whose employer licence is the firm,FL,340 ROYAL POINCIANA WAY,PALM BEACH,FL,33480,,,,2026-10-09
FL:1023295,SAGGIO REALTY INC,,45,https://www2.myfloridalicense.com/sto/file_download/extracts//REALESTATE2501LICENSE_1.csv ; https://www2.myfloridalicense.com/sto/file_download/extracts//RealEstateCorpLicense.csv,people = Current/Active sales associates + brokers + broker-sales whose employer licence is the firm,FL,6625 MIAMI LAKES DR.,MIAMI LAKES,FL,33014,,,,2026-10-09
FL:1065714,"HIGGINS REALTY GROUP, LLC",ENGEL & VOELKERS VERO BEACH,40,https://www2.myfloridalicense.com/sto/file_download/extracts//REALESTATE2501LICENSE_1.csv ; https://www2.myfloridalicense.com/sto/file_download/extracts//RealEstateCorpLicense.csv,people = Current/Active sales associates + brokers + broker-sales whose employer licence is the firm,FL,6156 57TH CT,VERO BEACH,FL,32967,,,,2026-10-09
FL:225179,SAVILLS INC,,45,https://www2.myfloridalicense.com/sto/file_download/extracts//REALESTATE2501LICENSE_1.csv ; https://www2.myfloridalicense.com/sto/file_download/extracts//RealEstateCorpLicense.csv,people = Current/Active sales associates + brokers + broker-sales whose employer licence is the firm,FL,333 SE 2ND AVENUE SUITE 2800,MIAMI,FL,33131,,,,2026-10-09
FL:1038170,NAVY TO NAVY HOMES LLC,,38,https://www2.myfloridalicense.com/sto/file_download/extracts//REALESTATE2501LICENSE_1.csv ; https://www2.myfloridalicense.com/sto/file_download/extracts//RealEstateCorpLicense.csv,people = Current/Active sales associates + brokers + broker-sales whose employer licence is the firm,FL,4540 SOUTHSIDE BLVD.,JACKSONVILLE,FL,32216,,,,2026-10-09
FL:1061370,PELLEGO LLC,,49,https://www2.myfloridalicense.com/sto/file_download/extracts//REALESTATE2501LICENSE_1.csv ; https://www2.myfloridalicense.com/sto/file_download/extracts//RealEstateCorpLicense.csv,people = Current/Active sales associates + brokers + broker-sales whose employer licence is the firm,FL,3600 136TH PL SE,BELLEVUE,WA,98006,,,,2026-10-09
FL:1054280,MIAMI BEACH REAL ESTATE GROUP LLC,,72,https://www2.myfloridalicense.com/sto/file_download/extracts//REALESTATE2501LICENSE_1.csv ; https://www2.myfloridalicense.com/sto/file_download/extracts//RealEstateCorpLicense.csv,people = Current/Active sales associates + brokers + broker-sales whose employer licence is the firm,FL,7314 COLLINS AVE.,MIAMI BEACH,FL,33141,,,,2026-10-09
FL:1071219,ECHELON REFERRAL NETWORK LLC,,37,https://www2.myfloridalicense.com/sto/file_download/extracts//REALESTATE2501LICENSE_1.csv ; https://www2.myfloridalicense.com/sto/file_download/extracts//RealEstateCorpLicense.csv,people = Current/Active sales associates + brokers + broker-sales whose employer licence is the firm,FL,5391 LAKEWOOD RANCH BLVD N STE 100,SARASOTA,FL,34240,,,,2026-10-09
FL:1028995,ABES REALTY INC,TERZA REFERRAL NETWORK,38,https://www2.myfloridalicense.com/sto/file_download/extracts//REALESTATE2501LICENSE_1.csv ; https://www2.myfloridalicense.com/sto/file_download/extracts//RealEstateCorpLicense.csv,people = Current/Active sales associates + brokers + broker-sales whose employer licence is the firm,FL,PO BOX 141690,GAINESVILLE,FL,32614,,,,2026-10-09
FL:1059240,SPACE COAST PARTNERS LLC,KELLER WILLIAMS SPACE COAST REALTY,68,https://www2.myfloridalicense.com/sto/file_download/extracts//REALESTATE2501LICENSE_1.csv ; https://www2.myfloridalicense.com/sto/file_download/extracts//RealEstateCorpLicense.csv,people = Current/Active sales associates + brokers + broker-sales whose employer licence is the firm,FL,1980 N ATLANTIC AVE SUITE 304,COCOA BEACH,FL,32931,,,,2026-10-09
FL:385,D R HORTON INC,,75,https://www2.myfloridalicense.com/sto/file_download/extracts//REALESTATE2501LICENSE_1.csv ; https://www2.myfloridalicense.com/sto/file_download/extracts//RealEstateCorpLicense.csv,people = Current/Active sales associates + brokers + broker-sales whose employer licence is the firm,FL,,,,,,,,2026-10-09
FL:1055643,SOFLO HOME REALTY CORP,CENTURY 21 LUXE HOMES,39,https://www2.myfloridalicense.com/sto/file_download/extracts//REALESTATE2501LICENSE_1.csv ; https://www2.myfloridalicense.com/sto/file_download/extracts//RealEstateCorpLicense.csv,people = Current/Active sales associates + brokers + broker-sales whose employer licence is the firm,FL,301 NE 2ND AVE,DELRAY BEACH,FL,33444,,,,2026-10-09
FL:1023677,NATIONWIDE REALTY LLC,EASY REALTY,58,https://www2.myfloridalicense.com/sto/file_download/extracts//REALESTATE2501LICENSE_1.csv ; https://www2.myfloridalicense.com/sto/file_download/extracts//RealEstateCorpLicense.csv,people = Current/Active sales associates + brokers + broker-sales whose employer licence is the firm,FL,7403 EXCITEMENT DR,REUNION,FL,34747,,,,2026-10-09
FL:1062114,FLORIDA REALTY UNLIMITED LLC,FLORIDA REALTY,37,https://www2.myfloridalicense.com/sto/file_download/extracts//REALESTATE2501LICENSE_1.csv ; https://www2.myfloridalicense.com/sto/file_download/extracts//RealEstateCorpLicense.csv,people = Current/Active sales associates + brokers + broker-sales whose employer licence is the firm,FL,902 W LUMSDEN RD SUITE 103,BRANDON,FL,33511,,,,2026-10-09
FL:1270,WILLIAM GREGORY RIDOLPH,,40,https://www2.myfloridalicense.com/sto/file_download/extracts//REALESTATE2501LICENSE_1.csv ; https://www2.myfloridalicense.com/sto/file_download/extracts//RealEstateCorpLicense.csv,people = Current/Active sales associates + brokers + broker-sales whose employer licence is the firm,FL,,,,,,,,2026-10-09
FL:1029735,G & E REALTY GROUP INC,,35,https://www2.myfloridalicense.com/sto/file_download/extracts//REALESTATE2501LICENSE_1.csv ; https://www2.myfloridalicense.com/sto/file_download/extracts//RealEstateCorpLicense.csv,people = Current/Active sales associates + brokers + broker-sales whose employer licence is the firm,FL,3325 S. UNIVERSITY DR,DAVIE,FL,33328,,,,2026-10-09
FL:1043505,BELHOUSE REAL ESTATE,,42,https://www2.myfloridalicense.com/sto/file_download/extracts//REALESTATE2501LICENSE_1.csv ; https://www2.myfloridalicense.com/sto/file_download/extracts//RealEstateCorpLicense.csv,people = Current/Active sales associates + brokers + broker-sales whose employer licence is the firm,FL,40 SW,MIAMI,FL,33130,,,,2026-10-09
FL:1046242,BARCLAYS PARTNERSHIP LLC,BARCLAYS REAL ESTATE GROUP I,42,https://www2.myfloridalicense.com/sto/file_download/extracts//REALESTATE2501LICENSE_1.csv ; https://www2.myfloridalicense.com/sto/file_download/extracts//RealEstateCorpLicense.csv,people = Current/Active sales associates + brokers + broker-sales whose employer licence is the firm,FL,3444 MARINATOWN LN. SUITE 11,NORTH FORT MYERS,FL,33903,,,,2026-10-09
FL:1064740,COSMORE FLORIDA CORP,COSMORE,37,https://www2.myfloridalicense.com/sto/file_download/extracts//REALESTATE2501LICENSE_1.csv ; https://www2.myfloridalicense.com/sto/file_download/extracts//RealEstateCorpLicense.csv,people = Current/Active sales associates + brokers + broker-sales whose employer licence is the firm,FL,1200 BRICKELL AVENUE,MIAMI,FL,33131,,,,2026-10-09
FL:1038458,FONTANA REALTY INC,,39,https://www2.myfloridalicense.com/sto/file_download/extracts//REALESTATE2501LICENSE_1.csv ; https://www2.myfloridalicense.com/sto/file_download/extracts//RealEstateCorpLicense.csv,people = Current/Active sales associates + brokers + broker-sales whose employer licence is the firm,FL,4505 SE 48TH 4505 SE 48TH PLACE RD,OCALA,FL,34480,,,,2026-10-09
FL:1051005,WILLIAM RAVEIS REFERRAL GROUP FL LLC,,74,https://www2.myfloridalicense.com/sto/file_download/extracts//REALESTATE2501LICENSE_1.csv ; https://www2.myfloridalicense.com/sto/file_download/extracts//RealEstateCorpLicense.csv,people = Current/Active sales associates + brokers + broker-sales whose employer licence is the firm,FL,7 TRAP FALL ROAD,SHELTON,CT,06484,,,,2026-10-09
FL:1051041,PAVICH FAMILY REALTY INC,REALTY WORLD J PAVICH REAL ESTATE,49,https://www2.myfloridalicense.com/sto/file_download/extracts//REALESTATE2501LICENSE_1.csv ; https://www2.myfloridalicense.com/sto/file_download/extracts//RealEstateCorpLicense.csv,people = Current/Active sales associates + brokers + broker-sales whose employer licence is the firm,FL,21301 S TAMIAMI TRAIL 340,ESTERO,FL,33928,,,,2026-10-09
FL:1066897,EQUESTRIAN SOTHEBY'S INTERNATIONAL REALTY LLC,,52,https://www2.myfloridalicense.com/sto/file_download/extracts//REALESTATE2501LICENSE_1.csv ; https://www2.myfloridalicense.com/sto/file_download/extracts//RealEstateCorpLicense.csv,people = Current/Active sales associates + brokers + broker-sales whose employer licence is the firm,FL,12180 SOUTH SHORE BLVD,WELLINGTON,FL,33414,,,,2026-10-09
FL:1031198,DECONOVA REFERRAL NETWORK INC,DECONOVA REFERRAL NETWORK,44,https://www2.myfloridalicense.com/sto/file_download/extracts//REALESTATE2501LICENSE_1.csv ; https://www2.myfloridalicense.com/sto/file_download/extracts//RealEstateCorpLicense.csv,people = Current/Active sales associates + brokers + broker-sales whose employer licence is the firm,FL,1000 BRICKELL AVE SUITE 200,MIAMI,FL,33131,,,,2026-10-09
FL:1021890,FLORIDA BEST REALTY INC,,62,https://www2.myfloridalicense.com/sto/file_download/extracts//REALESTATE2501LICENSE_1.csv ; https://www2.myfloridalicense.com/sto/file_download/extracts//RealEstateCorpLicense.csv,people = Current/Active sales associates + brokers + broker-sales whose employer licence is the firm,FL,15807 BISCAYNE BLVD,NORTH MIAMI BEACH,FL,33160,,,,2026-10-09
FL:1052207,ISLAND LIVING REALTY LLC,,53,https://www2.myfloridalicense.com/sto/file_download/extracts//REALESTATE2501LICENSE_1.csv ; https://www2.myfloridalicense.com/sto/file_download/extracts//RealEstateCorpLicense.csv,people = Current/Active sales associates + brokers + broker-sales whose employer licence is the firm,FL,6175 NW 153RD ST SUITE 221,MIAMI LAKES,FL,33014,,,,2026-10-09
FL:1070650,NEXT GENERATION REALTY OF MARION COUNTY LLC,,41,https://www2.myfloridalicense.com/sto/file_download/extracts//REALESTATE2501LICENSE_1.csv ; https://www2.myfloridalicense.com/sto/file_download/extracts//RealEstateCorpLicense.csv,people = Current/Active sales associates + brokers + broker-sales whose employer licence is the firm,FL,6601 SW 80TH AVENUE,OCALA,FL,34481,,,,2026-10-09
FL:111759,ELLISON REALTY INC,COLDWELL BANKER ELLISON REALTY,70,https://www2.myfloridalicense.com/sto/file_download/extracts//REALESTATE2501LICENSE_1.csv ; https://www2.myfloridalicense.com/sto/file_download/extracts//RealEstateCorpLicense.csv,people = Current/Active sales associates + brokers + broker-sales whose employer licence is the firm,FL,2226 E SILVER SPRINGS BLVD,OCALA,FL,34470,,,,2026-10-09
FL:1030759,TRADEMARK REALTY GROUP LLC,,46,https://www2.myfloridalicense.com/sto/file_download/extracts//REALESTATE2501LICENSE_1.csv ; https://www2.myfloridalicense.com/sto/file_download/extracts//RealEstateCorpLicense.csv,people = Current/Active sales associates + brokers + broker-sales whose employer licence is the firm,FL,109 S. RIVERWALK DRIVE,PALM COAST,FL,32137,,,,2026-10-09
FL:1066802,NAIM REAL ESTATE LLC,,71,https://www2.myfloridalicense.com/sto/file_download/extracts//REALESTATE2501LICENSE_1.csv ; https://www2.myfloridalicense.com/sto/file_download/extracts//RealEstateCorpLicense.csv,people = Current/Active sales associates + brokers + broker-sales whose employer licence is the firm,FL,610 SYCAMORE ST,CELEBRATION,FL,34747,,,,2026-10-09
FL:1074388,NORKIS & CO.,NORKIS & CO. REALTY,61,https://www2.myfloridalicense.com/sto/file_download/extracts//REALESTATE2501LICENSE_1.csv ; https://www2.myfloridalicense.com/sto/file_download/extracts//RealEstateCorpLicense.csv,people = Current/Active sales associates + brokers + broker-sales whose employer licence is the firm,FL,5626 CURRY FORD RD,ORLANDO,FL,32822,,,,2026-10-09
FL:1016179,MILLENNIUM REALTY CENTER LC,,44,https://www2.myfloridalicense.com/sto/file_download/extracts//REALESTATE2501LICENSE_1.csv ; https://www2.myfloridalicense.com/sto/file_download/extracts//RealEstateCorpLicense.csv,people = Current/Active sales associates + brokers + broker-sales whose employer licence is the firm,FL,8027 STEEPLE CHASE BLVD,ORLANDO,FL,32818,,,,2026-10-09
FL:1032352,FRANKLIN STREET REAL ESTATE SERVICES LLC,,65,https://www2.myfloridalicense.com/sto/file_download/extracts//REALESTATE2501LICENSE_1.csv ; https://www2.myfloridalicense.com/sto/file_download/extracts//RealEstateCorpLicense.csv,people = Current/Active sales associates + brokers + broker-sales whose employer licence is the firm,FL,1311 N WESTSHORE BLVD STE 200,TAMPA,FL,33607,,,,2026-10-09
FL:1013450,JFA REALTY CO,,58,https://www2.myfloridalicense.com/sto/file_download/extracts//REALESTATE2501LICENSE_1.csv ; https://www2.myfloridalicense.com/sto/file_download/extracts//RealEstateCorpLicense.csv,people = Current/Active sales associates + brokers + broker-sales whose employer licence is the firm,FL,2828 CORAL WAY STE 470A,MIAMI,FL,33145,,,,2026-10-09
FL:1066311,PREMIER PLATINUM REALTY CS LLC,PREMIER PLATINUM REALTY,36,https://www2.myfloridalicense.com/sto/file_download/extracts//REALESTATE2501LICENSE_1.csv ; https://www2.myfloridalicense.com/sto/file_download/extracts//RealEstateCorpLicense.csv,people = Current/Active sales associates + brokers + broker-sales whose employer licence is the firm,FL,1919 E ATLANTIC BLVD,POMPANO BEACH,FL,33060,,,,2026-10-09
FL:1062767,MY WAY CELEBRATION LLC,MY TEAM CELEBRATION,43,https://www2.myfloridalicense.com/sto/file_download/extracts//REALESTATE2501LICENSE_1.csv ; https://www2.myfloridalicense.com/sto/file_download/extracts//RealEstateCorpLicense.csv,people = Current/Active sales associates + brokers + broker-sales whose employer licence is the firm,FL,700 CELEBRATION AVENUE,CELEBRATION,FL,34747,,,,2026-10-09
FL:1052897,RDS REALTY LLC,,40,https://www2.myfloridalicense.com/sto/file_download/extracts//REALESTATE2501LICENSE_1.csv ; https://www2.myfloridalicense.com/sto/file_download/extracts//RealEstateCorpLicense.csv,people = Current/Active sales associates + brokers + broker-sales whose employer licence is the firm,FL,PO BOX 173903,HIALEAH,FL,33017,,,,2026-10-09
FL:277,HOLIDAY BUILDERS INC,,54,https://www2.myfloridalicense.com/sto/file_download/extracts//REALESTATE2501LICENSE_1.csv ; https://www2.myfloridalicense.com/sto/file_download/extracts//RealEstateCorpLicense.csv,people = Current/Active sales associates + brokers + broker-sales whose employer licence is the firm,FL,,,,,,,,2026-10-09
FL:1061737,VALSTAR REALTY LLC,,41,https://www2.myfloridalicense.com/sto/file_download/extracts//REALESTATE2501LICENSE_1.csv ; https://www2.myfloridalicense.com/sto/file_download/extracts//RealEstateCorpLicense.csv,people = Current/Active sales associates + brokers + broker-sales whose employer licence is the firm,FL,557 W. PLANT ST.,WINTER GARDEN,FL,34787,,,,2026-10-09
FL:1066740,PIPAL & PORT INC.,PIPAL GROUP,43,https://www2.myfloridalicense.com/sto/file_download/extracts//REALESTATE2501LICENSE_1.csv ; https://www2.myfloridalicense.com/sto/file_download/extracts//RealEstateCorpLicense.csv,people = Current/Active sales associates + brokers + broker-sales whose employer licence is the firm,FL,255 E. INTERLAKE BLVD,LAKE PLACID,FL,33852,,,,2026-10-09
FL:1015194,SARASOTA REFERRAL NETWORK LLC,REALTY SOLUTIONS,55,https://www2.myfloridalicense.com/sto/file_download/extracts//REALESTATE2501LICENSE_1.csv ; https://www2.myfloridalicense.com/sto/file_download/extracts//RealEstateCorpLicense.csv,people = Current/Active sales associates + brokers + broker-sales whose employer licence is the firm,FL,7012 PORTMARNOCK PL,LAKEWOOD RANCH,FL,34202,,,,2026-10-09
FL:140,G L HOMES OF FLORIDA,,39,https://www2.myfloridalicense.com/sto/file_download/extracts//REALESTATE2501LICENSE_1.csv ; https://www2.myfloridalicense.com/sto/file_download/extracts//RealEstateCorpLicense.csv,people = Current/Active sales associates + brokers + broker-sales whose employer licence is the firm,FL,,,,,,,,2026-10-09
FL:1045536,HORSE COUNTRY REALTY INC,SHOWCASE PROPERTIES OF CENTRAL FLORIDA,36,https://www2.myfloridalicense.com/sto/file_download/extracts//REALESTATE2501LICENSE_1.csv ; https://www2.myfloridalicense.com/sto/file_download/extracts//RealEstateCorpLicense.csv,people = Current/Active sales associates + brokers + broker-sales whose employer licence is the firm,FL,5780 SW 20 ST,OCALA,FL,34474,,,,2026-10-09
FL:1027638,REFERRAL LINK LLC,,35,https://www2.myfloridalicense.com/sto/file_download/extracts//REALESTATE2501LICENSE_1.csv ; https://www2.myfloridalicense.com/sto/file_download/extracts//RealEstateCorpLicense.csv,people = Current/Active sales associates + brokers + broker-sales whose employer licence is the firm,FL,1517 OAKFIELD DRIVE,BRANDON,FL,33511,,,,2026-10-09
FL:1036523,EZ CHOICE INC,EZ CHOICE REALTY,61,https://www2.myfloridalicense.com/sto/file_download/extracts//REALESTATE2501LICENSE_1.csv ; https://www2.myfloridalicense.com/sto/file_download/extracts//RealEstateCorpLicense.csv,people = Current/Active sales associates + brokers + broker-sales whose employer licence is the firm,FL,116 E BLOOMINGDALE AVE,BRANDON,FL,33511,,,,2026-10-09
FL:1054347,IHEART REALTY INC,,48,https://www2.myfloridalicense.com/sto/file_download/extracts//REALESTATE2501LICENSE_1.csv ; https://www2.myfloridalicense.com/sto/file_download/extracts//RealEstateCorpLicense.csv,people = Current/Active sales associates + brokers + broker-sales whose employer licence is the firm,FL,423 ST JOHNS AVE,PALATKA,FL,32177,,,,2026-10-09
FL:1052296,PINEYWOODS REALTY REFERRALS LLC,,36,https://www2.myfloridalicense.com/sto/file_download/extracts//REALESTATE2501LICENSE_1.csv ; https://www2.myfloridalicense.com/sto/file_download/extracts//RealEstateCorpLicense.csv,people = Current/Active sales associates + brokers + broker-sales whose employer licence is the firm,FL,2023 W PLATT ST 209,TAMPA,FL,33606,,,,2026-10-09
FL:119626,"ORTA, RAUL E",,45,https://www2.myfloridalicense.com/sto/file_download/extracts//REALESTATE2501LICENSE_1.csv ; https://www2.myfloridalicense.com/sto/file_download/extracts//RealEstateCorpLicense.csv,people = Current/Active sales associates + brokers + broker-sales whose employer licence is the firm,FL,,,,,,,,2026-10-09
FL:1064465,MILLER ELITE LLC,CENTURY 21 MILLER ELITE,43,https://www2.myfloridalicense.com/sto/file_download/extracts//REALESTATE2501LICENSE_1.csv ; https://www2.myfloridalicense.com/sto/file_download/extracts//RealEstateCorpLicense.csv,people = Current/Active sales associates + brokers + broker-sales whose employer licence is the firm,FL,1888 S 14TH STREET,AMELIA ISLAND,FL,32034,,,,2026-10-09
FL:1041690,REAL REALTY INVESTMENT CORP,,36,https://www2.myfloridalicense.com/sto/file_download/extracts//REALESTATE2501LICENSE_1.csv ; https://www2.myfloridalicense.com/sto/file_download/extracts//RealEstateCorpLicense.csv,people = Current/Active sales associates + brokers + broker-sales whose employer licence is the firm,FL,7010 SW 144 PL,MIAMI,FL,33183,,,,2026-10-09
FL:1050743,PREMIER PROPERTY MANAGEMENT FL LLC,,44,https://www2.myfloridalicense.com/sto/file_download/extracts//REALESTATE2501LICENSE_1.csv ; https://www2.myfloridalicense.com/sto/file_download/extracts//RealEstateCorpLicense.csv,people = Current/Active sales associates + brokers + broker-sales whose employer licence is the firm,FL,11962 BALM RIVERVIEW RD,RIVERVIEW,FL,33569,,,,2026-10-09
FL:1054736,BRANCA REALTY PROFESSIONAL LLC,,35,https://www2.myfloridalicense.com/sto/file_download/extracts//REALESTATE2501LICENSE_1.csv ; https://www2.myfloridalicense.com/sto/file_download/extracts//RealEstateCorpLicense.csv,people = Current/Active sales associates + brokers + broker-sales whose employer licence is the firm,FL,311 S 2ND STREET SUITE 102A,FORT PIERCE,FL,34950,,,,2026-10-09
FL:1047898,SIERRA ELITE REFERRALS LLC,,46,https://www2.myfloridalicense.com/sto/file_download/extracts//REALESTATE2501LICENSE_1.csv ; https://www2.myfloridalicense.com/sto/file_download/extracts//RealEstateCorpLicense.csv,people = Current/Active sales associates + brokers + broker-sales whose employer licence is the firm,FL,3132 S RIDGEWOOD AVE,SOUTH DAYTONA,FL,32119,,,,2026-10-09
FL:1050144,MILES GOLDSTEIN REAL ESTATE LLC,,40,https://www2.myfloridalicense.com/sto/file_download/extracts//REALESTATE2501LICENSE_1.csv ; https://www2.myfloridalicense.com/sto/file_download/extracts//RealEstateCorpLicense.csv,people = Current/Active sales associates + brokers + broker-sales whose employer licence is the firm,FL,2890 NE 187TH,AVENTURA,FL,33180,,,,2026-10-09
FL:1020307,HILL SPOONER & ELLIOTT INC,HSE REAL ESTATE,47,https://www2.myfloridalicense.com/sto/file_download/extracts//REALESTATE2501LICENSE_1.csv ; https://www2.myfloridalicense.com/sto/file_download/extracts//RealEstateCorpLicense.csv,people = Current/Active sales associates + brokers + broker-sales whose employer licence is the firm,FL,1390 TIMBERLANE ROAD,TALLAHASSEE,FL,32312,,,,2026-10-09
FL:1055753,MAINFRAME REAL ESTATE LLC,MAINFRAME REAL ESTATE,45,https://www2.myfloridalicense.com/sto/file_download/extracts//REALESTATE2501LICENSE_1.csv ; https://www2.myfloridalicense.com/sto/file_download/extracts//RealEstateCorpLicense.csv,people = Current/Active sales associates + brokers + broker-sales whose employer licence is the firm,FL,811 N ORANGE AVE,ORLANDO,FL,32801,,,,2026-10-09
FL:1057647,RCLT CITRUS LLC,KELLER WILLIAMS ELITE PARTNERS II,58,https://www2.myfloridalicense.com/sto/file_download/extracts//REALESTATE2501LICENSE_1.csv ; https://www2.myfloridalicense.com/sto/file_download/extracts//RealEstateCorpLicense.csv,people = Current/Active sales associates + brokers + broker-sales whose employer licence is the firm,FL,12817 BRUNELLO COURT,CLERMONT,FL,34711,,,,2026-10-09
FL:1022623,PREMIER ELITE REALTY INC,PREMIER ELITE REALTY,67,https://www2.myfloridalicense.com/sto/file_download/extracts//REALESTATE2501LICENSE_1.csv ; https://www2.myfloridalicense.com/sto/file_download/extracts//RealEstateCorpLicense.csv,people = Current/Active sales associates + brokers + broker-sales whose employer licence is the firm,FL,1101 BRICKELL AVE,MIAMI,FL,33131,,,,2026-10-09
FL:1014688,ROSSMAN REALTY GROUP INC,,56,https://www2.myfloridalicense.com/sto/file_download/extracts//REALESTATE2501LICENSE_1.csv ; https://www2.myfloridalicense.com/sto/file_download/extracts//RealEstateCorpLicense.csv,people = Current/Active sales associates + brokers + broker-sales whose employer licence is the firm,FL,1104 SE 46 LANE,CAPE CORAL,FL,33904,,,,2026-10-09
FL:1058470,COUNTS REAL ESTATE REFERRALS INC,,37,https://www2.myfloridalicense.com/sto/file_download/extracts//REALESTATE2501LICENSE_1.csv ; https://www2.myfloridalicense.com/sto/file_download/extracts//RealEstateCorpLicense.csv,people = Current/Active sales associates + brokers + broker-sales whose employer licence is the firm,FL,2104 THOMAS DRIVE,PANAMA CITY BEACH,FL,32408,,,,2026-10-09
FL:1045316,REAL ESTATE REFERRAL COMPANY LLC,,45,https://www2.myfloridalicense.com/sto/file_download/extracts//REALESTATE2501LICENSE_1.csv ; https://www2.myfloridalicense.com/sto/file_download/extracts//RealEstateCorpLicense.csv,people = Current/Active sales associates + brokers + broker-sales whose employer licence is the firm,FL,4507 FURLING LN SUITE #106,DESTIN,FL,32541,,,,2026-10-09
FL:1066104,ANABASIS REALTY LLC,COLDWELL BANKER ANABASIS REALTY,41,https://www2.myfloridalicense.com/sto/file_download/extracts//REALESTATE2501LICENSE_1.csv ; https://www2.myfloridalicense.com/sto/file_download/extracts//RealEstateCorpLicense.csv,people = Current/Active sales associates + brokers + broker-sales whose employer licence is the firm,FL,103 CENTURY 21 DRIVE,JACKSONVILLE,FL,32216,,,,2026-10-09
FL:1049955,SUTTER & NUGENT REALTY INC,,60,https://www2.myfloridalicense.com/sto/file_download/extracts//REALESTATE2501LICENSE_1.csv ; https://www2.myfloridalicense.com/sto/file_download/extracts//RealEstateCorpLicense.csv,people = Current/Active sales associates + brokers + broker-sales whose employer licence is the firm,FL,3955 FLORID BLVD,PALM BEACH GARDENS,FL,33410,,,,2026-10-09
FL:1070628,"UREG REFERRALS, LLC",,48,https://www2.myfloridalicense.com/sto/file_download/extracts//REALESTATE2501LICENSE_1.csv ; https://www2.myfloridalicense.com/sto/file_download/extracts//RealEstateCorpLicense.csv,people = Current/Active sales associates + brokers + broker-sales whose employer licence is the firm,FL,8380 BAYMEADOWS ROAD,JACKSONVILLE,FL,32256,,,,2026-10-09
FL:1033852,REFERRAL ASSOCIATES OF AMERICA LLC,,48,https://www2.myfloridalicense.com/sto/file_download/extracts//REALESTATE2501LICENSE_1.csv ; https://www2.myfloridalicense.com/sto/file_download/extracts//RealEstateCorpLicense.csv,people = Current/Active sales associates + brokers + broker-sales whose employer licence is the firm,FL,1313 CREIGHTON RD,PENSACOLA,FL,32504,,,,2026-10-09
FL:1040360,GCRN PROPERTIES INC,,37,https://www2.myfloridalicense.com/sto/file_download/extracts//REALESTATE2501LICENSE_1.csv ; https://www2.myfloridalicense.com/sto/file_download/extracts//RealEstateCorpLicense.csv,people = Current/Active sales associates + brokers + broker-sales whose employer licence is the firm,FL,1326 SE 47TH STREET,CAPE CORAL,FL,33904,,,,2026-10-09
FL:1015542,POINTE SOUTH INC,POINTE SOUTH,36,https://www2.myfloridalicense.com/sto/file_download/extracts//REALESTATE2501LICENSE_1.csv ; https://www2.myfloridalicense.com/sto/file_download/extracts//RealEstateCorpLicense.csv,people = Current/Active sales associates + brokers + broker-sales whose employer licence is the firm,FL,13578 PERDIDO KEY DRIVE,PENSACOLA,FL,32507,,,,2026-10-09
FL:1060341,HS SUNSHINE REALTY LLC,,51,https://www2.myfloridalicense.com/sto/file_download/extracts//REALESTATE2501LICENSE_1.csv ; https://www2.myfloridalicense.com/sto/file_download/extracts//RealEstateCorpLicense.csv,people = Current/Active sales associates + brokers + broker-sales whose employer licence is the firm,FL,321 DEVILLIERS STREET,PENSACOLA,FL,32501,,,,2026-10-09
FL:1032453,BLUEWATER REALTY HOLDINGS INC,BLUEWATER REALTY GROUP,45,https://www2.myfloridalicense.com/sto/file_download/extracts//REALESTATE2501LICENSE_1.csv ; https://www2.myfloridalicense.com/sto/file_download/extracts//RealEstateCorpLicense.csv,people = Current/Active sales associates + brokers + broker-sales whose employer licence is the firm,FL,136 LAKE ELLEN CIR,CRAWFORDVILLE,FL,32327,,,,2026-10-09
FL:1053504,MODERN WORLD REALTY LLC,MODERN WORLD REALTY,53,https://www2.myfloridalicense.com/sto/file_download/extracts//REALESTATE2501LICENSE_1.csv ; https://www2.myfloridalicense.com/sto/file_download/extracts//RealEstateCorpLicense.csv,people = Current/Active sales associates + brokers + broker-sales whose employer licence is the firm,FL,14335 SW 120TH ST #101,MIAMI,FL,33186,,,,2026-10-09
FL:1274,D.R. HORTON INC.,,55,https://www2.myfloridalicense.com/sto/file_download/extracts//REALESTATE2501LICENSE_1.csv ; https://www2.myfloridalicense.com/sto/file_download/extracts//RealEstateCorpLicense.csv,people = Current/Active sales associates + brokers + broker-sales whose employer licence is the firm,FL,,,,,,,,2026-10-09
FL:236891,LINK REALTY INC,,39,https://www2.myfloridalicense.com/sto/file_download/extracts//REALESTATE2501LICENSE_1.csv ; https://www2.myfloridalicense.com/sto/file_download/extracts//RealEstateCorpLicense.csv,people = Current/Active sales associates + brokers + broker-sales whose employer licence is the firm,FL,1517 OAKFIELD DR,BRANDON,FL,33511,,,,2026-10-09
FL:1059870,MJ INSPIRED ENTERPRISES PLLC,EXIT INSPIRED REAL ESTATE,52,https://www2.myfloridalicense.com/sto/file_download/extracts//REALESTATE2501LICENSE_1.csv ; https://www2.myfloridalicense.com/sto/file_download/extracts//RealEstateCorpLicense.csv,people = Current/Active sales associates + brokers + broker-sales whose employer licence is the firm,FL,2739 BLANDING BLVD,MIDDLEBURG,FL,32068,,,,2026-10-09
FL:1035581,ONE WORLD PROPERTIES GROUP LLC,ONE WORLD PROPERTIES,41,https://www2.myfloridalicense.com/sto/file_download/extracts//REALESTATE2501LICENSE_1.csv ; https://www2.myfloridalicense.com/sto/file_download/extracts//RealEstateCorpLicense.csv,people = Current/Active sales associates + brokers + broker-sales whose employer licence is the firm,FL,701 N FORT LAUDERDALE BEACH BLVD,FORT LAUDERDALE,FL,33304,,,,2026-10-09
FL:1068365,REALTY NSB LLC,ENGEL & VOELKERS NEW SMYRNA BEACH,36,https://www2.myfloridalicense.com/sto/file_download/extracts//REALESTATE2501LICENSE_1.csv ; https://www2.myfloridalicense.com/sto/file_download/extracts//RealEstateCorpLicense.csv,people = Current/Active sales associates + brokers + broker-sales whose employer licence is the firm,FL,101 CANAL STREET,NEW SMYRNA,FL,32168,,,,2026-10-09
FL:1048895,LEVIN AND RINKE REFERRAL REALTY INC,,55,https://www2.myfloridalicense.com/sto/file_download/extracts//REALESTATE2501LICENSE_1.csv ; https://www2.myfloridalicense.com/sto/file_download/extracts//RealEstateCorpLicense.csv,people = Current/Active sales associates + brokers + broker-sales whose employer licence is the firm,FL,10 PORTOFINO DRIVE,PENSACOLA BEACH,FL,32561,,,,2026-10-09
FL:1046981,HORIZON HOMES REALTY CORP,,64,https://www2.myfloridalicense.com/sto/file_download/extracts//REALESTATE2501LICENSE_1.csv ; https://www2.myfloridalicense.com/sto/file_download/extracts//RealEstateCorpLicense.csv,people = Current/Active sales associates + brokers + broker-sales whose employer licence is the firm,FL,6175 NW 153RD SUITE 224,MIAMI LAKES,FL,33014,,,,2026-10-09
FL:170101,BINGHAM REALTY INC,,39,https://www2.myfloridalicense.com/sto/file_download/extracts//REALESTATE2501LICENSE_1.csv ; https://www2.myfloridalicense.com/sto/file_download/extracts//RealEstateCorpLicense.csv,people = Current/Active sales associates + brokers + broker-sales whose employer licence is the firm,FL,38070 DAUGHTERY ROAD,ZEPHYRHILLS,FL,33541,,,,2026-10-09
FL:1014983,BIG BEND REALTY JACKSONVILLE INC,KELLER WILLIAMS JACKSONVILLE REALTY,74,https://www2.myfloridalicense.com/sto/file_download/extracts//REALESTATE2501LICENSE_1.csv ; https://www2.myfloridalicense.com/sto/file_download/extracts//RealEstateCorpLicense.csv,people = Current/Active sales associates + brokers + broker-sales whose employer licence is the firm,FL,2950 HALCYON LANE SUITE 102,JACKSONVILLE,FL,32223,,,,2026-10-09
FL:1025121,LIST WITH BEGGINS LLC,CENTURY 21 LIST WITH BEGGINS,60,https://www2.myfloridalicense.com/sto/file_download/extracts//REALESTATE2501LICENSE_1.csv ; https://www2.myfloridalicense.com/sto/file_download/extracts//RealEstateCorpLicense.csv,people = Current/Active sales associates + brokers + broker-sales whose employer licence is the firm,FL,6542 N US HWY 41 STE 101,APOLLO BEACH,FL,33572,,,,2026-10-09
FL:1051030,TSC HOMES LLC,,44,https://www2.myfloridalicense.com/sto/file_download/extracts//REALESTATE2501LICENSE_1.csv ; https://www2.myfloridalicense.com/sto/file_download/extracts//RealEstateCorpLicense.csv,people = Current/Active sales associates + brokers + broker-sales whose employer licence is the firm,FL,3907 HENDERSON BLVD,TAMPA,FL,33629,,,,2026-10-09
FL:1048518,J G AND L REAL ESTATE SERVICES LLC,LUFT REALTY,39,https://www2.myfloridalicense.com/sto/file_download/extracts//REALESTATE2501LICENSE_1.csv ; https://www2.myfloridalicense.com/sto/file_download/extracts//RealEstateCorpLicense.csv,people = Current/Active sales associates + brokers + broker-sales whose employer licence is the firm,FL,2000 PONCE DE LEON BLVD,CORAL GABLES,FL,33134,,,,2026-10-09
FL:1056527,PRESTIGE PROPERTIES INTERNATIONAL LLC,LISTINGFORSALE.COM,48,https://www2.myfloridalicense.com/sto/file_download/extracts//REALESTATE2501LICENSE_1.csv ; https://www2.myfloridalicense.com/sto/file_download/extracts//RealEstateCorpLicense.csv,people = Current/Active sales associates + brokers + broker-sales whose employer licence is the firm,FL,13450 SW 126TH ST ST #12,MIAMI,FL,33186,,,,2026-10-09
FL:1057510,FLUID REALTY LLC,,41,https://www2.myfloridalicense.com/sto/file_download/extracts//REALESTATE2501LICENSE_1.csv ; https://www2.myfloridalicense.com/sto/file_download/extracts//RealEstateCorpLicense.csv,people = Current/Active sales associates + brokers + broker-sales whose employer licence is the firm,FL,2029 3RD ST N,JACKSONVILLE BEACH,FL,32250,,,,2026-10-09
FL:1058622,INVITATION HOMES REALTY LLC,INVITATION HOMES REALTY,54,https://www2.myfloridalicense.com/sto/file_download/extracts//REALESTATE2501LICENSE_1.csv ; https://www2.myfloridalicense.com/sto/file_download/extracts//RealEstateCorpLicense.csv,people = Current/Active sales associates + brokers + broker-sales whose employer licence is the firm,FL,5420 LBJ FREEWAY,DALLAS,TX,75240,,,,2026-10-09
FL:1048757,EXPERIENCE REAL ESTATE GROUP LLC,,65,https://www2.myfloridalicense.com/sto/file_download/extracts//REALESTATE2501LICENSE_1.csv ; https://www2.myfloridalicense.com/sto/file_download/extracts//RealEstateCorpLicense.csv,people = Current/Active sales associates + brokers + broker-sales whose employer licence is the firm,FL,1222 SE 47TH ST,CAPE CORAL,FL,33904,,,,2026-10-09
FL:170985,NEUBAUER REAL ESTATE INC,ERA NEUBAUER REAL ESTATE,37,https://www2.myfloridalicense.com/sto/file_download/extracts//REALESTATE2501LICENSE_1.csv ; https://www2.myfloridalicense.com/sto/file_download/extracts//RealEstateCorpLicense.csv,people = Current/Active sales associates + brokers + broker-sales whose employer licence is the firm,FL,740 SOUTH TYNDALL PARKWAY,PANAMA CITY,FL,32404,,,,2026-10-09
FL:1066251,CHEZ REALTY LLC,CHEZ REALTY,51,https://www2.myfloridalicense.com/sto/file_download/extracts//REALESTATE2501LICENSE_1.csv ; https://www2.myfloridalicense.com/sto/file_download/extracts//RealEstateCorpLicense.csv,people = Current/Active sales associates + brokers + broker-sales whose employer licence is the firm,FL,76 WHITEHEAD CIRCLE,WESTON,FL,33326,,,,2026-10-09
FL:1061524,VIRAGO REALTY GROUP LLC,,39,https://www2.myfloridalicense.com/sto/file_download/extracts//REALESTATE2501LICENSE_1.csv ; https://www2.myfloridalicense.com/sto/file_download/extracts//RealEstateCorpLicense.csv,people = Current/Active sales associates + brokers + broker-sales whose employer licence is the firm,FL,8347 BIRD ROAD,MIAMI,FL,33155,,,,2026-10-09
FL:1015472,PALERMO REAL ESTATE PROFESSIONALS INC,,35,https://www2.myfloridalicense.com/sto/file_download/extracts//REALESTATE2501LICENSE_1.csv ; https://www2.myfloridalicense.com/sto/file_download/extracts//RealEstateCorpLicense.csv,people = Current/Active sales associates + brokers + broker-sales whose employer licence is the firm,FL,3407 W KENNEDY BLVD,TAMPA,FL,33609,,,,2026-10-09
FL:1072747,GOLDEN LINK REALTY CO.,,37,https://www2.myfloridalicense.com/sto/file_download/extracts//REALESTATE2501LICENSE_1.csv ; https://www2.myfloridalicense.com/sto/file_download/extracts//RealEstateCorpLicense.csv,people = Current/Active sales associates + brokers + broker-sales whose employer licence is the firm,FL,1822 WOODHAVEN CIR,SARASOTA,FL,34232,,,,2026-10-09
FL:1040670,THOMAS GROUP REALTY LLC,BETTER HOMES AND GARDENS REAL ESTATE THOMAS GROUP,53,https://www2.myfloridalicense.com/sto/file_download/extracts//REALESTATE2501LICENSE_1.csv ; https://www2.myfloridalicense.com/sto/file_download/extracts//RealEstateCorpLicense.csv,people = Current/Active sales associates + brokers + broker-sales whose employer licence is the firm,FL,5346 SW 91ST TERRACE,GAINESVILLE,FL,32608,,,,2026-10-09
FL:1057065,WILKINS WAY LLC,WILKINS WAY,58,https://www2.myfloridalicense.com/sto/file_download/extracts//REALESTATE2501LICENSE_1.csv ; https://www2.myfloridalicense.com/sto/file_download/extracts//RealEstateCorpLicense.csv,people = Current/Active sales associates + brokers + broker-sales whose employer licence is the firm,FL,2822 SOUTH ALAFAYA TRAIL,ORLANDO,FL,32828,,,,2026-10-09
FL:1057021,GARCIA REAL ESTATE GROUP INC,ENGEL & VOELKERS FORT LAUDERDALE,37,https://www2.myfloridalicense.com/sto/file_download/extracts//REALESTATE2501LICENSE_1.csv ; https://www2.myfloridalicense.com/sto/file_download/extracts//RealEstateCorpLicense.csv,people = Current/Active sales associates + brokers + broker-sales whose employer licence is the firm,FL,3301 NORTH OCEAN BOULEVARD,FT. LAUDERDALE,FL,33308,,,,2026-10-09
FL:1052093,FLORIDA REAL ESTATE PARTNERSHIP INC,WEICHERT REALTORS AGENCY ONE,36,https://www2.myfloridalicense.com/sto/file_download/extracts//REALESTATE2501LICENSE_1.csv ; https://www2.myfloridalicense.com/sto/file_download/extracts//RealEstateCorpLicense.csv,people = Current/Active sales associates + brokers + broker-sales whose employer licence is the firm,FL,1113 SE 47TH TER,CAPE CORAL,FL,33914,,,,2026-10-09
FL:1062034,EMERALD COAST REFERRAL NETWORK LLC,,51,https://www2.myfloridalicense.com/sto/file_download/extracts//REALESTATE2501LICENSE_1.csv ; https://www2.myfloridalicense.com/sto/file_download/extracts//RealEstateCorpLicense.csv,people = Current/Active sales associates + brokers + broker-sales whose employer licence is the firm,FL,"4460 LEGENDARY DRIVE, SUITE 300A",DESTIN,FL,32541,,,,2026-10-09
FL:1069980,"EMERALD COAST LUXURY PROPERTIES, LLC",ENGEL & VOLKERS PENSACOLA,37,https://www2.myfloridalicense.com/sto/file_download/extracts//REALESTATE2501LICENSE_1.csv ; https://www2.myfloridalicense.com/sto/file_download/extracts//RealEstateCorpLicense.csv,people = Current/Active sales associates + brokers + broker-sales whose employer licence is the firm,FL,190 S JEFFERSON ST,PENSACOLA,FL,32502,,,,2026-10-09
FL:1052100,COASTAL LUXURY PROPERTIES LLC,ENGEL AND VOELKERS DELRAY BEACH,37,https://www2.myfloridalicense.com/sto/file_download/extracts//REALESTATE2501LICENSE_1.csv ; https://www2.myfloridalicense.com/sto/file_download/extracts//RealEstateCorpLicense.csv,people = Current/Active sales associates + brokers + broker-sales whose employer licence is the firm,FL,900 E ATLANTIC AVENUE SUITE 14,DELRAY BEACH,FL,33483,,,,2026-10-09
FL:1067,NEAL COMMUNITIES OF SOUTHWEST FLORIDA,,48,https://www2.myfloridalicense.com/sto/file_download/extracts//REALESTATE2501LICENSE_1.csv ; https://www2.myfloridalicense.com/sto/file_download/extracts//RealEstateCorpLicense.csv,people = Current/Active sales associates + brokers + broker-sales whose employer licence is the firm,FL,,,,,,,,2026-10-09
FL:1063548,PREMIER LEGACY REALTY LLC,PREMIER RESIDENTIAL MANAGEMENT,35,https://www2.myfloridalicense.com/sto/file_download/extracts//REALESTATE2501LICENSE_1.csv ; https://www2.myfloridalicense.com/sto/file_download/extracts//RealEstateCorpLicense.csv,people = Current/Active sales associates + brokers + broker-sales whose employer licence is the firm,FL,3040 LOOPDALE LANE,KISSIMMEE,FL,34741,,,,2026-10-09
FL:1062227,COLLECTIVE REALTY INC,REMAX COLLECTIVE,39,https://www2.myfloridalicense.com/sto/file_download/extracts//REALESTATE2501LICENSE_1.csv ; https://www2.myfloridalicense.com/sto/file_download/extracts//RealEstateCorpLicense.csv,people = Current/Active sales associates + brokers + broker-sales whose employer licence is the firm,FL,11200 SEMINOLE BLVD.,LARGO,FL,33778,,,,2026-10-09
FL:1038658,MARCUS & COMPANY REALTY LLC,,35,https://www2.myfloridalicense.com/sto/file_download/extracts//REALESTATE2501LICENSE_1.csv ; https://www2.myfloridalicense.com/sto/file_download/extracts//RealEstateCorpLicense.csv,people = Current/Active sales associates + brokers + broker-sales whose employer licence is the firm,FL,1301 6TH AVE W,BRADENTON,FL,34205,,,,2026-10-09
FL:1058034,KING REALTY GROUP CORP,CENTURY 21 KING REALTY,54,https://www2.myfloridalicense.com/sto/file_download/extracts//REALESTATE2501LICENSE_1.csv ; https://www2.myfloridalicense.com/sto/file_download/extracts//RealEstateCorpLicense.csv,people = Current/Active sales associates + brokers + broker-sales whose employer licence is the firm,FL,1006 E HALLANDALE BEACH BLVD,HALLANDALE BEACH,FL,33009,,,,2026-10-09
FL:1042599,LEGACY REALTY & ASSOCIATES INC,LEGACY REALTY & ASSOCIATES,37,https://www2.myfloridalicense.com/sto/file_download/extracts//REALESTATE2501LICENSE_1.csv ; https://www2.myfloridalicense.com/sto/file_download/extracts//RealEstateCorpLicense.csv,people = Current/Active sales associates + brokers + broker-sales whose employer licence is the firm,FL,8925 E HWY 25,BELLEVIEW,FL,34420,,,,2026-10-09
FL:1037532,"HARPER REALTY FL, LLC",WEBPRO REALTY,40,https://www2.myfloridalicense.com/sto/file_download/extracts//REALESTATE2501LICENSE_1.csv ; https://www2.myfloridalicense.com/sto/file_download/extracts//RealEstateCorpLicense.csv,people = Current/Active sales associates + brokers + broker-sales whose employer licence is the firm,FL,1420 SOUTH FLORIDA AVENUE,LAKELAND,FL,33803,,,,2026-10-09
FL:1066454,SALTY MARLIN REALTY LLC,SALTY MARLIN REALTY,41,https://www2.myfloridalicense.com/sto/file_download/extracts//REALESTATE2501LICENSE_1.csv ; https://www2.myfloridalicense.com/sto/file_download/extracts//RealEstateCorpLicense.csv,people = Current/Active sales associates + brokers + broker-sales whose employer licence is the firm,FL,76 WHITEHEAD CIRCLE,WESTON,FL,33326,,,,2026-10-09
FL:3154941,"PEPINE, ELIZABETH",,38,https://www2.myfloridalicense.com/sto/file_download/extracts//REALESTATE2501LICENSE_1.csv ; https://www2.myfloridalicense.com/sto/file_download/extracts//RealEstateCorpLicense.csv,people = Current/Active sales associates + brokers + broker-sales whose employer licence is the firm,FL,,,,,,,,2026-10-09
FL:1050454,WPB REALTY PARTNERS LLC,KELLER WILLIAMS COASTAL PARTNERS,72,https://www2.myfloridalicense.com/sto/file_download/extracts//REALESTATE2501LICENSE_1.csv ; https://www2.myfloridalicense.com/sto/file_download/extracts//RealEstateCorpLicense.csv,people = Current/Active sales associates + brokers + broker-sales whose employer licence is the firm,FL,250 S AUSTRALIAN AVENUE,WEST PALM BEACH,FL,33401,,,,2026-10-09
FL:1061812,ONE WAY REALTY GROUP LLC,,62,https://www2.myfloridalicense.com/sto/file_download/extracts//REALESTATE2501LICENSE_1.csv ; https://www2.myfloridalicense.com/sto/file_download/extracts//RealEstateCorpLicense.csv,people = Current/Active sales associates + brokers + broker-sales whose employer licence is the firm,FL,2875 NE 191 STREET SUITE 522,AVENTURA,FL,33180,,,,2026-10-09
FL:1039964,RUSSELL POST PROPERTIES ISLAMORADA INC,OCEAN SOTHEBYS INTERNATIONAL REALTY,36,https://www2.myfloridalicense.com/sto/file_download/extracts//REALESTATE2501LICENSE_1.csv ; https://www2.myfloridalicense.com/sto/file_download/extracts//RealEstateCorpLicense.csv,people = Current/Active sales associates + brokers + broker-sales whose employer licence is the firm,FL,81888 OVERSEAS HWY,ISLAMORADA,FL,33036,,,,2026-10-09
FL:1070202,"ARMADA REAL ESTATE, INC",ARMADA REAL ESTATE,43,https://www2.myfloridalicense.com/sto/file_download/extracts//REALESTATE2501LICENSE_1.csv ; https://www2.myfloridalicense.com/sto/file_download/extracts//RealEstateCorpLicense.csv,people = Current/Active sales associates + brokers + broker-sales whose employer licence is the firm,FL,2431 FIRST STREET,FORT MYERS,FL,33901,,,,2026-10-09
FL:1015,LGI HOMES,,67,https://www2.myfloridalicense.com/sto/file_download/extracts//REALESTATE2501LICENSE_1.csv ; https://www2.myfloridalicense.com/sto/file_download/extracts//RealEstateCorpLicense.csv,people = Current/Active sales associates + brokers + broker-sales whose employer licence is the firm,FL,,,,,,,,2026-10-09
FL:1046154,MEDWAY REALTY INC,,36,https://www2.myfloridalicense.com/sto/file_download/extracts//REALESTATE2501LICENSE_1.csv ; https://www2.myfloridalicense.com/sto/file_download/extracts//RealEstateCorpLicense.csv,people = Current/Active sales associates + brokers + broker-sales whose employer licence is the firm,FL,8065 BENEVA RD,SARASOTA,FL,34238,,,,2026-10-09
FL:1070938,MAXREV LLC,MAXREV,64,https://www2.myfloridalicense.com/sto/file_download/extracts//REALESTATE2501LICENSE_1.csv ; https://www2.myfloridalicense.com/sto/file_download/extracts//RealEstateCorpLicense.csv,people = Current/Active sales associates + brokers + broker-sales whose employer licence is the firm,FL,88 RIBERIA STREET SUITE 360,SAINT AUGUSTINE,FL,32084,,,,2026-10-09
FL:1061928,ZALLOUM REALTY LLC,,43,https://www2.myfloridalicense.com/sto/file_download/extracts//REALESTATE2501LICENSE_1.csv ; https://www2.myfloridalicense.com/sto/file_download/extracts//RealEstateCorpLicense.csv,people = Current/Active sales associates + brokers + broker-sales whose employer licence is the firm,FL,541 ACORNRIDGE LANE,ORANGE PARK,FL,32065,,,,2026-10-09
FL:1318,RISEWELL HOMES FLORIDA LLC,,39,https://www2.myfloridalicense.com/sto/file_download/extracts//REALESTATE2501LICENSE_1.csv ; https://www2.myfloridalicense.com/sto/file_download/extracts//RealEstateCorpLicense.csv,people = Current/Active sales associates + brokers + broker-sales whose employer licence is the firm,FL,,,,,,,,2026-10-09
FL:1059248,BROKERNATION REAL ESTATE DORAL LLC,,61,https://www2.myfloridalicense.com/sto/file_download/extracts//REALESTATE2501LICENSE_1.csv ; https://www2.myfloridalicense.com/sto/file_download/extracts//RealEstateCorpLicense.csv,people = Current/Active sales associates + brokers + broker-sales whose employer licence is the firm,FL,2555 NW 102 AVE UNIT 100,DORAL,FL,33172,,,,2026-10-09
FL:1053785,NIZZ REALTY INC,,63,https://www2.myfloridalicense.com/sto/file_download/extracts//REALESTATE2501LICENSE_1.csv ; https://www2.myfloridalicense.com/sto/file_download/extracts//RealEstateCorpLicense.csv,people = Current/Active sales associates + brokers + broker-sales whose employer licence is the firm,FL,2414 N.W. 138 DR.,SUNRISE,FL,33323,,,,2026-10-09
FL:1064527,FIVE STAR REAL ESTATE OF FLORIDA LLC,,45,https://www2.myfloridalicense.com/sto/file_download/extracts//REALESTATE2501LICENSE_1.csv ; https://www2.myfloridalicense.com/sto/file_download/extracts//RealEstateCorpLicense.csv,people = Current/Active sales associates + brokers + broker-sales whose employer licence is the firm,FL,4601 LAKE MICHIGAN DRIVE,GRAND RAPIDS,MI,49534,,,,2026-10-09
FL:1048720,S AND D REAL ESTATE REFERRAL GROUP LLC,,38,https://www2.myfloridalicense.com/sto/file_download/extracts//REALESTATE2501LICENSE_1.csv ; https://www2.myfloridalicense.com/sto/file_download/extracts//RealEstateCorpLicense.csv,people = Current/Active sales associates + brokers + broker-sales whose employer licence is the firm,FL,230 DORIS DRIVE,LAKELAND,FL,33813,,,,2026-10-09
FL:1035602,FLORIDAS BEST REALTY SERVICES LLC,,64,https://www2.myfloridalicense.com/sto/file_download/extracts//REALESTATE2501LICENSE_1.csv ; https://www2.myfloridalicense.com/sto/file_download/extracts//RealEstateCorpLicense.csv,people = Current/Active sales associates + brokers + broker-sales whose employer licence is the firm,FL,5499 N FEDERAL HWY SUITE B,BOCA RATON,FL,33487,,,,2026-10-09
FL:1064088,ORCHARD BROKERAGE LLC,ORCHARD BROKERAGE AND ORCHARD,51,https://www2.myfloridalicense.com/sto/file_download/extracts//REALESTATE2501LICENSE_1.csv ; https://www2.myfloridalicense.com/sto/file_download/extracts//RealEstateCorpLicense.csv,people = Current/Active sales associates + brokers + broker-sales whose employer licence is the firm,FL,195 BROADWAY,NEW YORK,NY,10007,,,,2026-10-09
FL:1060983,LOCAL LIVING REALTY GROUP LLC,,56,https://www2.myfloridalicense.com/sto/file_download/extracts//REALESTATE2501LICENSE_1.csv ; https://www2.myfloridalicense.com/sto/file_download/extracts//RealEstateCorpLicense.csv,people = Current/Active sales associates + brokers + broker-sales whose employer licence is the firm,FL,212 PALMETTO ST,NEW SMYRNA BEACH,FL,32168,,,,2026-10-09
FL:3604944,"MILLIGAN, ROBERT CARL",,38,https://www2.myfloridalicense.com/sto/file_download/extracts//REALESTATE2501LICENSE_1.csv ; https://www2.myfloridalicense.com/sto/file_download/extracts//RealEstateCorpLicense.csv,people = Current/Active sales associates + brokers + broker-sales whose employer licence is the firm,FL,,,,,,,,2026-10-09
FL:1061145,OCEANS LUXURY REFERRALS LLC,,36,https://www2.myfloridalicense.com/sto/file_download/extracts//REALESTATE2501LICENSE_1.csv ; https://www2.myfloridalicense.com/sto/file_download/extracts//RealEstateCorpLicense.csv,people = Current/Active sales associates + brokers + broker-sales whose employer licence is the firm,FL,3162 S ATLANTIC AVENUE SUITE C,DAYTONA BEACH SHORES,FL,32118,,,,2026-10-09
FL:1044917,ADOOR REAL ESTATE LLC,AVENUE REALTY,39,https://www2.myfloridalicense.com/sto/file_download/extracts//REALESTATE2501LICENSE_1.csv ; https://www2.myfloridalicense.com/sto/file_download/extracts//RealEstateCorpLicense.csv,people = Current/Active sales associates + brokers + broker-sales whose employer licence is the firm,FL,201 E GOVERNMENT STREET,PENSACOLA,FL,32504,,,,2026-10-09
FL:1070830,ELITE REALTY EXPERIENCE LLC,,42,https://www2.myfloridalicense.com/sto/file_download/extracts//REALESTATE2501LICENSE_1.csv ; https://www2.myfloridalicense.com/sto/file_download/extracts//RealEstateCorpLicense.csv,people = Current/Active sales associates + brokers + broker-sales whose employer licence is the firm,FL,2630 CYPRESS RIDGE BLVD,WESLEY CHAPEL,FL,33544,,,,2026-10-09
FL:1013881,LESLIE WELLS REALTY INC,,44,https://www2.myfloridalicense.com/sto/file_download/extracts//REALESTATE2501LICENSE_1.csv ; https://www2.myfloridalicense.com/sto/file_download/extracts//RealEstateCorpLicense.csv,people = Current/Active sales associates + brokers + broker-sales whose employer licence is the firm,FL,6305 18TH ST. E.,ELLENTON,FL,34222,,,,2026-10-09
FL:1056678,LOCAL REAL ESTATE LLC,,68,https://www2.myfloridalicense.com/sto/file_download/extracts//REALESTATE2501LICENSE_1.csv ; https://www2.myfloridalicense.com/sto/file_download/extracts//RealEstateCorpLicense.csv,people = Current/Active sales associates + brokers + broker-sales whose employer licence is the firm,FL,24821 S TAMIAMI TRAIL STE 2,BONITA SPRINGS,FL,34134,,,,2026-10-09
FL:1061450,PROPERTY GROUP 850 INC,,42,https://www2.myfloridalicense.com/sto/file_download/extracts//REALESTATE2501LICENSE_1.csv ; https://www2.myfloridalicense.com/sto/file_download/extracts//RealEstateCorpLicense.csv,people = Current/Active sales associates + brokers + broker-sales whose employer licence is the firm,FL,891 S FERDON BLVD,CRESTVIEW,FL,32536,,,,2026-10-09
FL:1022343,FLORIDA REFERRAL CONNECTION INC,RENT QUEST,65,https://www2.myfloridalicense.com/sto/file_download/extracts//REALESTATE2501LICENSE_1.csv ; https://www2.myfloridalicense.com/sto/file_download/extracts//RealEstateCorpLicense.csv,people = Current/Active sales associates + brokers + broker-sales whose employer licence is the firm,FL,2020 W BRANDON BLVD #145,BRANDON,FL,33511,,,,2026-10-09
FL:1220,RICHMOND AMERICAN HOMES OF FLORIDA LP,,37,https://www2.myfloridalicense.com/sto/file_download/extracts//REALESTATE2501LICENSE_1.csv ; https://www2.myfloridalicense.com/sto/file_download/extracts//RealEstateCorpLicense.csv,people = Current/Active sales associates + brokers + broker-sales whose employer licence is the firm,FL,,,,,,,,2026-10-09
FL:1055218,TREND RE LLC,TREND RE LLC,42,https://www2.myfloridalicense.com/sto/file_download/extracts//REALESTATE2501LICENSE_1.csv ; https://www2.myfloridalicense.com/sto/file_download/extracts//RealEstateCorpLicense.csv,people = Current/Active sales associates + brokers + broker-sales whose employer licence is the firm,FL,9160 FORUM CORPORATE PARKWAY,FORT MYERS,FL,33905,,,,2026-10-09
FL:1055930,YOUNG REAL ESTATE LLC,YOUNG REAL ESTATE,50,https://www2.myfloridalicense.com/sto/file_download/extracts//REALESTATE2501LICENSE_1.csv ; https://www2.myfloridalicense.com/sto/file_download/extracts//RealEstateCorpLicense.csv,people = Current/Active sales associates + brokers + broker-sales whose employer licence is the firm,FL,235 N. WESTMONTE DR.,"ALTAMONTE SPRINGS,",FL,32714,,,,2026-10-09
FL:1001282,ERA ADVANTAGE REALTY INC,,44,https://www2.myfloridalicense.com/sto/file_download/extracts//REALESTATE2501LICENSE_1.csv ; https://www2.myfloridalicense.com/sto/file_download/extracts//RealEstateCorpLicense.csv,people = Current/Active sales associates + brokers + broker-sales whose employer licence is the firm,FL,901 TAMIAMI TR,PORT CHARLOTTE,FL,33953,,,,2026-10-09
FL:1073074,"BEACHY CONNECTIONS, LLC",,45,https://www2.myfloridalicense.com/sto/file_download/extracts//REALESTATE2501LICENSE_1.csv ; https://www2.myfloridalicense.com/sto/file_download/extracts//RealEstateCorpLicense.csv,people = Current/Active sales associates + brokers + broker-sales whose employer licence is the firm,FL,17651 PANAMA CITY BEACH PKWY,PANAMA CITY BEACH,FL,32413,,,,2026-10-09
FL:1065123,BROKERAGE A REAL ESTATE COMPANY LLC,,38,https://www2.myfloridalicense.com/sto/file_download/extracts//REALESTATE2501LICENSE_1.csv ; https://www2.myfloridalicense.com/sto/file_download/extracts//RealEstateCorpLicense.csv,people = Current/Active sales associates + brokers + broker-sales whose employer licence is the firm,FL,325 ALMERIA AVE.,CORAL GABLES,FL,33134,,,,2026-10-09
FL:1065823,NEFL RE VENTURE LLC,REALTY ONE GROUP ELEVATE,50,https://www2.myfloridalicense.com/sto/file_download/extracts//REALESTATE2501LICENSE_1.csv ; https://www2.myfloridalicense.com/sto/file_download/extracts//RealEstateCorpLicense.csv,people = Current/Active sales associates + brokers + broker-sales whose employer licence is the firm,FL,252 PASEO REYES DR,SAINT AUGUSTINE,FL,32095,,,,2026-10-09
FL:1056725,SARASOTA PROPERTY GROUP LLC,NEXTHOME EXCELLENCE,36,https://www2.myfloridalicense.com/sto/file_download/extracts//REALESTATE2501LICENSE_1.csv ; https://www2.myfloridalicense.com/sto/file_download/extracts//RealEstateCorpLicense.csv,people = Current/Active sales associates + brokers + broker-sales whose employer licence is the firm,FL,1400 CATTLEMEN RD 103,SARASOTA,FL,34232,,,,2026-10-09
FL:1043502,NEST SEEKERS FLORIDA LLC,,60,https://www2.myfloridalicense.com/sto/file_download/extracts//REALESTATE2501LICENSE_1.csv ; https://www2.myfloridalicense.com/sto/file_download/extracts//RealEstateCorpLicense.csv,people = Current/Active sales associates + brokers + broker-sales whose employer licence is the firm,FL,888 BISCAYNE BOULEVARD,MIAMI,FL,33132,,,,2026-10-09
FL:1064896,"GULF LIFE REAL ESTATE, INC.",,53,https://www2.myfloridalicense.com/sto/file_download/extracts//REALESTATE2501LICENSE_1.csv ; https://www2.myfloridalicense.com/sto/file_download/extracts//RealEstateCorpLicense.csv,people = Current/Active sales associates + brokers + broker-sales whose employer licence is the firm,FL,17320 PANAMA CITY BEACH PARKWAY,PANAMA CITY BEACH,FL,32413,,,,2026-10-09
FL:1063431,DENIZ REALTY PARTNERS LLC,,42,https://www2.myfloridalicense.com/sto/file_download/extracts//REALESTATE2501LICENSE_1.csv ; https://www2.myfloridalicense.com/sto/file_download/extracts//RealEstateCorpLicense.csv,people = Current/Active sales associates + brokers + broker-sales whose employer licence is the firm,FL,446 W PLANT ST,WINTER GARDEN,FL,34787,,,,2026-10-09
FL:1028061,4 POINT REALTY LLC,EXIT 1 STOP REALTY,48,https://www2.myfloridalicense.com/sto/file_download/extracts//REALESTATE2501LICENSE_1.csv ; https://www2.myfloridalicense.com/sto/file_download/extracts//RealEstateCorpLicense.csv,people = Current/Active sales associates + brokers + broker-sales whose employer licence is the firm,FL,13529 BEACH BLVD SUITE 307A,JACKSONVILLE,FL,32224,,,,2026-10-09
FL:1033097,LEWIS STEWART ENTERPRISES INC,EXIT BAYSHORE REALTY,67,https://www2.myfloridalicense.com/sto/file_download/extracts//REALESTATE2501LICENSE_1.csv ; https://www2.myfloridalicense.com/sto/file_download/extracts//RealEstateCorpLicense.csv,people = Current/Active sales associates + brokers + broker-sales whose employer licence is the firm,FL,201 E. DAVIS BLVD,TAMPA,FL,33606,,,,2026-10-09
FL:1059206,LA ROSA REALTY PREMIER LLC,,65,https://www2.myfloridalicense.com/sto/file_download/extracts//REALESTATE2501LICENSE_1.csv ; https://www2.myfloridalicense.com/sto/file_download/extracts//RealEstateCorpLicense.csv,people = Current/Active sales associates + brokers + broker-sales whose employer licence is the firm,FL,626 N ALAFAYA TRAIL #207,ORLANDO,FL,32828,,,,2026-10-09
FL:513,MERITAGE HOMES OF FLORIDA INC,,59,https://www2.myfloridalicense.com/sto/file_download/extracts//REALESTATE2501LICENSE_1.csv ; https://www2.myfloridalicense.com/sto/file_download/extracts//RealEstateCorpLicense.csv,people = Current/Active sales associates + brokers + broker-sales whose employer licence is the firm,FL,,,,,,,,2026-10-09
FL:1046627,ROSA LEON REALTY LLC,CENTURY 21 ROSA LEON,49,https://www2.myfloridalicense.com/sto/file_download/extracts//REALESTATE2501LICENSE_1.csv ; https://www2.myfloridalicense.com/sto/file_download/extracts//RealEstateCorpLicense.csv,people = Current/Active sales associates + brokers + broker-sales whose employer licence is the firm,FL,7025 W HILLSBOROUGH AVE,TAMPA,FL,33634,,,,2026-10-09
FL:1010591,FIRST WAY REALTY SERVICES INC,,44,https://www2.myfloridalicense.com/sto/file_download/extracts//REALESTATE2501LICENSE_1.csv ; https://www2.myfloridalicense.com/sto/file_download/extracts//RealEstateCorpLicense.csv,people = Current/Active sales associates + brokers + broker-sales whose employer licence is the firm,FL,10661 N KENDALL DR,MIAMI,FL,33176,,,,2026-10-09
FL:1062488,ZOOM REALTY GROUP LLC,,40,https://www2.myfloridalicense.com/sto/file_download/extracts//REALESTATE2501LICENSE_1.csv ; https://www2.myfloridalicense.com/sto/file_download/extracts//RealEstateCorpLicense.csv,people = Current/Active sales associates + brokers + broker-sales whose employer licence is the firm,FL,150 S PINE ISLAND ROAD,PLANTATION,FL,33324,,,,2026-10-09
FL:1020275,BRUCKMAN REALTY LLC,,54,https://www2.myfloridalicense.com/sto/file_download/extracts//REALESTATE2501LICENSE_1.csv ; https://www2.myfloridalicense.com/sto/file_download/extracts//RealEstateCorpLicense.csv,people = Current/Active sales associates + brokers + broker-sales whose employer licence is the firm,FL,2655 S LE JEUNE ROAD,CORAL GABLES,FL,33134,,,,2026-10-09
FL:1063422,AMERICAN DREAM N FL REALTY LLC,AMERICAN DREAM,45,https://www2.myfloridalicense.com/sto/file_download/extracts//REALESTATE2501LICENSE_1.csv ; https://www2.myfloridalicense.com/sto/file_download/extracts//RealEstateCorpLicense.csv,people = Current/Active sales associates + brokers + broker-sales whose employer licence is the firm,FL,3498 SOUTH BYRON BUTLER PARKWAY,PERRY,FL,32348,,,,2026-10-09
FL:1060568,PMG RESIDENTIAL LLC,PMG REALTY,59,https://www2.myfloridalicense.com/sto/file_download/extracts//REALESTATE2501LICENSE_1.csv ; https://www2.myfloridalicense.com/sto/file_download/extracts//RealEstateCorpLicense.csv,people = Current/Active sales associates + brokers + broker-sales whose employer licence is the firm,FL,398 NE 5TH STREET,MIAMI,FL,33132,,,,2026-10-09
FL:1039387,WC REALTY GROUP INC,CENTURY 21 WC REALTY,51,https://www2.myfloridalicense.com/sto/file_download/extracts//REALESTATE2501LICENSE_1.csv ; https://www2.myfloridalicense.com/sto/file_download/extracts//RealEstateCorpLicense.csv,people = Current/Active sales associates + brokers + broker-sales whose employer licence is the firm,FL,12794 FOREST HILL BLVD 29,WELLINGTON,FL,33414,,,,2026-10-09
FL:1043911,30A LOCAL PROPERTIES INC,30A LOCAL REAL ESTATE,45,https://www2.myfloridalicense.com/sto/file_download/extracts//REALESTATE2501LICENSE_1.csv ; https://www2.myfloridalicense.com/sto/file_download/extracts//RealEstateCorpLicense.csv,people = Current/Active sales associates + brokers + broker-sales whose employer licence is the firm,FL,35 CLAYTON LANE,SANTA ROSA BEACH,FL,32459,,,,2026-10-09
FL:1033804,DOMINIUM REALTY GROUP LLC,KARDOSH REALTY,48,https://www2.myfloridalicense.com/sto/file_download/extracts//REALESTATE2501LICENSE_1.csv ; https://www2.myfloridalicense.com/sto/file_download/extracts//RealEstateCorpLicense.csv,people = Current/Active sales associates + brokers + broker-sales whose employer licence is the firm,FL,6236 KINGSPOINTE PKWY SUITE 5,ORLANDO,FL,32819,,,,2026-10-09
FL:1065292,"CORE REALTY ASSOCIATES, INC",,54,https://www2.myfloridalicense.com/sto/file_download/extracts//REALESTATE2501LICENSE_1.csv ; https://www2.myfloridalicense.com/sto/file_download/extracts//RealEstateCorpLicense.csv,people = Current/Active sales associates + brokers + broker-sales whose employer licence is the firm,FL,"323 SUNNY ISLES BLVD, SUITE 700",SUNNY ISLES BEACH,FL,33160,,,,2026-10-09
FL:1047499,CHRIS CREEGAN LLC,CREEGAN GROUP,66,https://www2.myfloridalicense.com/sto/file_download/extracts//REALESTATE2501LICENSE_1.csv ; https://www2.myfloridalicense.com/sto/file_download/extracts//RealEstateCorpLicense.csv,people = Current/Active sales associates + brokers + broker-sales whose employer licence is the firm,FL,439 LAKE HOWELL ROAD,MAITLAND,FL,32751,,,,2026-10-09
FL:1034134,MIAMI LIFE REALTY LLC,,37,https://www2.myfloridalicense.com/sto/file_download/extracts//REALESTATE2501LICENSE_1.csv ; https://www2.myfloridalicense.com/sto/file_download/extracts//RealEstateCorpLicense.csv,people = Current/Active sales associates + brokers + broker-sales whose employer licence is the firm,FL,2320 HOLLYWOOD BLVD,HOLLYWOOD,FL,33020,,,,2026-10-09
FL:1029972,HOWARD CHASE REAL ESTATE LLC,,42,https://www2.myfloridalicense.com/sto/file_download/extracts//REALESTATE2501LICENSE_1.csv ; https://www2.myfloridalicense.com/sto/file_download/extracts//RealEstateCorpLicense.csv,people = Current/Active sales associates + brokers + broker-sales whose employer licence is the firm,FL,1354 WASHINGTON AVENUE #220,MIAMI BEACH,FL,33139,,,,2026-10-09
FL:1059144,BEEHOUSE REALTY LLC,,54,https://www2.myfloridalicense.com/sto/file_download/extracts//REALESTATE2501LICENSE_1.csv ; https://www2.myfloridalicense.com/sto/file_download/extracts//RealEstateCorpLicense.csv,people = Current/Active sales associates + brokers + broker-sales whose employer licence is the firm,FL,13595 SW 134 AVE,MIAMI,FL,33186,,,,2026-10-09
FL:1029697,AMERITEAM REALTY REFERRAL ASSOCIATES INC,AMERITEAM FLEX,47,https://www2.myfloridalicense.com/sto/file_download/extracts//REALESTATE2501LICENSE_1.csv ; https://www2.myfloridalicense.com/sto/file_download/extracts//RealEstateCorpLicense.csv,people = Current/Active sales associates + brokers + broker-sales whose employer licence is the firm,FL,2138 KURT CT,APOPKA,FL,32703,,,,2026-10-09
FL:1042944,HOME-C INTERNATIONAL REALTY LLC,HC COMMERCIAL,49,https://www2.myfloridalicense.com/sto/file_download/extracts//REALESTATE2501LICENSE_1.csv ; https://www2.myfloridalicense.com/sto/file_download/extracts//RealEstateCorpLicense.csv,people = Current/Active sales associates + brokers + broker-sales whose employer licence is the firm,FL,1695 NW 110TH AVE UNIT 302,MIAMI,FL,33172,,,,2026-10-09
FL:1048915,FLORIDA REALTY MARKETPLACE LLC,FLORIDA REALTY MARKETPLACE,43,https://www2.myfloridalicense.com/sto/file_download/extracts//REALESTATE2501LICENSE_1.csv ; https://www2.myfloridalicense.com/sto/file_download/extracts//RealEstateCorpLicense.csv,people = Current/Active sales associates + brokers + broker-sales whose employer licence is the firm,FL,2850 DEER CREEK COMMERCE LANE,DAVENPORT,FL,33837,,,,2026-10-09
FL:1040884,FIRST PRO INTERNATIONAL REALTY CO,FIRST PRO REALTY,67,https://www2.myfloridalicense.com/sto/file_download/extracts//REALESTATE2501LICENSE_1.csv ; https://www2.myfloridalicense.com/sto/file_download/extracts//RealEstateCorpLicense.csv,people = Current/Active sales associates + brokers + broker-sales whose employer licence is the firm,FL,2640 HOLLYWOOD BLVD,HOLLYWOOD,FL,33020,,,,2026-10-09
FL:1028841,MCBRIDE KELLY & ASSOCIATES LLC,,44,https://www2.myfloridalicense.com/sto/file_download/extracts//REALESTATE2501LICENSE_1.csv ; https://www2.myfloridalicense.com/sto/file_download/extracts//RealEstateCorpLicense.csv,people = Current/Active sales associates + brokers + broker-sales whose employer licence is the firm,FL,326 S HYDE PARK AVE,TAMPA,FL,33606,,,,2026-10-09
FL:1053563,NATIVE REALTY CO,,37,https://www2.myfloridalicense.com/sto/file_download/extracts//REALESTATE2501LICENSE_1.csv ; https://www2.myfloridalicense.com/sto/file_download/extracts//RealEstateCorpLicense.csv,people = Current/Active sales associates + brokers + broker-sales whose employer licence is the firm,FL,1926 EAST SUNRISE BLVD,FORT LAUDERDALE,FL,33304,,,,2026-10-09
FL:1072026,"FIRM LUXURY REALTY, INC",,47,https://www2.myfloridalicense.com/sto/file_download/extracts//REALESTATE2501LICENSE_1.csv ; https://www2.myfloridalicense.com/sto/file_download/extracts//RealEstateCorpLicense.csv,people = Current/Active sales associates + brokers + broker-sales whose employer licence is the firm,FL,17111 SW 115 AV,MIAMI,FL,33157,,,,2026-10-09
FL:1072095,PINK MIAMI REAL ESTATE LLC,PINK MIAMI,40,https://www2.myfloridalicense.com/sto/file_download/extracts//REALESTATE2501LICENSE_1.csv ; https://www2.myfloridalicense.com/sto/file_download/extracts//RealEstateCorpLicense.csv,people = Current/Active sales associates + brokers + broker-sales whose employer licence is the firm,FL,4151 HOLLYWOOD BLVD,HOLLYWOOD,FL,33021,,,,2026-10-09
FL:1068524,MAJESTIC PROPERTIES LLC,,54,https://www2.myfloridalicense.com/sto/file_download/extracts//REALESTATE2501LICENSE_1.csv ; https://www2.myfloridalicense.com/sto/file_download/extracts//RealEstateCorpLicense.csv,people = Current/Active sales associates + brokers + broker-sales whose employer licence is the firm,FL,"2916 N. MIAMI AVE., SUITE 610",MIAMI,FL,33127,,,,2026-10-09
FL:1058974,LA ROSA REALTY CENTRAL FLORIDA LLC,,60,https://www2.myfloridalicense.com/sto/file_download/extracts//REALESTATE2501LICENSE_1.csv ; https://www2.myfloridalicense.com/sto/file_download/extracts//RealEstateCorpLicense.csv,people = Current/Active sales associates + brokers + broker-sales whose employer licence is the firm,FL,43344 HWY 27,DAVENPORT,FL,33837,,,,2026-10-09
FL:1058640,LA ROSA REALTY NORTH FLORIDA LLC,,61,https://www2.myfloridalicense.com/sto/file_download/extracts//REALESTATE2501LICENSE_1.csv ; https://www2.myfloridalicense.com/sto/file_download/extracts//RealEstateCorpLicense.csv,people = Current/Active sales associates + brokers + broker-sales whose employer licence is the firm,FL,9250 BAYMEADOWS RD STE 230,JACKSONVILLE,FL,32256,,,,2026-10-09
FL:1064494,CRYSTAL CARDENAS PA,SOUTHERN KEY REALTY,57,https://www2.myfloridalicense.com/sto/file_download/extracts//REALESTATE2501LICENSE_1.csv ; https://www2.myfloridalicense.com/sto/file_download/extracts//RealEstateCorpLicense.csv,people = Current/Active sales associates + brokers + broker-sales whose employer licence is the firm,FL,1001 N US HIGHWAY 1,FORT PIERCE,FL,34950,,,,2026-10-09
FL:1066024,SIMPLIHOM FLORIDA LLC,SIMPLIHOM,39,https://www2.myfloridalicense.com/sto/file_download/extracts//REALESTATE2501LICENSE_1.csv ; https://www2.myfloridalicense.com/sto/file_download/extracts//RealEstateCorpLicense.csv,people = Current/Active sales associates + brokers + broker-sales whose employer licence is the firm,FL,2163 MAIN STREET,SARASOTA,FL,34237,,,,2026-10-09
FL:1069571,SAMSON COMPANIES LLC,,36,https://www2.myfloridalicense.com/sto/file_download/extracts//REALESTATE2501LICENSE_1.csv ; https://www2.myfloridalicense.com/sto/file_download/extracts//RealEstateCorpLicense.csv,people = Current/Active sales associates + brokers + broker-sales whose employer licence is the firm,FL,"610 9TH STREET, N.W",NAPLES,FL,34120,,,,2026-10-09
FL:1065240,BOOTH REALTY LLC,1 REALTY CORP,56,https://www2.myfloridalicense.com/sto/file_download/extracts//REALESTATE2501LICENSE_1.csv ; https://www2.myfloridalicense.com/sto/file_download/extracts//RealEstateCorpLicense.csv,people = Current/Active sales associates + brokers + broker-sales whose employer licence is the firm,FL,5679 GRAYWOOD RD.,JACKSONVILLE,FL,32207,,,,2026-10-09
FL:1039474,LEHMANN REALTY INC,,40,https://www2.myfloridalicense.com/sto/file_download/extracts//REALESTATE2501LICENSE_1.csv ; https://www2.myfloridalicense.com/sto/file_download/extracts//RealEstateCorpLicense.csv,people = Current/Active sales associates + brokers + broker-sales whose employer licence is the firm,FL,111 SE 2ND STREET,DELRAY BEACH,FL,33444,,,,2026-10-09
FL:1064407,LAB REALTY GROUP LLC,,56,https://www2.myfloridalicense.com/sto/file_download/extracts//REALESTATE2501LICENSE_1.csv ; https://www2.myfloridalicense.com/sto/file_download/extracts//RealEstateCorpLicense.csv,people = Current/Active sales associates + brokers + broker-sales whose employer licence is the firm,FL,255 ALHAMBRA CIRCLE SUITE 520,CORAL GABLES,FL,33134,,,,2026-10-09
FL:1058057,PROPERTY OUTLET LLC,PROPERTY OUTLET INTERNATIONAL,35,https://www2.myfloridalicense.com/sto/file_download/extracts//REALESTATE2501LICENSE_1.csv ; https://www2.myfloridalicense.com/sto/file_download/extracts//RealEstateCorpLicense.csv,people = Current/Active sales associates + brokers + broker-sales whose employer licence is the firm,FL,11681 S. ORANGE BLOSSOM TRAIL,ORLANDO,FL,32837,,,,2026-10-09
FL:1063366,AGENCY FLORIDA LLC,,75,https://www2.myfloridalicense.com/sto/file_download/extracts//REALESTATE2501LICENSE_1.csv ; https://www2.myfloridalicense.com/sto/file_download/extracts//RealEstateCorpLicense.csv,people = Current/Active sales associates + brokers + broker-sales whose employer licence is the firm,FL,901 E LAS OLAS BLVD,FORT LAUDERDALE,FL,33301,,,,2026-10-09
FL:1065448,SUNSHINE REALTY FL INC,RE/MAX SUNSHINE,36,https://www2.myfloridalicense.com/sto/file_download/extracts//REALESTATE2501LICENSE_1.csv ; https://www2.myfloridalicense.com/sto/file_download/extracts//RealEstateCorpLicense.csv,people = Current/Active sales associates + brokers + broker-sales whose employer licence is the firm,FL,4574 PINE ISLAND RD NW,MATLACHA,FL,33993,,,,2026-10-09
FL:1033562,HATCHER REALTY SERVICES INC,HATCHER REALTY SERVICES,37,https://www2.myfloridalicense.com/sto/file_download/extracts//REALESTATE2501LICENSE_1.csv ; https://www2.myfloridalicense.com/sto/file_download/extracts//RealEstateCorpLicense.csv,people = Current/Active sales associates + brokers + broker-sales whose employer licence is the firm,FL,738 NE HWY 351,CROSS CITY,FL,32628,,,,2026-10-09
FL:113,WEEKLEY HOMES LLC,,37,https://www2.myfloridalicense.com/sto/file_download/extracts//REALESTATE2501LICENSE_1.csv ; https://www2.myfloridalicense.com/sto/file_download/extracts//RealEstateCorpLicense.csv,people = Current/Active sales associates + brokers + broker-sales whose employer licence is the firm,FL,,,,,,,,2026-10-09
FL:1074220,LANTES REAL ESTATE LLC,,62,https://www2.myfloridalicense.com/sto/file_download/extracts//REALESTATE2501LICENSE_1.csv ; https://www2.myfloridalicense.com/sto/file_download/extracts//RealEstateCorpLicense.csv,people = Current/Active sales associates + brokers + broker-sales whose employer licence is the firm,FL,615 CHANNELSIDE DR,TAMPA,FL,33602,,,,2026-10-09
FL:1040879,FLORIDA BROKERS REAL ESTATE LLC,,38,https://www2.myfloridalicense.com/sto/file_download/extracts//REALESTATE2501LICENSE_1.csv ; https://www2.myfloridalicense.com/sto/file_download/extracts//RealEstateCorpLicense.csv,people = Current/Active sales associates + brokers + broker-sales whose employer licence is the firm,FL,3595 SHERIDAN ST,HOLLYWOOD,FL,33021,,,,2026-10-09
FL:1057222,CALL IT CLOSED INTERNATIONAL INC,CALL IT CLOSED INTERNATIONAL REALTY,58,https://www2.myfloridalicense.com/sto/file_download/extracts//REALESTATE2501LICENSE_1.csv ; https://www2.myfloridalicense.com/sto/file_download/extracts//RealEstateCorpLicense.csv,people = Current/Active sales associates + brokers + broker-sales whose employer licence is the firm,FL,4851 TAMIAMI TRL N,NAPLES,FL,34103,,,,2026-10-09
FL:1066768,"PINNACLE REALTY ADVISORS, LLC",PINNACLE REALTY ADVISORS,36,https://www2.myfloridalicense.com/sto/file_download/extracts//REALESTATE2501LICENSE_1.csv ; https://www2.myfloridalicense.com/sto/file_download/extracts//RealEstateCorpLicense.csv,people = Current/Active sales associates + brokers + broker-sales whose employer licence is the firm,FL,777 BRICKELL AVE,MIAMI,FL,33131,,,,2026-10-09
FL:1055331,ACE FLORIDA REALTY LLC,,46,https://www2.myfloridalicense.com/sto/file_download/extracts//REALESTATE2501LICENSE_1.csv ; https://www2.myfloridalicense.com/sto/file_download/extracts//RealEstateCorpLicense.csv,people = Current/Active sales associates + brokers + broker-sales whose employer licence is the firm,FL,12595 SW 137 AVE,MIAMI,FL,33186,,,,2026-10-09
FL:1053930,TREXY REALTY REFFERALS INC,,63,https://www2.myfloridalicense.com/sto/file_download/extracts//REALESTATE2501LICENSE_1.csv ; https://www2.myfloridalicense.com/sto/file_download/extracts//RealEstateCorpLicense.csv,people = Current/Active sales associates + brokers + broker-sales whose employer licence is the firm,FL,7590 NW 186 ST STE 1054-106,HIALEAH,FL,33015,,,,2026-10-09
FL:1048316,AMERICAN HOMES REAL ESTATE INMOBILIARIA LLC,,70,https://www2.myfloridalicense.com/sto/file_download/extracts//REALESTATE2501LICENSE_1.csv ; https://www2.myfloridalicense.com/sto/file_download/extracts//RealEstateCorpLicense.csv,people = Current/Active sales associates + brokers + broker-sales whose employer licence is the firm,FL,6662 STIRLING RD,HOLLYWOOD,FL,33024,,,,2026-10-09
FL:1056616,THINK REAL ESTATE LLC,THINK REAL ESTATE,63,https://www2.myfloridalicense.com/sto/file_download/extracts//REALESTATE2501LICENSE_1.csv ; https://www2.myfloridalicense.com/sto/file_download/extracts//RealEstateCorpLicense.csv,people = Current/Active sales associates + brokers + broker-sales whose employer licence is the firm,FL,2810 MARTIN LUTHER KING JR. BLVD,PANAMA CITY,FL,32405,,,,2026-10-09
FL:1043167,KSH REALTY LLC,,40,https://www2.myfloridalicense.com/sto/file_download/extracts//REALESTATE2501LICENSE_1.csv ; https://www2.myfloridalicense.com/sto/file_download/extracts//RealEstateCorpLicense.csv,people = Current/Active sales associates + brokers + broker-sales whose employer licence is the firm,FL,4807 PGA BLVD,PALM BEACH GARDENS,FL,33418,,,,2026-10-09
FL:1052045,DOMINION REALTY GROUP LLC,,36,https://www2.myfloridalicense.com/sto/file_download/extracts//REALESTATE2501LICENSE_1.csv ; https://www2.myfloridalicense.com/sto/file_download/extracts//RealEstateCorpLicense.csv,people = Current/Active sales associates + brokers + broker-sales whose employer licence is the firm,FL,7401 WILES RD SUITE,CORAL SPRINGS,FL,33067,,,,2026-10-09
FL:1052845,BLUE REALTY TEAM LLC,,52,https://www2.myfloridalicense.com/sto/file_download/extracts//REALESTATE2501LICENSE_1.csv ; https://www2.myfloridalicense.com/sto/file_download/extracts//RealEstateCorpLicense.csv,people = Current/Active sales associates + brokers + broker-sales whose employer licence is the firm,FL,7504 WILES ROAD SUITE 101A,CORAL SPRINGS,FL,33065,,,,2026-10-09
FL:1053598,KAZA REAL ESTATE LLC,,53,https://www2.myfloridalicense.com/sto/file_download/extracts//REALESTATE2501LICENSE_1.csv ; https://www2.myfloridalicense.com/sto/file_download/extracts//RealEstateCorpLicense.csv,people = Current/Active sales associates + brokers + broker-sales whose employer licence is the firm,FL,"7680 UNIVERSAL BLVD, STE 500",ORLANDO,FL,32819,,,,2026-10-09
FL:1038839,FAUSTO COMMERCIAL REALTY CONSULTANTS INC,,54,https://www2.myfloridalicense.com/sto/file_download/extracts//REALESTATE2501LICENSE_1.csv ; https://www2.myfloridalicense.com/sto/file_download/extracts//RealEstateCorpLicense.csv,people = Current/Active sales associates + brokers + broker-sales whose employer licence is the firm,FL,1761 SW 7 ST,MIAMI,FL,33135,,,,2026-10-09
FL:1039151,REJOICE REALTY GROUP INC,,63,https://www2.myfloridalicense.com/sto/file_download/extracts//REALESTATE2501LICENSE_1.csv ; https://www2.myfloridalicense.com/sto/file_download/extracts//RealEstateCorpLicense.csv,people = Current/Active sales associates + brokers + broker-sales whose employer licence is the firm,FL,8351 SW 4TH STREET,MIAMI,FL,33144,,,,2026-10-09
FL:1072230,ICON REALTY ADVISORS LLC,,64,https://www2.myfloridalicense.com/sto/file_download/extracts//REALESTATE2501LICENSE_1.csv ; https://www2.myfloridalicense.com/sto/file_download/extracts//RealEstateCorpLicense.csv,people = Current/Active sales associates + brokers + broker-sales whose employer licence is the firm,FL,2808 N UNIVERSITY DR,CORAL SPRINGS,FL,33065,,,,2026-10-09
FL:1071870,OPULENCE GROUP BROKERAGE LLC,,52,https://www2.myfloridalicense.com/sto/file_download/extracts//REALESTATE2501LICENSE_1.csv ; https://www2.myfloridalicense.com/sto/file_download/extracts//RealEstateCorpLicense.csv,people = Current/Active sales associates + brokers + broker-sales whose employer licence is the firm,FL,12595 SW 137 AVE,MIAMI,FL,33186,,,,2026-10-09
FL:1062684,STATEWIDE REALTY GROUP LLC,,59,https://www2.myfloridalicense.com/sto/file_download/extracts//REALESTATE2501LICENSE_1.csv ; https://www2.myfloridalicense.com/sto/file_download/extracts//RealEstateCorpLicense.csv,people = Current/Active sales associates + brokers + broker-sales whose employer licence is the firm,FL,6586 6734 FOREST HILL BLVD,GREENACRES,FL,33413,,,,2026-10-09
FL:1060163,INNOVATION REFERRAL GROUP INC,,48,https://www2.myfloridalicense.com/sto/file_download/extracts//REALESTATE2501LICENSE_1.csv ; https://www2.myfloridalicense.com/sto/file_download/extracts//RealEstateCorpLicense.csv,people = Current/Active sales associates + brokers + broker-sales whose employer licence is the firm,FL,7751 N MILITARY TRAIL,PALM BEACH GARDENS,FL,33410,,,,2026-10-09
FL:1061987,MIRANDA EXECUTIVE REALTY CORP,MIRANDA EXECUTIVE REALTY,36,https://www2.myfloridalicense.com/sto/file_download/extracts//REALESTATE2501LICENSE_1.csv ; https://www2.myfloridalicense.com/sto/file_download/extracts//RealEstateCorpLicense.csv,people = Current/Active sales associates + brokers + broker-sales whose employer licence is the firm,FL,2598 E SUNRISE BLVD,FORT LAUDERDALE,FL,33304,,,,2026-10-09
FL:1039701,OPTIMA ONE REALTY INC,,45,https://www2.myfloridalicense.com/sto/file_download/extracts//REALESTATE2501LICENSE_1.csv ; https://www2.myfloridalicense.com/sto/file_download/extracts//RealEstateCorpLicense.csv,people = Current/Active sales associates + brokers + broker-sales whose employer licence is the firm,FL,PO BOX 120508,CLERMONT,FL,34712,,,,2026-10-09
FL:1073563,27N REALTY LLC,27NORTH REALTY,73,https://www2.myfloridalicense.com/sto/file_download/extracts//REALESTATE2501LICENSE_1.csv ; https://www2.myfloridalicense.com/sto/file_download/extracts//RealEstateCorpLicense.csv,people = Current/Active sales associates + brokers + broker-sales whose employer licence is the firm,FL,6138 US HWY 41,APOLLO BEACH,FL,33572,,,,2026-10-09
FL:1066283,CALVO GROUP INTERNATIONAL LLC,CGI REALTY,44,https://www2.myfloridalicense.com/sto/file_download/extracts//REALESTATE2501LICENSE_1.csv ; https://www2.myfloridalicense.com/sto/file_download/extracts//RealEstateCorpLicense.csv,people = Current/Active sales associates + brokers + broker-sales whose employer licence is the firm,FL,1159 ROYAL PALM BEACH BLVD,ROYAL PALM BEACH,FL,33411,,,,2026-10-09
FL:1066301,AVENEW SERVICES CORP,,40,https://www2.myfloridalicense.com/sto/file_download/extracts//REALESTATE2501LICENSE_1.csv ; https://www2.myfloridalicense.com/sto/file_download/extracts//RealEstateCorpLicense.csv,people = Current/Active sales associates + brokers + broker-sales whose employer licence is the firm,FL,8180 NW 36TH ST #308-1,MIAMI,FL,33166,,,,2026-10-09
FL:1051939,BRICKSS LLC,BRICKSS REAL ESTATE COMPANY,35,https://www2.myfloridalicense.com/sto/file_download/extracts//REALESTATE2501LICENSE_1.csv ; https://www2.myfloridalicense.com/sto/file_download/extracts//RealEstateCorpLicense.csv,people = Current/Active sales associates + brokers + broker-sales whose employer licence is the firm,FL,2200 NORTH COMMERCE PARKWAY,WESTON,FL,33326,,,,2026-10-09
FL:1045469,MGR REALTY SERVICES INC,,42,https://www2.myfloridalicense.com/sto/file_download/extracts//REALESTATE2501LICENSE_1.csv ; https://www2.myfloridalicense.com/sto/file_download/extracts//RealEstateCorpLicense.csv,people = Current/Active sales associates + brokers + broker-sales whose employer licence is the firm,FL,"1140 LEE BLVD, SUITE110",LEHIGH ACRES,FL,33936,,,,2026-10-09
FL:1054815,COASTAL LIFE PROPERTIES LLC,COASTAL LIFE PROPERTIES,53,https://www2.myfloridalicense.com/sto/file_download/extracts//REALESTATE2501LICENSE_1.csv ; https://www2.myfloridalicense.com/sto/file_download/extracts//RealEstateCorpLicense.csv,people = Current/Active sales associates + brokers + broker-sales whose employer licence is the firm,FL,101 NORTH PLUMOSA STREET,MERRITT ISLAND,FL,32953,,,,2026-10-09
FL:1069393,AROD EQUITY CAPITAL CORP,AROD PARTNERS REALTY,57,https://www2.myfloridalicense.com/sto/file_download/extracts//REALESTATE2501LICENSE_1.csv ; https://www2.myfloridalicense.com/sto/file_download/extracts//RealEstateCorpLicense.csv,people = Current/Active sales associates + brokers + broker-sales whose employer licence is the firm,FL,2151 CONSULA CONSULATE DRIVE STE 2,ORLANDO,FL,32837,,,,2026-10-09
FL:1047825,BARNES INTERNATIONAL REALTY LLC,BARNES,65,https://www2.myfloridalicense.com/sto/file_download/extracts//REALESTATE2501LICENSE_1.csv ; https://www2.myfloridalicense.com/sto/file_download/extracts//RealEstateCorpLicense.csv,people = Current/Active sales associates + brokers + broker-sales whose employer licence is the firm,FL,1150 SW 22ND STREET,MIAMI,FL,33129,,,,2026-10-09
FL:1062881,WOLFS LANDING REALTY INC,,39,https://www2.myfloridalicense.com/sto/file_download/extracts//REALESTATE2501LICENSE_1.csv ; https://www2.myfloridalicense.com/sto/file_download/extracts//RealEstateCorpLicense.csv,people = Current/Active sales associates + brokers + broker-sales whose employer licence is the firm,FL,4601 NEPTUNE ROAD,SAINT CLOUD,FL,34769,,,,2026-10-09
FL:1069411,A G REAL ESTATE TEAM LLC,MIAMI LUXURY PROPERTIES,57,https://www2.myfloridalicense.com/sto/file_download/extracts//REALESTATE2501LICENSE_1.csv ; https://www2.myfloridalicense.com/sto/file_download/extracts//RealEstateCorpLicense.csv,people = Current/Active sales associates + brokers + broker-sales whose employer licence is the firm,FL,15050 NW 79 COURT,MIAMI LAKES,FL,33016,,,,2026-10-09
FL:1037673,MIAMI CONDO SOLUTION GROUP INC,MIAMI REALTY SOLUTION GROUP,58,https://www2.myfloridalicense.com/sto/file_download/extracts//REALESTATE2501LICENSE_1.csv ; https://www2.myfloridalicense.com/sto/file_download/extracts//RealEstateCorpLicense.csv,people = Current/Active sales associates + brokers + broker-sales whose employer licence is the firm,FL,90 SW 3RD ST RETAIL #CU3,MIAMI,FL,33130,,,,2026-10-09
FL:1073473,SOURCE COMMERCIAL REALTY LLC,SOURCE RE,74,https://www2.myfloridalicense.com/sto/file_download/extracts//REALESTATE2501LICENSE_1.csv ; https://www2.myfloridalicense.com/sto/file_download/extracts//RealEstateCorpLicense.csv,people = Current/Active sales associates + brokers + broker-sales whose employer licence is the firm,FL,7425 SW 42ND ST,MIAMI,FL,33155,,,,2026-10-09
FL:1045398,SIERRA ELITE PROPERTIES LLC,EXIT REAL ESTATE PROPERTY SOLUTIONS,40,https://www2.myfloridalicense.com/sto/file_download/extracts//REALESTATE2501LICENSE_1.csv ; https://www2.myfloridalicense.com/sto/file_download/extracts//RealEstateCorpLicense.csv,people = Current/Active sales associates + brokers + broker-sales whose employer licence is the firm,FL,3132 S RIDGEWOOD AVE,SOUTH DAYTONA,FL,32119,,,,2026-10-09
FL:1041763,BENCHMARK INTERNATIONAL COMPANY SALES SPECIALIST LLC,,62,https://www2.myfloridalicense.com/sto/file_download/extracts//REALESTATE2501LICENSE_1.csv ; https://www2.myfloridalicense.com/sto/file_download/extracts//RealEstateCorpLicense.csv,people = Current/Active sales associates + brokers + broker-sales whose employer licence is the firm,FL,4030 WEST BOY SCOUT BLVD SUITE 500,TAMPA,FL,33607,,,,2026-10-09
FL:1064930,CHANGE REAL ESTATE LLC,,43,https://www2.myfloridalicense.com/sto/file_download/extracts//REALESTATE2501LICENSE_1.csv ; https://www2.myfloridalicense.com/sto/file_download/extracts//RealEstateCorpLicense.csv,people = Current/Active sales associates + brokers + broker-sales whose employer licence is the firm,FL,13475 ATLANTIC BLVD,JACKSONVILLE,FL,32225,,,,2026-10-09
FL:1043643,PREMIUM ESTATES REALTY CORP,,69,https://www2.myfloridalicense.com/sto/file_download/extracts//REALESTATE2501LICENSE_1.csv ; https://www2.myfloridalicense.com/sto/file_download/extracts//RealEstateCorpLicense.csv,people = Current/Active sales associates + brokers + broker-sales whose employer licence is the firm,FL,719 NW 133 AVENUE,MIAMI,FL,33182,,,,2026-10-09
FL:1045501,SOMERDAY GROUP PL,FUNL,45,https://www2.myfloridalicense.com/sto/file_download/extracts//REALESTATE2501LICENSE_1.csv ; https://www2.myfloridalicense.com/sto/file_download/extracts//RealEstateCorpLicense.csv,people = Current/Active sales associates + brokers + broker-sales whose employer licence is the firm,FL,400 ASHLEY DR.,TAMPA,FL,33602,,,,2026-10-09
FL:1073119,C SMITH REAL ESTATE GROUP LLC,,48,https://www2.myfloridalicense.com/sto/file_download/extracts//REALESTATE2501LICENSE_1.csv ; https://www2.myfloridalicense.com/sto/file_download/extracts//RealEstateCorpLicense.csv,people = Current/Active sales associates + brokers + broker-sales whose employer licence is the firm,FL,100 ASHLEY DR S,TAMPA,FL,33602,,,,2026-10-09
FL:1061609,GRANT AND ASSOCIATES REAL ESTATE INC,,67,https://www2.myfloridalicense.com/sto/file_download/extracts//REALESTATE2501LICENSE_1.csv ; https://www2.myfloridalicense.com/sto/file_download/extracts//RealEstateCorpLicense.csv,people = Current/Active sales associates + brokers + broker-sales whose employer licence is the firm,FL,1720 SW 64 TERR,POMPANO,FL,33068,,,,2026-10-09
FL:1056864,BARR AGENCY REAL ESTATE CONSULTANTS LLC,,45,https://www2.myfloridalicense.com/sto/file_download/extracts//REALESTATE2501LICENSE_1.csv ; https://www2.myfloridalicense.com/sto/file_download/extracts//RealEstateCorpLicense.csv,people = Current/Active sales associates + brokers + broker-sales whose employer licence is the firm,FL,6567 COBIA CIR,BOYNTON BEACH,FL,33437,,,,2026-10-09
FL:1051487,LOMBARDO TEAM REAL ESTATE LLC,,49,https://www2.myfloridalicense.com/sto/file_download/extracts//REALESTATE2501LICENSE_1.csv ; https://www2.myfloridalicense.com/sto/file_download/extracts//RealEstateCorpLicense.csv,people = Current/Active sales associates + brokers + broker-sales whose employer licence is the firm,FL,615 CHANNELSIDE DRIVE,TAMPA,FL,33602,,,,2026-10-09
FL:1049927,COWFORD REALTY & DESIGN LLC,,35,https://www2.myfloridalicense.com/sto/file_download/extracts//REALESTATE2501LICENSE_1.csv ; https://www2.myfloridalicense.com/sto/file_download/extracts//RealEstateCorpLicense.csv,people = Current/Active sales associates + brokers + broker-sales whose employer licence is the firm,FL,3651 PARK STREET,JACKSONVILLE,FL,32205,,,,2026-10-09
FL:1050344,SUMMER HOUSE REALTY LLC,,48,https://www2.myfloridalicense.com/sto/file_download/extracts//REALESTATE2501LICENSE_1.csv ; https://www2.myfloridalicense.com/sto/file_download/extracts//RealEstateCorpLicense.csv,people = Current/Active sales associates + brokers + broker-sales whose employer licence is the firm,FL,316 ASH STREET,FERNANDINA BEACH,FL,32034,,,,2026-10-09
FL:1039139,MIAMI REALTY DREAMS INC,,39,https://www2.myfloridalicense.com/sto/file_download/extracts//REALESTATE2501LICENSE_1.csv ; https://www2.myfloridalicense.com/sto/file_download/extracts//RealEstateCorpLicense.csv,people = Current/Active sales associates + brokers + broker-sales whose employer licence is the firm,FL,12960 SW 133 CT,MIAMI,FL,33186,,,,2026-10-09
FL:1064302,BLACK SWAN HOME GROUP LLC,,39,https://www2.myfloridalicense.com/sto/file_download/extracts//REALESTATE2501LICENSE_1.csv ; https://www2.myfloridalicense.com/sto/file_download/extracts//RealEstateCorpLicense.csv,people = Current/Active sales associates + brokers + broker-sales whose employer licence is the firm,FL,3625 NW 82 AVE,DORAL,FL,33166,,,,2026-10-09
FL:1047134,EPIC CHOICE REALTY CORP,,50,https://www2.myfloridalicense.com/sto/file_download/extracts//REALESTATE2501LICENSE_1.csv ; https://www2.myfloridalicense.com/sto/file_download/extracts//RealEstateCorpLicense.csv,people = Current/Active sales associates + brokers + broker-sales whose employer licence is the firm,FL,1311 SW 97 CT,MIAMI,FL,33174,,,,2026-10-09
FL:1070547,EXP REALTY SOUTH LLC,,65,https://www2.myfloridalicense.com/sto/file_download/extracts//REALESTATE2501LICENSE_1.csv ; https://www2.myfloridalicense.com/sto/file_download/extracts//RealEstateCorpLicense.csv,people = Current/Active sales associates + brokers + broker-sales whose employer licence is the firm,FL,10752 DEERWOOD PARK BLVD,JACKSONVILLE,FL,32256,,,,2026-10-09
FL:1061804,HEARTLAND REALTY GROUP LLC,,39,https://www2.myfloridalicense.com/sto/file_download/extracts//REALESTATE2501LICENSE_1.csv ; https://www2.myfloridalicense.com/sto/file_download/extracts//RealEstateCorpLicense.csv,people = Current/Active sales associates + brokers + broker-sales whose employer licence is the firm,FL,2425 PRESIDENTIAL WAY 2006,WEST PALM BEACH,FL,33401,,,,2026-10-09
FL:1040540,MAKRO INVESTMENT INC,GET U HOUSE,66,https://www2.myfloridalicense.com/sto/file_download/extracts//REALESTATE2501LICENSE_1.csv ; https://www2.myfloridalicense.com/sto/file_download/extracts//RealEstateCorpLicense.csv,people = Current/Active sales associates + brokers + broker-sales whose employer licence is the firm,FL,3372 PEACHTREE RD NE,ATLANTA,GA,30326,,,,2026-10-09
FL:1062515,WRA REALTY EXECUTIVES LLC,,60,https://www2.myfloridalicense.com/sto/file_download/extracts//REALESTATE2501LICENSE_1.csv ; https://www2.myfloridalicense.com/sto/file_download/extracts//RealEstateCorpLicense.csv,people = Current/Active sales associates + brokers + broker-sales whose employer licence is the firm,FL,7065 WESTPOINTE BLVD 102,ORLANDO,FL,32835,,,,2026-10-09
FL:1063605,YOUNG REAL ESTATE CONNECT LLC,YOUNG REAL ESTATE CONNECT,38,https://www2.myfloridalicense.com/sto/file_download/extracts//REALESTATE2501LICENSE_1.csv ; https://www2.myfloridalicense.com/sto/file_download/extracts//RealEstateCorpLicense.csv,people = Current/Active sales associates + brokers + broker-sales whose employer licence is the firm,FL,235 N. WESTMONTE DR.,"ALTAMONTE SPRINGS,",FL,32714,,,,2026-10-09
FL:1060891,MARZUCCO REFERRAL GROUP LLC,MARZUCCO REAL ESTATE,41,https://www2.myfloridalicense.com/sto/file_download/extracts//REALESTATE2501LICENSE_1.csv ; https://www2.myfloridalicense.com/sto/file_download/extracts//RealEstateCorpLicense.csv,people = Current/Active sales associates + brokers + broker-sales whose employer licence is the firm,FL,400 5TH AVE S,NAPLES,FL,34102,,,,2026-10-09
FL:1050563,PREMIER REALTY OF TAMPA,,39,https://www2.myfloridalicense.com/sto/file_download/extracts//REALESTATE2501LICENSE_1.csv ; https://www2.myfloridalicense.com/sto/file_download/extracts//RealEstateCorpLicense.csv,people = Current/Active sales associates + brokers + broker-sales whose employer licence is the firm,FL,15619 PREMIERE DR,TAMPA,FL,33624,,,,2026-10-09
FL:1048166,NOVA REAL ESTATE SERVICES INC,NOVA REAL ESTATE,62,https://www2.myfloridalicense.com/sto/file_download/extracts//REALESTATE2501LICENSE_1.csv ; https://www2.myfloridalicense.com/sto/file_download/extracts//RealEstateCorpLicense.csv,people = Current/Active sales associates + brokers + broker-sales whose employer licence is the firm,FL,7858 TURKEY LAKE RD,ORLANDO,FL,32819,,,,2026-10-09
FL:1059215,HOREB KISSIMMEE NETWORK LLC,,38,https://www2.myfloridalicense.com/sto/file_download/extracts//REALESTATE2501LICENSE_1.csv ; https://www2.myfloridalicense.com/sto/file_download/extracts//RealEstateCorpLicense.csv,people = Current/Active sales associates + brokers + broker-sales whose employer licence is the firm,FL,3040 LOOPDALE LANE,KISSIMMEE,FL,34741,,,,2026-10-09
FL:1071391,"LEGACY PREMIER AGENCY, LLC",,35,https://www2.myfloridalicense.com/sto/file_download/extracts//REALESTATE2501LICENSE_1.csv ; https://www2.myfloridalicense.com/sto/file_download/extracts//RealEstateCorpLicense.csv,people = Current/Active sales associates + brokers + broker-sales whose employer licence is the firm,FL,8730 THOMAS DR,PANAMA CITY BEACH,FL,32408,,,,2026-10-09
FL:1052710,TRUST INVEST REAL ESTATE CORP,,37,https://www2.myfloridalicense.com/sto/file_download/extracts//REALESTATE2501LICENSE_1.csv ; https://www2.myfloridalicense.com/sto/file_download/extracts//RealEstateCorpLicense.csv,people = Current/Active sales associates + brokers + broker-sales whose employer licence is the firm,FL,17701 BISCAYNE BLVD,AVENTURA,FL,33160,,,,2026-10-09
FL:1030435,DUO REALTY LLC,,40,https://www2.myfloridalicense.com/sto/file_download/extracts//REALESTATE2501LICENSE_1.csv ; https://www2.myfloridalicense.com/sto/file_download/extracts//RealEstateCorpLicense.csv,people = Current/Active sales associates + brokers + broker-sales whose employer licence is the firm,FL,8370 W HILLSBOROUGH AVE,TAMPA,FL,33615,,,,2026-10-09
FL:1072581,VITA LUXURY REALTY LLC,,64,https://www2.myfloridalicense.com/sto/file_download/extracts//REALESTATE2501LICENSE_1.csv ; https://www2.myfloridalicense.com/sto/file_download/extracts//RealEstateCorpLicense.csv,people = Current/Active sales associates + brokers + broker-sales whose employer licence is the firm,FL,5113 CAREY RD,TAMPA,FL,33624,,,,2026-10-09
FL:1064248,CASTELLANOS RECIO LLC,ALIGN RIGHT REALTY CARROLLWOOD,47,https://www2.myfloridalicense.com/sto/file_download/extracts//REALESTATE2501LICENSE_1.csv ; https://www2.myfloridalicense.com/sto/file_download/extracts//RealEstateCorpLicense.csv,people = Current/Active sales associates + brokers + broker-sales whose employer licence is the firm,FL,"3903 NORTHDALE BLVD, SUITE 115-W",TAMPA,FL,33624,,,,2026-10-09
FL:1044116,FLORIDA CONNEXION PROPERTIES INC,,49,https://www2.myfloridalicense.com/sto/file_download/extracts//REALESTATE2501LICENSE_1.csv ; https://www2.myfloridalicense.com/sto/file_download/extracts//RealEstateCorpLicense.csv,people = Current/Active sales associates + brokers + broker-sales whose employer licence is the firm,FL,5411 INTERNATIONAL DRIVE,ORLANDO,FL,32819,,,,2026-10-09
FL:1073923,H2 COLLECTIVE LLC,AGENCY FL,40,https://www2.myfloridalicense.com/sto/file_download/extracts//REALESTATE2501LICENSE_1.csv ; https://www2.myfloridalicense.com/sto/file_download/extracts//RealEstateCorpLicense.csv,people = Current/Active sales associates + brokers + broker-sales whose employer licence is the firm,FL,1101 LEWIS DRIVE,WINTER PARK,FL,32789,,,,2026-10-09
FL:1054963,SUPERIOR REALTY GROUP LLC,,73,https://www2.myfloridalicense.com/sto/file_download/extracts//REALESTATE2501LICENSE_1.csv ; https://www2.myfloridalicense.com/sto/file_download/extracts//RealEstateCorpLicense.csv,people = Current/Active sales associates + brokers + broker-sales whose employer licence is the firm,FL,2834 REMINGTON GREEN CIRCLE,TALLAHASSEE,FL,32308,,,,2026-10-09
FL:1060759,FLORIDA'S CHOICE REALTY LLC,,44,https://www2.myfloridalicense.com/sto/file_download/extracts//REALESTATE2501LICENSE_1.csv ; https://www2.myfloridalicense.com/sto/file_download/extracts//RealEstateCorpLicense.csv,people = Current/Active sales associates + brokers + broker-sales whose employer licence is the firm,FL,PO BOX 132,FORT MCCOY,FL,32134,,,,2026-10-09
FL:1068467,RELOTON REALTY LLC,,39,https://www2.myfloridalicense.com/sto/file_download/extracts//REALESTATE2501LICENSE_1.csv ; https://www2.myfloridalicense.com/sto/file_download/extracts//RealEstateCorpLicense.csv,people = Current/Active sales associates + brokers + broker-sales whose employer licence is the firm,FL,13206 WEATHERSTONE DR,SPRING HILL,FL,34609,,,,2026-10-09
FL:1065330,TOP TIER INTERNATIONAL REALTY LLC,,40,https://www2.myfloridalicense.com/sto/file_download/extracts//REALESTATE2501LICENSE_1.csv ; https://www2.myfloridalicense.com/sto/file_download/extracts//RealEstateCorpLicense.csv,people = Current/Active sales associates + brokers + broker-sales whose employer licence is the firm,FL,17670 NW 78TH AVE,HIALEAH,FL,33015,,,,2026-10-09
FL:1055759,BEACHFRONT PROPERTIES REAL ESTATE LLC,,60,https://www2.myfloridalicense.com/sto/file_download/extracts//REALESTATE2501LICENSE_1.csv ; https://www2.myfloridalicense.com/sto/file_download/extracts//RealEstateCorpLicense.csv,people = Current/Active sales associates + brokers + broker-sales whose employer licence is the firm,FL,27 NORTHEAST 27 NORTHEAST 4TH AVENUE,DELRAY BEACH,FL,33483,,,,2026-10-09
FL:1056217,GK REALTY GROUP LLC,,64,https://www2.myfloridalicense.com/sto/file_download/extracts//REALESTATE2501LICENSE_1.csv ; https://www2.myfloridalicense.com/sto/file_download/extracts//RealEstateCorpLicense.csv,people = Current/Active sales associates + brokers + broker-sales whose employer licence is the firm,FL,6301 NW 5TH WAY #1300,FORT LAUDERDALE,FL,33309,,,,2026-10-09
FL:1040205,ATLAS REALTY COMPANY INC,,41,https://www2.myfloridalicense.com/sto/file_download/extracts//REALESTATE2501LICENSE_1.csv ; https://www2.myfloridalicense.com/sto/file_download/extracts//RealEstateCorpLicense.csv,people = Current/Active sales associates + brokers + broker-sales whose employer licence is the firm,FL,7752 NW 72ND AVE,MEDLEY,FL,33166,,,,2026-10-09
FL:1069770,VESTI LLC,,35,https://www2.myfloridalicense.com/sto/file_download/extracts//REALESTATE2501LICENSE_1.csv ; https://www2.myfloridalicense.com/sto/file_download/extracts//RealEstateCorpLicense.csv,people = Current/Active sales associates + brokers + broker-sales whose employer licence is the firm,FL,13538 VILLAGE PARK DR,ORLANDO,FL,32837,,,,2026-10-09
FL:1059803,KUHN REALTY LLC,,37,https://www2.myfloridalicense.com/sto/file_download/extracts//REALESTATE2501LICENSE_1.csv ; https://www2.myfloridalicense.com/sto/file_download/extracts//RealEstateCorpLicense.csv,people = Current/Active sales associates + brokers + broker-sales whose employer licence is the firm,FL,1718 N 9TH AVE,PENSACOLA,FL,32503,,,,2026-10-09
FL:1057859,OPPENHEIM REALTY LLC,,35,https://www2.myfloridalicense.com/sto/file_download/extracts//REALESTATE2501LICENSE_1.csv ; https://www2.myfloridalicense.com/sto/file_download/extracts//RealEstateCorpLicense.csv,people = Current/Active sales associates + brokers + broker-sales whose employer licence is the firm,FL,3303 NE 32 ST,FORT LAUDERDALE,FL,33308,,,,2026-10-09
FL:1067168,"VPR UNITED REAL ESTATE, LLC",VPR UNITED REAL ESTATE,41,https://www2.myfloridalicense.com/sto/file_download/extracts//REALESTATE2501LICENSE_1.csv ; https://www2.myfloridalicense.com/sto/file_download/extracts//RealEstateCorpLicense.csv,people = Current/Active sales associates + brokers + broker-sales whose employer licence is the firm,FL,"2750 PREMIERE PKWY, STE 200",DULUTH,GA,30097,,,,2026-10-09
FL:1069234,AURA HOMES LLC,,51,https://www2.myfloridalicense.com/sto/file_download/extracts//REALESTATE2501LICENSE_1.csv ; https://www2.myfloridalicense.com/sto/file_download/extracts//RealEstateCorpLicense.csv,people = Current/Active sales associates + brokers + broker-sales whose employer licence is the firm,FL,850 NW 42 AVE,MIAMI,FL,33126,,,,2026-10-09
FL:1065148,REV REALTY GROUP LLC,,35,https://www2.myfloridalicense.com/sto/file_download/extracts//REALESTATE2501LICENSE_1.csv ; https://www2.myfloridalicense.com/sto/file_download/extracts//RealEstateCorpLicense.csv,people = Current/Active sales associates + brokers + broker-sales whose employer licence is the firm,FL,7115 RUE NOTRE DAME,MIAMI BEACH,FL,33141,,,,2026-10-09
FL:1028915,LIVE TAMPA BAY REALTY INC,LIVE FLORIDA REALTY,58,https://www2.myfloridalicense.com/sto/file_download/extracts//REALESTATE2501LICENSE_1.csv ; https://www2.myfloridalicense.com/sto/file_download/extracts//RealEstateCorpLicense.csv,people = Current/Active sales associates + brokers + broker-sales whose employer licence is the firm,FL,3214 GARDNER RD,LAKELAND,FL,33810,,,,2026-10-09
FL:1068542,AMIRRA CONSULTING GROUP LLC,ALIGN RIGHT REALTY K1 GROUP,40,https://www2.myfloridalicense.com/sto/file_download/extracts//REALESTATE2501LICENSE_1.csv ; https://www2.myfloridalicense.com/sto/file_download/extracts//RealEstateCorpLicense.csv,people = Current/Active sales associates + brokers + broker-sales whose employer licence is the firm,FL,800 SW 137TH AVENUE,PEMBROKE PINES,FL,33027,,,,2026-10-09
FL:1050543,AAA GLOBAL VENTURES PA,AAA GLOBAL,47,https://www2.myfloridalicense.com/sto/file_download/extracts//REALESTATE2501LICENSE_1.csv ; https://www2.myfloridalicense.com/sto/file_download/extracts//RealEstateCorpLicense.csv,people = Current/Active sales associates + brokers + broker-sales whose employer licence is the firm,FL,3079 RAMBLER AVE,SAINT CLOUD,FL,34772,,,,2026-10-09
FL:1074621,EG ORLANDO LLC,,50,https://www2.myfloridalicense.com/sto/file_download/extracts//REALESTATE2501LICENSE_1.csv ; https://www2.myfloridalicense.com/sto/file_download/extracts//RealEstateCorpLicense.csv,people = Current/Active sales associates + brokers + broker-sales whose employer licence is the firm,FL,8403 SOUTHPARK CIR,ORLANDO,FL,32819,,,,2026-10-09
FL:1072180,"GRANT TEAM REAL ESTATE, LLC",GRANT TEAM REAL ESTATE,50,https://www2.myfloridalicense.com/sto/file_download/extracts//REALESTATE2501LICENSE_1.csv ; https://www2.myfloridalicense.com/sto/file_download/extracts//RealEstateCorpLicense.csv,people = Current/Active sales associates + brokers + broker-sales whose employer licence is the firm,FL,208 TAMIAMI TRAIL,PUNTA GORDA,FL,33950,,,,2026-10-09
FL:1051346,VERA REALTY LLC,,59,https://www2.myfloridalicense.com/sto/file_download/extracts//REALESTATE2501LICENSE_1.csv ; https://www2.myfloridalicense.com/sto/file_download/extracts//RealEstateCorpLicense.csv,people = Current/Active sales associates + brokers + broker-sales whose employer licence is the firm,FL,1895 TYLER ST,HOLLYWOOD,FL,33020,,,,2026-10-09
FL:1074842,BELLA VISTA REALTY GROUP LLC,,49,https://www2.myfloridalicense.com/sto/file_download/extracts//REALESTATE2501LICENSE_1.csv ; https://www2.myfloridalicense.com/sto/file_download/extracts//RealEstateCorpLicense.csv,people = Current/Active sales associates + brokers + broker-sales whose employer licence is the firm,FL,5101 GALLEON CT,NEW PORT RICHEY,FL,34652,,,,2026-10-09
FL:1069326,TRUSTPOINT REALTY LLC,,37,https://www2.myfloridalicense.com/sto/file_download/extracts//REALESTATE2501LICENSE_1.csv ; https://www2.myfloridalicense.com/sto/file_download/extracts//RealEstateCorpLicense.csv,people = Current/Active sales associates + brokers + broker-sales whose employer licence is the firm,FL,15207 NW 60 AVE,MIAMI LAKES,FL,33014,,,,2026-10-09
FL:1064121,BEST DEALS REALTY LLC,,46,https://www2.myfloridalicense.com/sto/file_download/extracts//REALESTATE2501LICENSE_1.csv ; https://www2.myfloridalicense.com/sto/file_download/extracts//RealEstateCorpLicense.csv,people = Current/Active sales associates + brokers + broker-sales whose employer licence is the firm,FL,3200 RUSTIC LN,NORTH FORT MYERS,FL,33917,,,,2026-10-09
FL:1069487,PHANTOM REAL ESTATE REFERRAL LLC,,47,https://www2.myfloridalicense.com/sto/file_download/extracts//REALESTATE2501LICENSE_1.csv ; https://www2.myfloridalicense.com/sto/file_download/extracts//RealEstateCorpLicense.csv,people = Current/Active sales associates + brokers + broker-sales whose employer licence is the firm,FL,9995 SW 72 ST,MIAMI,FL,33173,,,,2026-10-09
FL:1061708,ANGIE HOMES REALTY INC,ANGIE HOMES REALTY,45,https://www2.myfloridalicense.com/sto/file_download/extracts//REALESTATE2501LICENSE_1.csv ; https://www2.myfloridalicense.com/sto/file_download/extracts//RealEstateCorpLicense.csv,people = Current/Active sales associates + brokers + broker-sales whose employer licence is the firm,FL,1460 NORTH WEST 107 AVENUE,MIAMI,FL,33172,,,,2026-10-09
FL:1072669,"SUNSERIA REAL ESTATE GROUP, LLC",CENTURY 21 EDGE,44,https://www2.myfloridalicense.com/sto/file_download/extracts//REALESTATE2501LICENSE_1.csv ; https://www2.myfloridalicense.com/sto/file_download/extracts//RealEstateCorpLicense.csv,people = Current/Active sales associates + brokers + broker-sales whose employer licence is the firm,FL,12211 REGENCY VILLAGE DRIVE,ORLANDO,FL,32821,,,,2026-10-09
FL:1069687,ICAZA REYALTY LLC,,43,https://www2.myfloridalicense.com/sto/file_download/extracts//REALESTATE2501LICENSE_1.csv ; https://www2.myfloridalicense.com/sto/file_download/extracts//RealEstateCorpLicense.csv,people = Current/Active sales associates + brokers + broker-sales whose employer licence is the firm,FL,308 ALHAMBRA CIRCLE,CORAL GABLES,FL,33134,,,,2026-10-09
FL:1061568,305 INTERNATIONAL REALTY LLC,,63,https://www2.myfloridalicense.com/sto/file_download/extracts//REALESTATE2501LICENSE_1.csv ; https://www2.myfloridalicense.com/sto/file_download/extracts//RealEstateCorpLicense.csv,people = Current/Active sales associates + brokers + broker-sales whose employer licence is the firm,FL,848 BRICKELL AVE SUITE 620,MIAMI,FL,33131,,,,2026-10-09
FL:1071784,FENIX HOME REALTY LLC,,45,https://www2.myfloridalicense.com/sto/file_download/extracts//REALESTATE2501LICENSE_1.csv ; https://www2.myfloridalicense.com/sto/file_download/extracts//RealEstateCorpLicense.csv,people = Current/Active sales associates + brokers + broker-sales whose employer licence is the firm,FL,2718 W SITKA ST,TAMPA,FL,33614,,,,2026-10-09
FL:1054495,GAILEY ENTERPRISES LLC,GAILEY ENTERPRISES REAL ESTATE,48,https://www2.myfloridalicense.com/sto/file_download/extracts//REALESTATE2501LICENSE_1.csv ; https://www2.myfloridalicense.com/sto/file_download/extracts//RealEstateCorpLicense.csv,people = Current/Active sales associates + brokers + broker-sales whose employer licence is the firm,FL,102 6TH AVE N,JACKSONVILLE BEACH,FL,32250,,,,2026-10-09
FL:1073397,MIRANDA LANDA REALTY GROUP LLC,,54,https://www2.myfloridalicense.com/sto/file_download/extracts//REALESTATE2501LICENSE_1.csv ; https://www2.myfloridalicense.com/sto/file_download/extracts//RealEstateCorpLicense.csv,people = Current/Active sales associates + brokers + broker-sales whose employer licence is the firm,FL,5760 54TH AVE N,KENNETH CITY,FL,33709,,,,2026-10-09
FL:1074042,CIGNOS REAL ESTATE LLC,,63,https://www2.myfloridalicense.com/sto/file_download/extracts//REALESTATE2501LICENSE_1.csv ; https://www2.myfloridalicense.com/sto/file_download/extracts//RealEstateCorpLicense.csv,people = Current/Active sales associates + brokers + broker-sales whose employer licence is the firm,FL,800 S. DOUGLAS RD,MIAMI,FL,33134,,,,2026-10-09
CA:02111845,AC EAGLE CORPORATION,,73,https://secure.dre.ca.gov/datafile/CurrList.zip ; https://secure.dre.ca.gov/datafile/broker_associates_list.xls,people = Licensed salespersons + broker associates + corporate officers whose responsible broker is the firm,CA,3185 SAINT ROSE PKWY STE 100,HENDERSON,NV,89052,,,,2026-10-09
CA:01999191,LAGUNA PREMIER REALTY INC.,,40,https://secure.dre.ca.gov/datafile/CurrList.zip ; https://secure.dre.ca.gov/datafile/broker_associates_list.xls,people = Licensed salespersons + broker associates + corporate officers whose responsible broker is the firm,CA,24371 EL TORO RD STE A,LAGUNA WOODS,CA,92637,,,,2026-10-09
CA:01858487,"NORTHMARQ REALTY SERVICES, INC.",,47,https://secure.dre.ca.gov/datafile/CurrList.zip ; https://secure.dre.ca.gov/datafile/broker_associates_list.xls,people = Licensed salespersons + broker associates + corporate officers whose responsible broker is the firm,CA,500 NEWPORT CENTER DR STE 650,NEWPORT BEACH,CA,92660,,,,2026-10-09
CA:01942838,IPRO REAL ESTATE,,35,https://secure.dre.ca.gov/datafile/CurrList.zip ; https://secure.dre.ca.gov/datafile/broker_associates_list.xls,people = Licensed salespersons + broker associates + corporate officers whose responsible broker is the firm,CA,4533 MACARTHUR BLVD #5024,NEWPORT BEACH,CA,92660,,,,2026-10-09
CA:00659089,PROFESSIONAL LAND CORPORATION,,50,https://secure.dre.ca.gov/datafile/CurrList.zip ; https://secure.dre.ca.gov/datafile/broker_associates_list.xls,people = Licensed salespersons + broker associates + corporate officers whose responsible broker is the firm,CA,23201 MILL CREEK DR 3RD FLOOR,LAGUNA HILLS,CA,92653,,,,2026-10-09
CA:01342548,JUAN EDUARDO FRANCO,,66,https://secure.dre.ca.gov/datafile/CurrList.zip ; https://secure.dre.ca.gov/datafile/broker_associates_list.xls,people = Licensed salespersons + broker associates + corporate officers whose responsible broker is the firm,CA,12981 PERRIS BLVD,MORENO VALLEY,CA,92553,,,,2026-10-09
CA:00020875,PEARSON REALTY,,53,https://secure.dre.ca.gov/datafile/CurrList.zip ; https://secure.dre.ca.gov/datafile/broker_associates_list.xls,people = Licensed salespersons + broker associates + corporate officers whose responsible broker is the firm,CA,7480 N PALM AVE STE 101,FRESNO,CA,93711,,,,2026-10-09
CA:01069854,LEE & ASSOCIATES COMMERCIAL REAL,,38,https://secure.dre.ca.gov/datafile/CurrList.zip ; https://secure.dre.ca.gov/datafile/broker_associates_list.xls,people = Licensed salespersons + broker associates + corporate officers whose responsible broker is the firm,CA,21250 HAWTHORNE BLVD STE 700,TORRANCE,CA,90503,,,,2026-10-09
CA:01201046,ERIC SCHAUB MORI,,40,https://secure.dre.ca.gov/datafile/CurrList.zip ; https://secure.dre.ca.gov/datafile/broker_associates_list.xls,people = Licensed salespersons + broker associates + corporate officers whose responsible broker is the firm,CA,370 AMAPOLA AVE,TORRANCE,CA,90501,,,,2026-10-09
CA:01943113,THE BAISERI PROPERTY COMPANY,,57,https://secure.dre.ca.gov/datafile/CurrList.zip ; https://secure.dre.ca.gov/datafile/broker_associates_list.xls,people = Licensed salespersons + broker associates + corporate officers whose responsible broker is the firm,CA,158 N GLENDORA AVE STE M,GLENDORA,CA,91741,,,,2026-10-09
CA:00531022,KEEGAN & COPPIN COMPANY INC,,53,https://secure.dre.ca.gov/datafile/CurrList.zip ; https://secure.dre.ca.gov/datafile/broker_associates_list.xls,people = Licensed salespersons + broker associates + corporate officers whose responsible broker is the firm,CA,1355 N DUTTON AVENUE,SANTA ROSA,CA,95401,,,,2026-10-09
CA:02047775,OHANA AMERICANA CORPORATION,,52,https://secure.dre.ca.gov/datafile/CurrList.zip ; https://secure.dre.ca.gov/datafile/broker_associates_list.xls,people = Licensed salespersons + broker associates + corporate officers whose responsible broker is the firm,CA,18163 PIONEER BLVD,ARTESIA,CA,90701,,,,2026-10-09
CA:00808075,S J HERITAGE INC,,42,https://secure.dre.ca.gov/datafile/CurrList.zip ; https://secure.dre.ca.gov/datafile/broker_associates_list.xls,people = Licensed salespersons + broker associates + corporate officers whose responsible broker is the firm,CA,9003 RESEDA BLVD STE 105,NORTHRIDGE,CA,91324,,,,2026-10-09
CA:01914434,"BUCKINGHAM INVESTMENTS, INC.",,37,https://secure.dre.ca.gov/datafile/CurrList.zip ; https://secure.dre.ca.gov/datafile/broker_associates_list.xls,people = Licensed salespersons + broker associates + corporate officers whose responsible broker is the firm,CA,1304 EL PRADO AVE STE C,TORRANCE,CA,90501,,,,2026-10-09
CA:01342054,CIDEJJKO INC,,44,https://secure.dre.ca.gov/datafile/CurrList.zip ; https://secure.dre.ca.gov/datafile/broker_associates_list.xls,people = Licensed salespersons + broker associates + corporate officers whose responsible broker is the firm,CA,PO BOX 565,TRACY,CA,95378,,,,2026-10-09
CA:01316167,1AR INC,,39,https://secure.dre.ca.gov/datafile/CurrList.zip ; https://secure.dre.ca.gov/datafile/broker_associates_list.xls,people = Licensed salespersons + broker associates + corporate officers whose responsible broker is the firm,CA,5740 WINDMILL WY #1,CARMICHAEL,CA,95608,,,,2026-10-09
CA:01984658,"JARRARD & ASSOCIATES, INC.",,72,https://secure.dre.ca.gov/datafile/CurrList.zip ; https://secure.dre.ca.gov/datafile/broker_associates_list.xls,people = Licensed salespersons + broker associates + corporate officers whose responsible broker is the firm,CA,6562 CALIENTE RD #106,OAK HILLS,CA,92344,,,,2026-10-09
CA:01823871,RIDGEWATER REAL ESTATE SERVICES INC,,41,https://secure.dre.ca.gov/datafile/CurrList.zip ; https://secure.dre.ca.gov/datafile/broker_associates_list.xls,people = Licensed salespersons + broker associates + corporate officers whose responsible broker is the firm,CA,2170 MAIN ST STE C,OAKLEY,CA,94561,,,,2026-10-09
CA:00909354,WESTCOE REALTORS INC,,59,https://secure.dre.ca.gov/datafile/CurrList.zip ; https://secure.dre.ca.gov/datafile/broker_associates_list.xls,people = Licensed salespersons + broker associates + corporate officers whose responsible broker is the firm,CA,7191 MAGNOLIA AVE,RIVERSIDE,CA,92504,,,,2026-10-09
CA:00617694,NORTH HILLS REALTY CORP,,58,https://secure.dre.ca.gov/datafile/CurrList.zip ; https://secure.dre.ca.gov/datafile/broker_associates_list.xls,people = Licensed salespersons + broker associates + corporate officers whose responsible broker is the firm,CA,17771 17TH STREET,TUSTIN,CA,92780,,,,2026-10-09
CA:01526983,"ALTAS REALTY/ATLAS FINANCIAL SERVICES,",,38,https://secure.dre.ca.gov/datafile/CurrList.zip ; https://secure.dre.ca.gov/datafile/broker_associates_list.xls,people = Licensed salespersons + broker associates + corporate officers whose responsible broker is the firm,CA,1190 S BASCOM AVE STE 118,SAN JOSE,CA,95128,,,,2026-10-09
CA:02025375,"ARTISAN REALTY GROUP, INC.",,49,https://secure.dre.ca.gov/datafile/CurrList.zip ; https://secure.dre.ca.gov/datafile/broker_associates_list.xls,people = Licensed salespersons + broker associates + corporate officers whose responsible broker is the firm,CA,709 HEALDSBURG AVE,HEALDSBURG,CA,95448,,,,2026-10-09
CA:01968431,STRAND HILL PROPERTIES,,68,https://secure.dre.ca.gov/datafile/CurrList.zip ; https://secure.dre.ca.gov/datafile/broker_associates_list.xls,people = Licensed salespersons + broker associates + corporate officers whose responsible broker is the firm,CA,"1141 HIGHLAND AVENUE, 2ND FLOOR",MANHATTAN BEACH,CA,90266,,,,2026-10-09
CA:01820037,FRONTIER REAL ESTATE SERVICES INC,,60,https://secure.dre.ca.gov/datafile/CurrList.zip ; https://secure.dre.ca.gov/datafile/broker_associates_list.xls,people = Licensed salespersons + broker associates + corporate officers whose responsible broker is the firm,CA,765 TUCKER RD,TEHACHAPI,CA,93561,,,,2026-10-09
CA:01900816,"DECISION INVESTORS, INC.",,45,https://secure.dre.ca.gov/datafile/CurrList.zip ; https://secure.dre.ca.gov/datafile/broker_associates_list.xls,people = Licensed salespersons + broker associates + corporate officers whose responsible broker is the firm,CA,8702 LA MESA BLVD,LA MESA,CA,91942,,,,2026-10-09
CA:01112888,DECKER BULLOCK REALTY INC,,42,https://secure.dre.ca.gov/datafile/CurrList.zip ; https://secure.dre.ca.gov/datafile/broker_associates_list.xls,people = Licensed salespersons + broker associates + corporate officers whose responsible broker is the firm,CA,100 TIBURON BLVD STE 100,MILL VALLEY,CA,94941,,,,2026-10-09
CA:00822426,SOLANO PACIFIC CORPORATION,,55,https://secure.dre.ca.gov/datafile/CurrList.zip ; https://secure.dre.ca.gov/datafile/broker_associates_list.xls,people = Licensed salespersons + broker associates + corporate officers whose responsible broker is the firm,CA,900 FIRST ST,BENICIA,CA,94510,,,,2026-10-09
CA:02126101,THINK RE MANAGEMENT INC.,,45,https://secure.dre.ca.gov/datafile/CurrList.zip ; https://secure.dre.ca.gov/datafile/broker_associates_list.xls,people = Licensed salespersons + broker associates + corporate officers whose responsible broker is the firm,CA,4478 CERRITOS AVE,LOS ALAMITOS,CA,90720,,,,2026-10-09
CA:01523010,"REFERRAL NETWORK, INC.",,62,https://secure.dre.ca.gov/datafile/CurrList.zip ; https://secure.dre.ca.gov/datafile/broker_associates_list.xls,people = Licensed salespersons + broker associates + corporate officers whose responsible broker is the firm,CA,12651 NEWPORT AVE,TUSTIN,CA,92780,,,,2026-10-09
CA:01871627,CARMEL REALTY BROKERAGE SERVICES,,51,https://secure.dre.ca.gov/datafile/CurrList.zip ; https://secure.dre.ca.gov/datafile/broker_associates_list.xls,people = Licensed salespersons + broker associates + corporate officers whose responsible broker is the firm,CA,PO DRAWER C,CARMEL,CA,93921,,,,2026-10-09
CA:01987747,AVEDIAN PROPERTIES COMPANY,,58,https://secure.dre.ca.gov/datafile/CurrList.zip ; https://secure.dre.ca.gov/datafile/broker_associates_list.xls,people = Licensed salespersons + broker associates + corporate officers whose responsible broker is the firm,CA,219 W MAIN ST,VISALIA,CA,93291,,,,2026-10-09
CA:01220332,24 HOUR REAL ESTATE,,53,https://secure.dre.ca.gov/datafile/CurrList.zip ; https://secure.dre.ca.gov/datafile/broker_associates_list.xls,people = Licensed salespersons + broker associates + corporate officers whose responsible broker is the firm,CA,8635 FLORENCE AVE STE 101,DOWNEY,CA,90240,,,,2026-10-09
CA:01011260,LEE & ASSOCIATES COMMERCIAL REAL,,43,https://secure.dre.ca.gov/datafile/CurrList.zip ; https://secure.dre.ca.gov/datafile/broker_associates_list.xls,people = Licensed salespersons + broker associates + corporate officers whose responsible broker is the firm,CA,1004 W TAFT AVE STE 150,ORANGE,CA,92865,,,,2026-10-09
CA:01885529,TRT HOME LOANS INC,,58,https://secure.dre.ca.gov/datafile/CurrList.zip ; https://secure.dre.ca.gov/datafile/broker_associates_list.xls,people = Licensed salespersons + broker associates + corporate officers whose responsible broker is the firm,CA,3110 E GARVEY AVE SOUTH,WEST COVINA,CA,91791,,,,2026-10-09
CA:01940983,"MARK 1 REAL ESTATE, INC.",,37,https://secure.dre.ca.gov/datafile/CurrList.zip ; https://secure.dre.ca.gov/datafile/broker_associates_list.xls,people = Licensed salespersons + broker associates + corporate officers whose responsible broker is the firm,CA,1342 E CHAPMAN AVE,ORANGE,CA,92866,,,,2026-10-09
CA:01907175,CARLILE INVESTMENTS,,54,https://secure.dre.ca.gov/datafile/CurrList.zip ; https://secure.dre.ca.gov/datafile/broker_associates_list.xls,people = Licensed salespersons + broker associates + corporate officers whose responsible broker is the firm,CA,1860 HOWE AVE STE 100,SACRAMENTO,CA,95825,,,,2026-10-09
CA:01524252,CORE REAL ESTATE GROUP,,67,https://secure.dre.ca.gov/datafile/CurrList.zip ; https://secure.dre.ca.gov/datafile/broker_associates_list.xls,people = Licensed salespersons + broker associates + corporate officers whose responsible broker is the firm,CA,9663 SANTA MONICA BLVD STE 359,BEVERLY HILLS,CA,90210,,,,2026-10-09
CA:01853496,SAN DIEGO CASTLES REALTY,,39,https://secure.dre.ca.gov/datafile/CurrList.zip ; https://secure.dre.ca.gov/datafile/broker_associates_list.xls,people = Licensed salespersons + broker associates + corporate officers whose responsible broker is the firm,CA,9980 RUE CHANTEMAR,SAN DIEGO,CA,92131,,,,2026-10-09
CA:02221153,"CVRE, INC.",,60,https://secure.dre.ca.gov/datafile/CurrList.zip ; https://secure.dre.ca.gov/datafile/broker_associates_list.xls,people = Licensed salespersons + broker associates + corporate officers whose responsible broker is the firm,CA,39575 WASHINGTON ST STE 105,PALM DESERT,CA,92211,,,,2026-10-09
CA:02130377,"REYNA GIBBS PROPERTIES, INC.",,42,https://secure.dre.ca.gov/datafile/CurrList.zip ; https://secure.dre.ca.gov/datafile/broker_associates_list.xls,people = Licensed salespersons + broker associates + corporate officers whose responsible broker is the firm,CA,106 MAIN ST,MURPHYS,CA,95247,,,,2026-10-09
CA:01235960,AFAGH INC,,72,https://secure.dre.ca.gov/datafile/CurrList.zip ; https://secure.dre.ca.gov/datafile/broker_associates_list.xls,people = Licensed salespersons + broker associates + corporate officers whose responsible broker is the firm,CA,6262 GLADE AVE #8,WOODLAND HILLS,CA,91367,,,,2026-10-09
CA:01976742,"EPLA VENTURES, INC.",,42,https://secure.dre.ca.gov/datafile/CurrList.zip ; https://secure.dre.ca.gov/datafile/broker_associates_list.xls,people = Licensed salespersons + broker associates + corporate officers whose responsible broker is the firm,CA,63 MALAGA COVE PLAZA,PALOS VERDES ESTATES,CA,90274,,,,2026-10-09
CA:02024471,"SWELL PROPERTY, INC.",,38,https://secure.dre.ca.gov/datafile/CurrList.zip ; https://secure.dre.ca.gov/datafile/broker_associates_list.xls,people = Licensed salespersons + broker associates + corporate officers whose responsible broker is the firm,CA,1967 N COAST HWY 101,ENCINITAS,CA,92024,,,,2026-10-09
CA:01125429,LEE & ASSOC COMMERCIAL REAL ESTATE,,47,https://secure.dre.ca.gov/datafile/CurrList.zip ; https://secure.dre.ca.gov/datafile/broker_associates_list.xls,people = Licensed salespersons + broker associates + corporate officers whose responsible broker is the firm,CA,13181 CROSSROADS PKY NORTH #300,CITY OF INDUSTRY,CA,91746,,,,2026-10-09
CA:01923817,JOHN CALVIN FRIEND,,44,https://secure.dre.ca.gov/datafile/CurrList.zip ; https://secure.dre.ca.gov/datafile/broker_associates_list.xls,people = Licensed salespersons + broker associates + corporate officers whose responsible broker is the firm,CA,11910 HIGHWAY 49,SONORA,CA,95370,,,,2026-10-09
CA:02059822,"WISDOM PROPERTIES, INC.",,41,https://secure.dre.ca.gov/datafile/CurrList.zip ; https://secure.dre.ca.gov/datafile/broker_associates_list.xls,people = Licensed salespersons + broker associates + corporate officers whose responsible broker is the firm,CA,1312 CAMINO DEL MAR,DEL MAR,CA,92014,,,,2026-10-09
CA:01874818,"PACIFIC BAY LENDING, INC.",,55,https://secure.dre.ca.gov/datafile/CurrList.zip ; https://secure.dre.ca.gov/datafile/broker_associates_list.xls,people = Licensed salespersons + broker associates + corporate officers whose responsible broker is the firm,CA,121 PAUL DR STE D,SAN RAFAEL,CA,94903,,,,2026-10-09
CA:02246423,"CASTLE REALTORS, PC",,58,https://secure.dre.ca.gov/datafile/CurrList.zip ; https://secure.dre.ca.gov/datafile/broker_associates_list.xls,people = Licensed salespersons + broker associates + corporate officers whose responsible broker is the firm,CA,405 WYNOLA CT,CORONA,CA,92879,,,,2026-10-09
CA:01947956,CHRIS MARIE LAMOREAUX,,62,https://secure.dre.ca.gov/datafile/CurrList.zip ; https://secure.dre.ca.gov/datafile/broker_associates_list.xls,people = Licensed salespersons + broker associates + corporate officers whose responsible broker is the firm,CA,12138 INDUSTRIAL BLVD SUITE 100,VICTORVILLE,CA,92395,,,,2026-10-09
CA:01421338,RCA PROPERTIES INC,,59,https://secure.dre.ca.gov/datafile/CurrList.zip ; https://secure.dre.ca.gov/datafile/broker_associates_list.xls,people = Licensed salespersons + broker associates + corporate officers whose responsible broker is the firm,CA,711 12TH ST,PASO ROBLES,CA,93446,,,,2026-10-09
CA:01526375,SCENIC DEVELOPMENT INC,,71,https://secure.dre.ca.gov/datafile/CurrList.zip ; https://secure.dre.ca.gov/datafile/broker_associates_list.xls,people = Licensed salespersons + broker associates + corporate officers whose responsible broker is the firm,CA,1120 SCENIC DR,MODESTO,CA,95350,,,,2026-10-09
CA:00951355,HAPPY REAL ESTATE INC,,36,https://secure.dre.ca.gov/datafile/CurrList.zip ; https://secure.dre.ca.gov/datafile/broker_associates_list.xls,people = Licensed salespersons + broker associates + corporate officers whose responsible broker is the firm,CA,958 EDMONDS WAY,SUNNYVALE,CA,94087,,,,2026-10-09
CA:00618471,FRANK COOK REALTY INC,,49,https://secure.dre.ca.gov/datafile/CurrList.zip ; https://secure.dre.ca.gov/datafile/broker_associates_list.xls,people = Licensed salespersons + broker associates + corporate officers whose responsible broker is the firm,CA,4305 FREEPORT BLVD,SACRAMENTO,CA,95822,,,,2026-10-09
CA:02090890,COOKE HOLDINGS,,40,https://secure.dre.ca.gov/datafile/CurrList.zip ; https://secure.dre.ca.gov/datafile/broker_associates_list.xls,people = Licensed salespersons + broker associates + corporate officers whose responsible broker is the firm,CA,608 MAIN ST STE G,PLEASANTON,CA,94566,,,,2026-10-09
CA:02006675,"SERVICE REAL ESTATE, INC.",,71,https://secure.dre.ca.gov/datafile/CurrList.zip ; https://secure.dre.ca.gov/datafile/broker_associates_list.xls,people = Licensed salespersons + broker associates + corporate officers whose responsible broker is the firm,CA,78000 FRED WARING DR STE 205,PALM DESERT,CA,92211,,,,2026-10-09
CA:01322466,DANIEL WINKLER & ASSOCIATES INC,,64,https://secure.dre.ca.gov/datafile/CurrList.zip ; https://secure.dre.ca.gov/datafile/broker_associates_list.xls,people = Licensed salespersons + broker associates + corporate officers whose responsible broker is the firm,CA,1215 SOLANO AVE,ALBANY,CA,94706,,,,2026-10-09
CA:01342072,OPTION FUNDING INC,,37,https://secure.dre.ca.gov/datafile/CurrList.zip ; https://secure.dre.ca.gov/datafile/broker_associates_list.xls,people = Licensed salespersons + broker associates + corporate officers whose responsible broker is the firm,CA,4165 EAST THOUSAND OAKS BLVD STE 260,WESTLAKE VILLAGE,CA,91362,,,,2026-10-09
CA:01834124,VII COMMERCIAL CORP,,38,https://secure.dre.ca.gov/datafile/CurrList.zip ; https://secure.dre.ca.gov/datafile/broker_associates_list.xls,people = Licensed salespersons + broker associates + corporate officers whose responsible broker is the firm,CA,5739 KANAN RD #525,AGOURA HILLS,CA,91301,,,,2026-10-09
CA:01363872,ROBERT L STALLINGS INC,,38,https://secure.dre.ca.gov/datafile/CurrList.zip ; https://secure.dre.ca.gov/datafile/broker_associates_list.xls,people = Licensed salespersons + broker associates + corporate officers whose responsible broker is the firm,CA,5199 E PACIFIC COAST HWY STE 100D,LONG BEACH,CA,90804,,,,2026-10-09
CA:01796698,"NEWMARK PACIFIC, INC.",,48,https://secure.dre.ca.gov/datafile/CurrList.zip ; https://secure.dre.ca.gov/datafile/broker_associates_list.xls,people = Licensed salespersons + broker associates + corporate officers whose responsible broker is the firm,CA,1900 AVENUE OF THE STARS 16TH FLR,LOS ANGELES,CA,90067,,,,2026-10-09
CA:01932408,"H M H REFERRAL, INC.",,75,https://secure.dre.ca.gov/datafile/CurrList.zip ; https://secure.dre.ca.gov/datafile/broker_associates_list.xls,people = Licensed salespersons + broker associates + corporate officers whose responsible broker is the firm,CA,70005 MIRAGE COVE DR,RANCHO MIRAGE,CA,92270,,,,2026-10-09
CA:00808840,BARTELS REALTORS INC,,61,https://secure.dre.ca.gov/datafile/CurrList.zip ; https://secure.dre.ca.gov/datafile/broker_associates_list.xls,people = Licensed salespersons + broker associates + corporate officers whose responsible broker is the firm,CA,3088 PINOLE VALLEY RD,PINOLE,CA,94564,,,,2026-10-09
CA:01520227,ROD ALUISI & ASSOCIATES REAL ESTATE INC,,51,https://secure.dre.ca.gov/datafile/CurrList.zip ; https://secure.dre.ca.gov/datafile/broker_associates_list.xls,people = Licensed salespersons + broker associates + corporate officers whose responsible broker is the firm,CA,1170 E CHAMPLAIN DR STE 109,FRESNO,CA,93720,,,,2026-10-09
CA:01279936,ROSSMOOR PROPERTIES INC,,35,https://secure.dre.ca.gov/datafile/CurrList.zip ; https://secure.dre.ca.gov/datafile/broker_associates_list.xls,people = Licensed salespersons + broker associates + corporate officers whose responsible broker is the firm,CA,1641 TICE VALLEY BLVD,WALNUT CREEK,CA,94595,,,,2026-10-09
CA:01182091,JERVIS & ASSOCIATES,,41,https://secure.dre.ca.gov/datafile/CurrList.zip ; https://secure.dre.ca.gov/datafile/broker_associates_list.xls,people = Licensed salespersons + broker associates + corporate officers whose responsible broker is the firm,CA,10841 PARAMOUNT BLVD STE 300,DOWNEY,CA,90241,,,,2026-10-09
CA:01327139,"LUXURY HOMES, INC.",,61,https://secure.dre.ca.gov/datafile/CurrList.zip ; https://secure.dre.ca.gov/datafile/broker_associates_list.xls,people = Licensed salespersons + broker associates + corporate officers whose responsible broker is the firm,CA,10240 RESEDA BLVD,NORTHRIDGE,CA,91324,,,,2026-10-09
CA:01844354,PAUL BLANCO AND ASSOCIATES INC.,,45,https://secure.dre.ca.gov/datafile/CurrList.zip ; https://secure.dre.ca.gov/datafile/broker_associates_list.xls,people = Licensed salespersons + broker associates + corporate officers whose responsible broker is the firm,CA,1750 S BROADWAY STE D,SANTA MARIA,CA,93454,,,,2026-10-09
CA:01446803,PREFERRED GROUP PROPERTIES INC,,53,https://secure.dre.ca.gov/datafile/CurrList.zip ; https://secure.dre.ca.gov/datafile/broker_associates_list.xls,people = Licensed salespersons + broker associates + corporate officers whose responsible broker is the firm,CA,3 MONARCH BAY PLAZA STE 100,DANA POINT,CA,92629,,,,2026-10-09
CA:01958149,OPTIMA REALTY,,68,https://secure.dre.ca.gov/datafile/CurrList.zip ; https://secure.dre.ca.gov/datafile/broker_associates_list.xls,people = Licensed salespersons + broker associates + corporate officers whose responsible broker is the firm,CA,3350 CLAYTON RD STE 100,CONCORD,CA,94519,,,,2026-10-09
CA:02078365,"REAL MVPS, INC.",,62,https://secure.dre.ca.gov/datafile/CurrList.zip ; https://secure.dre.ca.gov/datafile/broker_associates_list.xls,people = Licensed salespersons + broker associates + corporate officers whose responsible broker is the firm,CA,6820 INDIANA AVE STE 110,RIVERSIDE,CA,92506,,,,2026-10-09
CA:01846646,TEYMOUR FARHANG ENTERPRISES INC,,54,https://secure.dre.ca.gov/datafile/CurrList.zip ; https://secure.dre.ca.gov/datafile/broker_associates_list.xls,people = Licensed salespersons + broker associates + corporate officers whose responsible broker is the firm,CA,1770 W WALNUT AVE,VISALIA,CA,93277,,,,2026-10-09
CA:01268085,III CREATE INC,,43,https://secure.dre.ca.gov/datafile/CurrList.zip ; https://secure.dre.ca.gov/datafile/broker_associates_list.xls,people = Licensed salespersons + broker associates + corporate officers whose responsible broker is the firm,CA,41111 MISSION BLVD,FREMONT,CA,94539,,,,2026-10-09
CA:01135567,PRESIDENTIAL INCORPORATED,,62,https://secure.dre.ca.gov/datafile/CurrList.zip ; https://secure.dre.ca.gov/datafile/broker_associates_list.xls,people = Licensed salespersons + broker associates + corporate officers whose responsible broker is the firm,CA,14785 JEFFREY RD #103,IRVINE,CA,92618,,,,2026-10-09
CA:01013957,SEGERSTROM REAL ESTATE INC,,66,https://secure.dre.ca.gov/datafile/CurrList.zip ; https://secure.dre.ca.gov/datafile/broker_associates_list.xls,people = Licensed salespersons + broker associates + corporate officers whose responsible broker is the firm,CA,84 N WASHINGTON ST,SONORA,CA,95370,,,,2026-10-09
CA:00532032,TRI COMMERCIAL REAL ESTATE SERVICES,,40,https://secure.dre.ca.gov/datafile/CurrList.zip ; https://secure.dre.ca.gov/datafile/broker_associates_list.xls,people = Licensed salespersons + broker associates + corporate officers whose responsible broker is the firm,CA,1777 OAKLAND BLVD,WALNUT CREEK,CA,94596,,,,2026-10-09
CA:02180939,CALIFORNIA REAL ESTATE CORPORATION,,36,https://secure.dre.ca.gov/datafile/CurrList.zip ; https://secure.dre.ca.gov/datafile/broker_associates_list.xls,people = Licensed salespersons + broker associates + corporate officers whose responsible broker is the firm,CA,1972 DEL PASO RD STE 157,SACRAMENTO,CA,95834,,,,2026-10-09
CA:00829744,TROTH V INC,,68,https://secure.dre.ca.gov/datafile/CurrList.zip ; https://secure.dre.ca.gov/datafile/broker_associates_list.xls,people = Licensed salespersons + broker associates + corporate officers whose responsible broker is the firm,CA,1801 W AVENUE K STE 101,LANCASTER,CA,93534,,,,2026-10-09
CA:01434204,OHD INC,,72,https://secure.dre.ca.gov/datafile/CurrList.zip ; https://secure.dre.ca.gov/datafile/broker_associates_list.xls,people = Licensed salespersons + broker associates + corporate officers whose responsible broker is the firm,CA,191 SAND CREEK RD STE 100,BRENTWOOD,CA,94513,,,,2026-10-09
CA:01893830,RE/MAX-ALL ESTATES REALTORS,,46,https://secure.dre.ca.gov/datafile/CurrList.zip ; https://secure.dre.ca.gov/datafile/broker_associates_list.xls,people = Licensed salespersons + broker associates + corporate officers whose responsible broker is the firm,CA,4840 W MINERAL KING AVE,VISALIA,CA,93291,,,,2026-10-09
CA:00992110,CBSRR INC,,55,https://secure.dre.ca.gov/datafile/CurrList.zip ; https://secure.dre.ca.gov/datafile/broker_associates_list.xls,people = Licensed salespersons + broker associates + corporate officers whose responsible broker is the firm,CA,PO BOX 1089,LAKE ARROWHEAD,CA,92352,,,,2026-10-09
CA:00754415,FRANCISCAN PROPERTIES,,42,https://secure.dre.ca.gov/datafile/CurrList.zip ; https://secure.dre.ca.gov/datafile/broker_associates_list.xls,people = Licensed salespersons + broker associates + corporate officers whose responsible broker is the firm,CA,677 PORTOLA DR,SAN FRANCISCO,CA,94127,,,,2026-10-09
CA:00873741,GRASS ROOTS REALTY,,67,https://secure.dre.ca.gov/datafile/CurrList.zip ; https://secure.dre.ca.gov/datafile/broker_associates_list.xls,people = Licensed salespersons + broker associates + corporate officers whose responsible broker is the firm,CA,167 SOUTH AUBURN ST,GRASS VALLEY,CA,95945,,,,2026-10-09
CA:02066937,"OMARSHALL, INC",,40,https://secure.dre.ca.gov/datafile/CurrList.zip ; https://secure.dre.ca.gov/datafile/broker_associates_list.xls,people = Licensed salespersons + broker associates + corporate officers whose responsible broker is the firm,CA,683 JENEVEIN AVE,SAN BRUNO,CA,94066,,,,2026-10-09
CA:02198003,"CHAMPION REAL ESTATE, INC.",,36,https://secure.dre.ca.gov/datafile/CurrList.zip ; https://secure.dre.ca.gov/datafile/broker_associates_list.xls,people = Licensed salespersons + broker associates + corporate officers whose responsible broker is the firm,CA,225 S FIRST ST,ORCUTT,CA,93455,,,,2026-10-09
CA:01235106,CRSG INC,,54,https://secure.dre.ca.gov/datafile/CurrList.zip ; https://secure.dre.ca.gov/datafile/broker_associates_list.xls,people = Licensed salespersons + broker associates + corporate officers whose responsible broker is the firm,CA,1720 PACIFIC COAST HWY #101,HUNTINGTON BEACH,CA,92648,,,,2026-10-09
CA:02126113,"P16:3, INC.",,41,https://secure.dre.ca.gov/datafile/CurrList.zip ; https://secure.dre.ca.gov/datafile/broker_associates_list.xls,people = Licensed salespersons + broker associates + corporate officers whose responsible broker is the firm,CA,408 S MAIN ST STE 120,TEMPLETON,CA,93465,,,,2026-10-09
CA:01897906,"BENJAMIN, INC.",,72,https://secure.dre.ca.gov/datafile/CurrList.zip ; https://secure.dre.ca.gov/datafile/broker_associates_list.xls,people = Licensed salespersons + broker associates + corporate officers whose responsible broker is the firm,CA,PO BOX 2814,BIG BEAR LAKE,CA,92315,,,,2026-10-09
CA:02148880,ARAMIS REALTY GROUP INC.,,40,https://secure.dre.ca.gov/datafile/CurrList.zip ; https://secure.dre.ca.gov/datafile/broker_associates_list.xls,people = Licensed salespersons + broker associates + corporate officers whose responsible broker is the firm,CA,436 N. LAKEVIEW AVE,ANAHEIM,CA,92807,,,,2026-10-09
CA:01379606,REAL ESTATE ELITE CORPORATION,,75,https://secure.dre.ca.gov/datafile/CurrList.zip ; https://secure.dre.ca.gov/datafile/broker_associates_list.xls,people = Licensed salespersons + broker associates + corporate officers whose responsible broker is the firm,CA,133 E HUNTINGTON DR,ARCADIA,CA,91006,,,,2026-10-09
CA:02068841,SFRE WINE COUNTRY,,68,https://secure.dre.ca.gov/datafile/CurrList.zip ; https://secure.dre.ca.gov/datafile/broker_associates_list.xls,people = Licensed salespersons + broker associates + corporate officers whose responsible broker is the firm,CA,PO BOX 680717,PARK CITY,UT,84068,,,,2026-10-09
CA:01869144,COMFORT REAL ESTATE SERVICES INC,,63,https://secure.dre.ca.gov/datafile/CurrList.zip ; https://secure.dre.ca.gov/datafile/broker_associates_list.xls,people = Licensed salespersons + broker associates + corporate officers whose responsible broker is the firm,CA,632 LAS POSAS RD,CAMARILLO,CA,93010,,,,2026-10-09
CA:01301392,VILLAGE ASSOCIATES REAL ESTATE,,35,https://secure.dre.ca.gov/datafile/CurrList.zip ; https://secure.dre.ca.gov/datafile/broker_associates_list.xls,people = Licensed salespersons + broker associates + corporate officers whose responsible broker is the firm,CA,51 MORAGA WAY,ORINDA,CA,94563,,,,2026-10-09
CA:01191898,REALTY ADVENTURES INC,,41,https://secure.dre.ca.gov/datafile/CurrList.zip ; https://secure.dre.ca.gov/datafile/broker_associates_list.xls,people = Licensed salespersons + broker associates + corporate officers whose responsible broker is the firm,CA,5707 CORSA AVE STE 200,WESTLAKE VILLAGE,CA,91362,,,,2026-10-09
CA:01209930,1460 CAPITAL CORPORATION,,50,https://secure.dre.ca.gov/datafile/CurrList.zip ; https://secure.dre.ca.gov/datafile/broker_associates_list.xls,people = Licensed salespersons + broker associates + corporate officers whose responsible broker is the firm,CA,10721 TREENA ST STE 200,SAN DIEGO,CA,92131,,,,2026-10-09
CA:02068862,"SFRE BEVERLY HILLS, INC.",,44,https://secure.dre.ca.gov/datafile/CurrList.zip ; https://secure.dre.ca.gov/datafile/broker_associates_list.xls,people = Licensed salespersons + broker associates + corporate officers whose responsible broker is the firm,CA,PO BOX 680717,PARK CITY,UT,84068,,,,2026-10-09
CA:01290500,AT FUTURE CORP,,36,https://secure.dre.ca.gov/datafile/CurrList.zip ; https://secure.dre.ca.gov/datafile/broker_associates_list.xls,people = Licensed salespersons + broker associates + corporate officers whose responsible broker is the firm,CA,1042 1ST ST,MANHATTAN BEACH,CA,90266,,,,2026-10-09
CA:01353781,W E FINANCIAL INC,,50,https://secure.dre.ca.gov/datafile/CurrList.zip ; https://secure.dre.ca.gov/datafile/broker_associates_list.xls,people = Licensed salespersons + broker associates + corporate officers whose responsible broker is the firm,CA,4952 WARNER AVE STE 109,HUNTINGTON BEACH,CA,92649,,,,2026-10-09
CA:02181335,STARFIRE REAL ESTATE CORP.,,47,https://secure.dre.ca.gov/datafile/CurrList.zip ; https://secure.dre.ca.gov/datafile/broker_associates_list.xls,people = Licensed salespersons + broker associates + corporate officers whose responsible broker is the firm,CA,27611 LA PAZ ROAD STE A2,LAGUNA NIGUEL,CA,92677,,,,2026-10-09
CA:02324551,FOUNDATION VALLEY MM INC.,,72,https://secure.dre.ca.gov/datafile/CurrList.zip ; https://secure.dre.ca.gov/datafile/broker_associates_list.xls,people = Licensed salespersons + broker associates + corporate officers whose responsible broker is the firm,CA,1451 MOFFAT BLVD UNIT 2,MANTECA,CA,95336,,,,2026-10-09
CA:01884317,PENINSULA REALTY INC,,43,https://secure.dre.ca.gov/datafile/CurrList.zip ; https://secure.dre.ca.gov/datafile/broker_associates_list.xls,people = Licensed salespersons + broker associates + corporate officers whose responsible broker is the firm,CA,23024 CRENSHAW BLVD,TORRANCE,CA,90505,,,,2026-10-09
CA:01906189,VASTREE REAL ESTATE INC.,,62,https://secure.dre.ca.gov/datafile/CurrList.zip ; https://secure.dre.ca.gov/datafile/broker_associates_list.xls,people = Licensed salespersons + broker associates + corporate officers whose responsible broker is the firm,CA,220 S MYRTLE AVE,MONROVIA,CA,91016,,,,2026-10-09
CA:01846152,UNITED LENDING PARTNERS INC,,65,https://secure.dre.ca.gov/datafile/CurrList.zip ; https://secure.dre.ca.gov/datafile/broker_associates_list.xls,people = Licensed salespersons + broker associates + corporate officers whose responsible broker is the firm,CA,3825 HOPYARD RD #150,PLEASANTON,CA,94588,,,,2026-10-09
CA:00707598,DUNNIGAN ASSOCIATES,,39,https://secure.dre.ca.gov/datafile/CurrList.zip ; https://secure.dre.ca.gov/datafile/broker_associates_list.xls,people = Licensed salespersons + broker associates + corporate officers whose responsible broker is the firm,CA,4215 FREEPORT BLVD,SACRAMENTO,CA,95822,,,,2026-10-09
CA:01477389,MELSON REALTY INC,,42,https://secure.dre.ca.gov/datafile/CurrList.zip ; https://secure.dre.ca.gov/datafile/broker_associates_list.xls,people = Licensed salespersons + broker associates + corporate officers whose responsible broker is the firm,CA,444 N PROSPECT STE B,PORTERVILLE,CA,93257,,,,2026-10-09
CA:02090838,SONORA REALTY GROUP INC.,,37,https://secure.dre.ca.gov/datafile/CurrList.zip ; https://secure.dre.ca.gov/datafile/broker_associates_list.xls,people = Licensed salespersons + broker associates + corporate officers whose responsible broker is the firm,CA,8 S WASHINGTON ST,SONORA,CA,95370,,,,2026-10-09
CA:01206776,SARINANA INC,,63,https://secure.dre.ca.gov/datafile/CurrList.zip ; https://secure.dre.ca.gov/datafile/broker_associates_list.xls,people = Licensed salespersons + broker associates + corporate officers whose responsible broker is the firm,CA,10839 LA REINA AVE STE 100,DOWNEY,CA,90241,,,,2026-10-09
CA:01299519,COLBY SEONGWU JO,,46,https://secure.dre.ca.gov/datafile/CurrList.zip ; https://secure.dre.ca.gov/datafile/broker_associates_list.xls,people = Licensed salespersons + broker associates + corporate officers whose responsible broker is the firm,CA,3055 WILSHIRE BLVD SUITE 810,LOS ANGELES,CA,90010,,,,2026-10-09
CA:01523875,BUTTERFIELD VENTURES INC,,35,https://secure.dre.ca.gov/datafile/CurrList.zip ; https://secure.dre.ca.gov/datafile/broker_associates_list.xls,people = Licensed salespersons + broker associates + corporate officers whose responsible broker is the firm,CA,140 DIAMOND CREEK PL,ROSEVILLE,CA,95747,,,,2026-10-09
CA:02088261,THE MORTGAGE SOLUTION SERVICES,,51,https://secure.dre.ca.gov/datafile/CurrList.zip ; https://secure.dre.ca.gov/datafile/broker_associates_list.xls,people = Licensed salespersons + broker associates + corporate officers whose responsible broker is the firm,CA,17409 MARQUARDT AVE STE F,CERRITOS,CA,90703,,,,2026-10-09
CA:02086407,TNC REALTY,,41,https://secure.dre.ca.gov/datafile/CurrList.zip ; https://secure.dre.ca.gov/datafile/broker_associates_list.xls,people = Licensed salespersons + broker associates + corporate officers whose responsible broker is the firm,CA,3200 INLAND EMPIRE BLVD STE 230,ONTARIO,CA,91764,,,,2026-10-09
CA:01931007,"AVAMASH, INC.",,67,https://secure.dre.ca.gov/datafile/CurrList.zip ; https://secure.dre.ca.gov/datafile/broker_associates_list.xls,people = Licensed salespersons + broker associates + corporate officers whose responsible broker is the firm,CA,189 EL PORTAL DR,MERCED,CA,95348,,,,2026-10-09
CA:00976995,LEE & ASSOCIATES COMMERCIAL REAL,,66,https://secure.dre.ca.gov/datafile/CurrList.zip ; https://secure.dre.ca.gov/datafile/broker_associates_list.xls,people = Licensed salespersons + broker associates + corporate officers whose responsible broker is the firm,CA,3535 INLAND EMPIRE BLVD,ONTARIO,CA,91764,,,,2026-10-09
CA:01908328,"AVISON YOUNG - SOUTHERN CALIFORNIA,",,67,https://secure.dre.ca.gov/datafile/CurrList.zip ; https://secure.dre.ca.gov/datafile/broker_associates_list.xls,people = Licensed salespersons + broker associates + corporate officers whose responsible broker is the firm,CA,1 S WACKER DR STE 3000,CHICAGO,IL,60606,,,,2026-10-09
CA:01273285,FIRST AMERICAN TEAM INC,,51,https://secure.dre.ca.gov/datafile/CurrList.zip ; https://secure.dre.ca.gov/datafile/broker_associates_list.xls,people = Licensed salespersons + broker associates + corporate officers whose responsible broker is the firm,CA,2501 CHERRY AVE STE 100,SIGNAL HILL,CA,90755,,,,2026-10-09
CA:02065919,B&A CHICO ASSOCIATES INC,,58,https://secure.dre.ca.gov/datafile/CurrList.zip ; https://secure.dre.ca.gov/datafile/broker_associates_list.xls,people = Licensed salespersons + broker associates + corporate officers whose responsible broker is the firm,CA,168 E 3RD AVE,CHICO,CA,95926,,,,2026-10-09
CA:01871677,MONTEREY PENINSULA REAL ESTATE PARTNERS,,55,https://secure.dre.ca.gov/datafile/CurrList.zip ; https://secure.dre.ca.gov/datafile/broker_associates_list.xls,people = Licensed salespersons + broker associates + corporate officers whose responsible broker is the firm,CA,PO DRAWER C,CARMEL,CA,93921,,,,2026-10-09
CA:01426454,HOMEPLUS CORPORATION,,55,https://secure.dre.ca.gov/datafile/CurrList.zip ; https://secure.dre.ca.gov/datafile/broker_associates_list.xls,people = Licensed salespersons + broker associates + corporate officers whose responsible broker is the firm,CA,PO BOX 99466,SAN DIEGO,CA,92169,,,,2026-10-09
CA:01048055,LEE & ASSOCIATES COMMERCIAL REAL,,61,https://secure.dre.ca.gov/datafile/CurrList.zip ; https://secure.dre.ca.gov/datafile/broker_associates_list.xls,people = Licensed salespersons + broker associates + corporate officers whose responsible broker is the firm,CA,3240 MISSION INN AVE,RIVERSIDE,CA,92507,,,,2026-10-09
CA:00964696,IDS REAL ESTATE GROUP,,66,https://secure.dre.ca.gov/datafile/CurrList.zip ; https://secure.dre.ca.gov/datafile/broker_associates_list.xls,people = Licensed salespersons + broker associates + corporate officers whose responsible broker is the firm,CA,515 S FIGUEROA ST 16TH FLOOR,LOS ANGELES,CA,90071,,,,2026-10-09
CA:01888918,KRG REALTY GROUP INC,,45,https://secure.dre.ca.gov/datafile/CurrList.zip ; https://secure.dre.ca.gov/datafile/broker_associates_list.xls,people = Licensed salespersons + broker associates + corporate officers whose responsible broker is the firm,CA,14726 RAMONA AVE STE 201,CHINO,CA,91710,,,,2026-10-09
CA:01877202,PRONET PARTNERS INC,,60,https://secure.dre.ca.gov/datafile/CurrList.zip ; https://secure.dre.ca.gov/datafile/broker_associates_list.xls,people = Licensed salespersons + broker associates + corporate officers whose responsible broker is the firm,CA,70227 HIGHWAY 111,RANCHO MIRAGE,CA,92270,,,,2026-10-09
CA:01518537,SHORE CAPITAL CORPORATION,,52,https://secure.dre.ca.gov/datafile/CurrList.zip ; https://secure.dre.ca.gov/datafile/broker_associates_list.xls,people = Licensed salespersons + broker associates + corporate officers whose responsible broker is the firm,CA,9114 ADAMS AVE #165,HUNTINGTON BEACH,CA,92646,,,,2026-10-09
CA:01201667,CHARLES DUNN REAL ESTATE SERVICES,,37,https://secure.dre.ca.gov/datafile/CurrList.zip ; https://secure.dre.ca.gov/datafile/broker_associates_list.xls,people = Licensed salespersons + broker associates + corporate officers whose responsible broker is the firm,CA,800 W 6TH ST STE#600,LOS ANGELES,CA,90017,,,,2026-10-09
CA:01417710,DICKSON REALTY TRUCKEE INC,,50,https://secure.dre.ca.gov/datafile/CurrList.zip ; https://secure.dre.ca.gov/datafile/broker_associates_list.xls,people = Licensed salespersons + broker associates + corporate officers whose responsible broker is the firm,CA,333 HOLCOMB AVE STE 300,RENO,NV,89502,,,,2026-10-09
CA:01837888,RAPISARDA & RAPISARDA INC,,35,https://secure.dre.ca.gov/datafile/CurrList.zip ; https://secure.dre.ca.gov/datafile/broker_associates_list.xls,people = Licensed salespersons + broker associates + corporate officers whose responsible broker is the firm,CA,366 MERCHANT ST,VACAVILLE,CA,95688,,,,2026-10-09
CA:01834856,ATLANTIC REALTY,,57,https://secure.dre.ca.gov/datafile/CurrList.zip ; https://secure.dre.ca.gov/datafile/broker_associates_list.xls,people = Licensed salespersons + broker associates + corporate officers whose responsible broker is the firm,CA,2100 GEER RD STE B,TURLOCK,CA,95382,,,,2026-10-09
CA:01920450,"BMC REALTY ADVISORS, INC",,54,https://secure.dre.ca.gov/datafile/CurrList.zip ; https://secure.dre.ca.gov/datafile/broker_associates_list.xls,people = Licensed salespersons + broker associates + corporate officers whose responsible broker is the firm,CA,265 E RIVER PARK CIR STE 480,FRESNO,CA,93720,,,,2026-10-09
CA:00935717,FIRST BANKER MORTGAGE CORPORATION,,36,https://secure.dre.ca.gov/datafile/CurrList.zip ; https://secure.dre.ca.gov/datafile/broker_associates_list.xls,people = Licensed salespersons + broker associates + corporate officers whose responsible broker is the firm,CA,17835 VENTURA BLVD #200,ENCINO,CA,91316,,,,2026-10-09
CA:01316623,HOMEBASED ENTERPRISES INC,,72,https://secure.dre.ca.gov/datafile/CurrList.zip ; https://secure.dre.ca.gov/datafile/broker_associates_list.xls,people = Licensed salespersons + broker associates + corporate officers whose responsible broker is the firm,CA,27943 SECO CANYON RD #325,SANTA CLARITA,CA,91350,,,,2026-10-09
CA:01197438,UTOPIA MANAGEMENT INC,,44,https://secure.dre.ca.gov/datafile/CurrList.zip ; https://secure.dre.ca.gov/datafile/broker_associates_list.xls,people = Licensed salespersons + broker associates + corporate officers whose responsible broker is the firm,CA,4617 RUFFNER ST,SAN DIEGO,CA,92111,,,,2026-10-09
CA:02119245,BENTOCK INCORPORATED,,64,https://secure.dre.ca.gov/datafile/CurrList.zip ; https://secure.dre.ca.gov/datafile/broker_associates_list.xls,people = Licensed salespersons + broker associates + corporate officers whose responsible broker is the firm,CA,38 W SIERRA MADRE BLVD STE A,SIERRA MADRE,CA,91024,,,,2026-10-09
CA:02038107,SADEK REAL ESTATE,,45,https://secure.dre.ca.gov/datafile/CurrList.zip ; https://secure.dre.ca.gov/datafile/broker_associates_list.xls,people = Licensed salespersons + broker associates + corporate officers whose responsible broker is the firm,CA,PO BOX 432,ROSEVILLE,CA,95661,,,,2026-10-09
CA:01180575,MASTERMAN ROCHE INC,,37,https://secure.dre.ca.gov/datafile/CurrList.zip ; https://secure.dre.ca.gov/datafile/broker_associates_list.xls,people = Licensed salespersons + broker associates + corporate officers whose responsible broker is the firm,CA,305 PASADENA AVE,SOUTH PASADENA,CA,91030,,,,2026-10-09
CA:02222817,"VELUR REAL ESTATE SERVICES, INC.",,44,https://secure.dre.ca.gov/datafile/CurrList.zip ; https://secure.dre.ca.gov/datafile/broker_associates_list.xls,people = Licensed salespersons + broker associates + corporate officers whose responsible broker is the firm,CA,20700 VENTURA BLVD STE 301,WOODLAND HILLS,CA,91364,,,,2026-10-09
CA:01949144,SIERRA NEVADA GOLD INC.,,48,https://secure.dre.ca.gov/datafile/CurrList.zip ; https://secure.dre.ca.gov/datafile/broker_associates_list.xls,people = Licensed salespersons + broker associates + corporate officers whose responsible broker is the firm,CA,776-B FREEMAN LANE,GRASS VALLEY,CA,95949,,,,2026-10-09
CA:00847066,AN THI NGUYEN,,45,https://secure.dre.ca.gov/datafile/CurrList.zip ; https://secure.dre.ca.gov/datafile/broker_associates_list.xls,people = Licensed salespersons + broker associates + corporate officers whose responsible broker is the firm,CA,10900 WESTMINSTER AVE STE 10,GARDEN GROVE,CA,92843,,,,2026-10-09
CA:02317785,BEACHWALK CORP.,,38,https://secure.dre.ca.gov/datafile/CurrList.zip ; https://secure.dre.ca.gov/datafile/broker_associates_list.xls,people = Licensed salespersons + broker associates + corporate officers whose responsible broker is the firm,CA,437 S HWY 101 STE 116,SOLANA BEACH,CA,92075,,,,2026-10-09
CA:01915358,"SIGNATURE REALTY, INC.",,61,https://secure.dre.ca.gov/datafile/CurrList.zip ; https://secure.dre.ca.gov/datafile/broker_associates_list.xls,people = Licensed salespersons + broker associates + corporate officers whose responsible broker is the firm,CA,42575 DEVANT CIR,TEMECULA,CA,92592,,,,2026-10-09
CA:01900294,KANNELLA INC,,69,https://secure.dre.ca.gov/datafile/CurrList.zip ; https://secure.dre.ca.gov/datafile/broker_associates_list.xls,people = Licensed salespersons + broker associates + corporate officers whose responsible broker is the firm,CA,43832 20TH ST W,LANCASTER,CA,93534,,,,2026-10-09
CA:02021262,HACKWORTH INC.,,47,https://secure.dre.ca.gov/datafile/CurrList.zip ; https://secure.dre.ca.gov/datafile/broker_associates_list.xls,people = Licensed salespersons + broker associates + corporate officers whose responsible broker is the firm,CA,310 W LOCUST ST,LODI,CA,95240,,,,2026-10-09
CA:02278454,TRENDS RE INC.,,41,https://secure.dre.ca.gov/datafile/CurrList.zip ; https://secure.dre.ca.gov/datafile/broker_associates_list.xls,people = Licensed salespersons + broker associates + corporate officers whose responsible broker is the firm,CA,120 NEWPORT CENTER DR,NEWPORT BEACH,CA,92660,,,,2026-10-09
CA:02244845,AG ONE REALTY INC,,36,https://secure.dre.ca.gov/datafile/CurrList.zip ; https://secure.dre.ca.gov/datafile/broker_associates_list.xls,people = Licensed salespersons + broker associates + corporate officers whose responsible broker is the firm,CA,3200 EL CAMINO REAL STE 140,IRVINE,CA,92602,,,,2026-10-09
CA:00452468,COLLIERS TINGEY INTERNATIONAL INC,,43,https://secure.dre.ca.gov/datafile/CurrList.zip ; https://secure.dre.ca.gov/datafile/broker_associates_list.xls,people = Licensed salespersons + broker associates + corporate officers whose responsible broker is the firm,CA,7485 N PALM AVE STE 110,FRESNO,CA,93711,,,,2026-10-09
CA:01526757,"EXECUTIVE REALTY SERVICES, INC.",,58,https://secure.dre.ca.gov/datafile/CurrList.zip ; https://secure.dre.ca.gov/datafile/broker_associates_list.xls,people = Licensed salespersons + broker associates + corporate officers whose responsible broker is the firm,CA,8362 ROSEMEAD BLVD,PICO RIVERA,CA,90660,,,,2026-10-09
CA:02121641,"MAYA TEAM, INC",,35,https://secure.dre.ca.gov/datafile/CurrList.zip ; https://secure.dre.ca.gov/datafile/broker_associates_list.xls,people = Licensed salespersons + broker associates + corporate officers whose responsible broker is the firm,CA,18000 STUDEBAKER RD,CERRITOS,CA,90703,,,,2026-10-09
CA:01792182,TWO PARTNERS INC,,36,https://secure.dre.ca.gov/datafile/CurrList.zip ; https://secure.dre.ca.gov/datafile/broker_associates_list.xls,people = Licensed salespersons + broker associates + corporate officers whose responsible broker is the firm,CA,434 N MAIN ST #107,CORONA,CA,92878,,,,2026-10-09
CA:01053889,WALTON REALTY INC,,36,https://secure.dre.ca.gov/datafile/CurrList.zip ; https://secure.dre.ca.gov/datafile/broker_associates_list.xls,people = Licensed salespersons + broker associates + corporate officers whose responsible broker is the firm,CA,570 S BREA BLVD,BREA,CA,92821,,,,2026-10-09
CA:01858429,TAMI PARDEE PROPERTIES,,45,https://secure.dre.ca.gov/datafile/CurrList.zip ; https://secure.dre.ca.gov/datafile/broker_associates_list.xls,people = Licensed salespersons + broker associates + corporate officers whose responsible broker is the firm,CA,1524 ABBOT KINNEY BLVD,VENICE,CA,90291,,,,2026-10-09
CA:02160287,LOANS REALTY ELITE CORPORATION,,71,https://secure.dre.ca.gov/datafile/CurrList.zip ; https://secure.dre.ca.gov/datafile/broker_associates_list.xls,people = Licensed salespersons + broker associates + corporate officers whose responsible broker is the firm,CA,7502 FORTALEZA AVE,ELK GROVE,CA,95757,,,,2026-10-09
CA:01788242,DYNASTY ASSET HOLDINGS INC.,,50,https://secure.dre.ca.gov/datafile/CurrList.zip ; https://secure.dre.ca.gov/datafile/broker_associates_list.xls,people = Licensed salespersons + broker associates + corporate officers whose responsible broker is the firm,CA,15820 WHITTIER BLVD STE B,WHITTIER,CA,90603,,,,2026-10-09
CA:02222738,"BRIGHT STAR ESTATES, INC.",,64,https://secure.dre.ca.gov/datafile/CurrList.zip ; https://secure.dre.ca.gov/datafile/broker_associates_list.xls,people = Licensed salespersons + broker associates + corporate officers whose responsible broker is the firm,CA,8599 HAVEN AVE STE 306,RANCHO CUCAMONGA,CA,91730,,,,2026-10-09
CA:01524746,A-TEAM REAL ESTATE SOLUTIONS INC,,54,https://secure.dre.ca.gov/datafile/CurrList.zip ; https://secure.dre.ca.gov/datafile/broker_associates_list.xls,people = Licensed salespersons + broker associates + corporate officers whose responsible broker is the firm,CA,14620 LAKEWOOD BLVD,BELLFLOWER,CA,90706,,,,2026-10-09
CA:02040908,"COACHELLA VISTA REALTY, INC.",,36,https://secure.dre.ca.gov/datafile/CurrList.zip ; https://secure.dre.ca.gov/datafile/broker_associates_list.xls,people = Licensed salespersons + broker associates + corporate officers whose responsible broker is the firm,CA,75108 GERALD FORD DR STE 2,PALM DESERT,CA,92211,,,,2026-10-09
CA:01517783,BAY HOME INVESTMENTS AND LOANS,,50,https://secure.dre.ca.gov/datafile/CurrList.zip ; https://secure.dre.ca.gov/datafile/broker_associates_list.xls,people = Licensed salespersons + broker associates + corporate officers whose responsible broker is the firm,CA,3958 VALLEY AVE STE B,PLEASANTON,CA,94566,,,,2026-10-09
CA:01379805,COLIN JOHN CAMPBELL,,56,https://secure.dre.ca.gov/datafile/CurrList.zip ; https://secure.dre.ca.gov/datafile/broker_associates_list.xls,people = Licensed salespersons + broker associates + corporate officers whose responsible broker is the firm,CA,1155 E TWAIN AVE,LAS VEGAS,NV,89169,,,,2026-10-09
CA:01929743,"PINAKOS PREMIER, INC.",,63,https://secure.dre.ca.gov/datafile/CurrList.zip ; https://secure.dre.ca.gov/datafile/broker_associates_list.xls,people = Licensed salespersons + broker associates + corporate officers whose responsible broker is the firm,CA,305 S KALORAMA ST STE B,VENTURA,CA,93001,,,,2026-10-09
CA:01968355,THE ART IN REAL ESTATE INC,,43,https://secure.dre.ca.gov/datafile/CurrList.zip ; https://secure.dre.ca.gov/datafile/broker_associates_list.xls,people = Licensed salespersons + broker associates + corporate officers whose responsible broker is the firm,CA,1155 N CENTRAL AVE #101,GLENDALE,CA,91202,,,,2026-10-09
CA:02441771,"STREAM REALTY-SOUTHERN CALIFORNIA, INC.",,42,https://secure.dre.ca.gov/datafile/CurrList.zip ; https://secure.dre.ca.gov/datafile/broker_associates_list.xls,people = Licensed salespersons + broker associates + corporate officers whose responsible broker is the firm,CA,2001 ROSS AVE STE 400,DALLAS,TX,75201,,,,2026-10-09
CA:01242076,CLASSIC ESTATES CORPORATION,,62,https://secure.dre.ca.gov/datafile/CurrList.zip ; https://secure.dre.ca.gov/datafile/broker_associates_list.xls,people = Licensed salespersons + broker associates + corporate officers whose responsible broker is the firm,CA,13217 SOUTH ST,CERRITOS,CA,90703,,,,2026-10-09
CA:01987353,"BLOOM GROUP, INC.",,74,https://secure.dre.ca.gov/datafile/CurrList.zip ; https://secure.dre.ca.gov/datafile/broker_associates_list.xls,people = Licensed salespersons + broker associates + corporate officers whose responsible broker is the firm,CA,720 W. ACEQUIA AVE,VISALIA,CA,93291,,,,2026-10-09
CA:02176942,"ELEMENT RE, INC",,41,https://secure.dre.ca.gov/datafile/CurrList.zip ; https://secure.dre.ca.gov/datafile/broker_associates_list.xls,people = Licensed salespersons + broker associates + corporate officers whose responsible broker is the firm,CA,405 W FOOTHILL BLVD STE 203,CLAREMONT,CA,91711,,,,2026-10-09
CA:01898459,"WESTCHESTER PLAYA REALTY ALLIANCE, INC.",,39,https://secure.dre.ca.gov/datafile/CurrList.zip ; https://secure.dre.ca.gov/datafile/broker_associates_list.xls,people = Licensed salespersons + broker associates + corporate officers whose responsible broker is the firm,CA,883 N DOUGLAS ST,EL SEGUNDO,CA,90245,,,,2026-10-09
CA:01246930,ADELA C OLIVARES,,46,https://secure.dre.ca.gov/datafile/CurrList.zip ; https://secure.dre.ca.gov/datafile/broker_associates_list.xls,people = Licensed salespersons + broker associates + corporate officers whose responsible broker is the firm,CA,5352 ROYALE AVE,IRVINE,CA,92604,,,,2026-10-09
CA:01096996,LEE & ASSOCIATES COMMERCIAL REAL,,45,https://secure.dre.ca.gov/datafile/CurrList.zip ; https://secure.dre.ca.gov/datafile/broker_associates_list.xls,people = Licensed salespersons + broker associates + corporate officers whose responsible broker is the firm,CA,1902 WRIGHT PL STE 180,CARLSBAD,CA,92008,,,,2026-10-09
CA:01211348,DENNIS KEVIN LIEBL,,38,https://secure.dre.ca.gov/datafile/CurrList.zip ; https://secure.dre.ca.gov/datafile/broker_associates_list.xls,people = Licensed salespersons + broker associates + corporate officers whose responsible broker is the firm,CA,305 ROLLING HILL COURT,CLOVERDALE,CA,95425,,,,2026-10-09
CA:01527814,MCRE GROUP INC,,58,https://secure.dre.ca.gov/datafile/CurrList.zip ; https://secure.dre.ca.gov/datafile/broker_associates_list.xls,people = Licensed salespersons + broker associates + corporate officers whose responsible broker is the firm,CA,26135 CARMEL RANCHO BLVD STE F200,CARMEL,CA,93923,,,,2026-10-09
CA:01258550,D R HORTON LOS ANGELES HOLDING,,39,https://secure.dre.ca.gov/datafile/CurrList.zip ; https://secure.dre.ca.gov/datafile/broker_associates_list.xls,people = Licensed salespersons + broker associates + corporate officers whose responsible broker is the firm,CA,980 MONTECITO DR,CORONA,CA,92879,,,,2026-10-09
CA:01861921,CRESTICO INC,,38,https://secure.dre.ca.gov/datafile/CurrList.zip ; https://secure.dre.ca.gov/datafile/broker_associates_list.xls,people = Licensed salespersons + broker associates + corporate officers whose responsible broker is the firm,CA,22935 VENTURA BLVD STE 201,WOODLAND HILLS,CA,91364,,,,2026-10-09
CA:01514150,UNITED BROKERS REAL ESTATE,,38,https://secure.dre.ca.gov/datafile/CurrList.zip ; https://secure.dre.ca.gov/datafile/broker_associates_list.xls,people = Licensed salespersons + broker associates + corporate officers whose responsible broker is the firm,CA,2408 MERCED ST,SAN LEANDRO,CA,94577,,,,2026-10-09
CA:02298827,"ADEAR 6730, PROFESSIONAL CORPORATION",,64,https://secure.dre.ca.gov/datafile/CurrList.zip ; https://secure.dre.ca.gov/datafile/broker_associates_list.xls,people = Licensed salespersons + broker associates + corporate officers whose responsible broker is the firm,CA,6012 E FLORENCE AVENUE #D,BELL GARDENS,CA,90201,,,,2026-10-09
CA:01167079,SAN FERNANDO REALTY INC,,62,https://secure.dre.ca.gov/datafile/CurrList.zip ; https://secure.dre.ca.gov/datafile/broker_associates_list.xls,people = Licensed salespersons + broker associates + corporate officers whose responsible broker is the firm,CA,458 N MACLAY AVE,SAN FERNANDO,CA,91340,,,,2026-10-09
CA:01521487,WEM PACIFIC INVESTMENT INC,,42,https://secure.dre.ca.gov/datafile/CurrList.zip ; https://secure.dre.ca.gov/datafile/broker_associates_list.xls,people = Licensed salespersons + broker associates + corporate officers whose responsible broker is the firm,CA,333 GELLERT BLVD STE 140,DALY CITY,CA,94015,,,,2026-10-09
CA:01862038,SULLIVAN & GENIE INCORPORATED,,47,https://secure.dre.ca.gov/datafile/CurrList.zip ; https://secure.dre.ca.gov/datafile/broker_associates_list.xls,people = Licensed salespersons + broker associates + corporate officers whose responsible broker is the firm,CA,599 S BARRANCA AVE STE 573,COVINA,CA,91723,,,,2026-10-09
CA:01914446,"AVISON YOUNG - NORTHERN CALIFORNIA,",,39,https://secure.dre.ca.gov/datafile/CurrList.zip ; https://secure.dre.ca.gov/datafile/broker_associates_list.xls,people = Licensed salespersons + broker associates + corporate officers whose responsible broker is the firm,CA,1 SOUTH WACKER DR STE 3000,CHICAGO,IL,60606,,,,2026-10-09
CA:02332061,"THE LUXURY PITTS GROUP, INC.",,36,https://secure.dre.ca.gov/datafile/CurrList.zip ; https://secure.dre.ca.gov/datafile/broker_associates_list.xls,people = Licensed salespersons + broker associates + corporate officers whose responsible broker is the firm,CA,100 S. MARKET ST,INGLEWOOD,CA,90301,,,,2026-10-09
CA:01877665,MEDIA WEST REALTY INC,,38,https://secure.dre.ca.gov/datafile/CurrList.zip ; https://secure.dre.ca.gov/datafile/broker_associates_list.xls,people = Licensed salespersons + broker associates + corporate officers whose responsible broker is the firm,CA,1300 W MAGNOLIA BLVD,BURBANK,CA,91506,,,,2026-10-09
CA:02185725,DIAMOND REALTY CORP,,63,https://secure.dre.ca.gov/datafile/CurrList.zip ; https://secure.dre.ca.gov/datafile/broker_associates_list.xls,people = Licensed salespersons + broker associates + corporate officers whose responsible broker is the firm,CA,1411 S DIAMOND BAR BLVD,DIAMOND BAR,CA,91765,,,,2026-10-09
CA:01986240,GOLDEN FEATHER INVESTMENTS INC,,42,https://secure.dre.ca.gov/datafile/CurrList.zip ; https://secure.dre.ca.gov/datafile/broker_associates_list.xls,people = Licensed salespersons + broker associates + corporate officers whose responsible broker is the firm,CA,16536 BELLFLOWER BLVD,BELLFLOWER,CA,90706,,,,2026-10-09
CA:02247372,HUGINN HOLDINGS INC.,,51,https://secure.dre.ca.gov/datafile/CurrList.zip ; https://secure.dre.ca.gov/datafile/broker_associates_list.xls,people = Licensed salespersons + broker associates + corporate officers whose responsible broker is the firm,CA,PO BOX 10005,BREA,CA,92822,,,,2026-10-09
CA:02029658,"S & S GOLDEN REALTY, INC.",,45,https://secure.dre.ca.gov/datafile/CurrList.zip ; https://secure.dre.ca.gov/datafile/broker_associates_list.xls,people = Licensed salespersons + broker associates + corporate officers whose responsible broker is the firm,CA,482 N ROSEMEAD BLVD #101,PASADENA,CA,91107,,,,2026-10-09
CA:00966019,WEDGEWOOD HOMES REALTY,,41,https://secure.dre.ca.gov/datafile/CurrList.zip ; https://secure.dre.ca.gov/datafile/broker_associates_list.xls,people = Licensed salespersons + broker associates + corporate officers whose responsible broker is the firm,CA,2015 MANHATTAN BEACH BLVD STE 100,REDONDO BEACH,CA,90278,,,,2026-10-09
CA:01787685,NICOLAS ROMO,,43,https://secure.dre.ca.gov/datafile/CurrList.zip ; https://secure.dre.ca.gov/datafile/broker_associates_list.xls,people = Licensed salespersons + broker associates + corporate officers whose responsible broker is the firm,CA,8050 FLORENCE AVE 109,DOWNEY,CA,90240,,,,2026-10-09
CA:01197433,LEE & ASSOCIATES REALTY GROUP,,44,https://secure.dre.ca.gov/datafile/CurrList.zip ; https://secure.dre.ca.gov/datafile/broker_associates_list.xls,people = Licensed salespersons + broker associates + corporate officers whose responsible broker is the firm,CA,100 BAYVIEW CIR STE 600,NEWPORT BEACH,CA,92660,,,,2026-10-09
CA:02009383,"DOUGLAS ELLIMAN REFERRAL OF CALIFORNIA,",,53,https://secure.dre.ca.gov/datafile/CurrList.zip ; https://secure.dre.ca.gov/datafile/broker_associates_list.xls,people = Licensed salespersons + broker associates + corporate officers whose responsible broker is the firm,CA,150 EL CAMINO DR #300,BEVERLY HILLS,CA,90212,,,,2026-10-09
CA:02250019,LEASKOU HIGGINS CORPORATION,,66,https://secure.dre.ca.gov/datafile/CurrList.zip ; https://secure.dre.ca.gov/datafile/broker_associates_list.xls,people = Licensed salespersons + broker associates + corporate officers whose responsible broker is the firm,CA,248 W. VEREDA NORTE,PALM SPRINGS,CA,92262,,,,2026-10-09
CA:01914488,G & E REAL ESTATE MANAGEMENT,,60,https://secure.dre.ca.gov/datafile/CurrList.zip ; https://secure.dre.ca.gov/datafile/broker_associates_list.xls,people = Licensed salespersons + broker associates + corporate officers whose responsible broker is the firm,CA,18401 VON KARMAN AVE,IRVINE,CA,92612,,,,2026-10-09
CA:02203820,"OC LUXURY PARTNERS, INC",,61,https://secure.dre.ca.gov/datafile/CurrList.zip ; https://secure.dre.ca.gov/datafile/broker_associates_list.xls,people = Licensed salespersons + broker associates + corporate officers whose responsible broker is the firm,CA,530 TECHNOLOGY DR,IRVINE,CA,92618,,,,2026-10-09
CA:01245684,LISA MARIE DRAKE,,39,https://secure.dre.ca.gov/datafile/CurrList.zip ; https://secure.dre.ca.gov/datafile/broker_associates_list.xls,people = Licensed salespersons + broker associates + corporate officers whose responsible broker is the firm,CA,10118 FAIR OAKS BLVD,FAIR OAKS,CA,95628,,,,2026-10-09
CA:01944561,PROLOGIS CALIFORNIA INC.,,68,https://secure.dre.ca.gov/datafile/CurrList.zip ; https://secure.dre.ca.gov/datafile/broker_associates_list.xls,people = Licensed salespersons + broker associates + corporate officers whose responsible broker is the firm,CA,"3546 CONCOURS ST, STE 100",ONTARIO,CA,91764,,,,2026-10-09
CA:00968975,TAYLOR MORRISON SERVICES INC,,68,https://secure.dre.ca.gov/datafile/CurrList.zip ; https://secure.dre.ca.gov/datafile/broker_associates_list.xls,people = Licensed salespersons + broker associates + corporate officers whose responsible broker is the firm,CA,81 BLUE RAVINE RD STE 220,FOLSOM,CA,95630,,,,2026-10-09
CA:01526567,VDINTER CORP,,64,https://secure.dre.ca.gov/datafile/CurrList.zip ; https://secure.dre.ca.gov/datafile/broker_associates_list.xls,people = Licensed salespersons + broker associates + corporate officers whose responsible broker is the firm,CA,8141 E 2ND ST #414,DOWNEY,CA,90241,,,,2026-10-09
CA:02216655,SYNERGY REAL ESTATE,,47,https://secure.dre.ca.gov/datafile/CurrList.zip ; https://secure.dre.ca.gov/datafile/broker_associates_list.xls,people = Licensed salespersons + broker associates + corporate officers whose responsible broker is the firm,CA,PO BOX 5427,WHITTIER,CA,90607,,,,2026-10-09
CA:02070212,"TEAMCARRIECHARISSE, INC.",,39,https://secure.dre.ca.gov/datafile/CurrList.zip ; https://secure.dre.ca.gov/datafile/broker_associates_list.xls,people = Licensed salespersons + broker associates + corporate officers whose responsible broker is the firm,CA,1342 E CHAPMAN AVE,ORANGE,CA,92866,,,,2026-10-09
CA:01527546,STERLING ROYAL REAL ESTATE,,45,https://secure.dre.ca.gov/datafile/CurrList.zip ; https://secure.dre.ca.gov/datafile/broker_associates_list.xls,people = Licensed salespersons + broker associates + corporate officers whose responsible broker is the firm,CA,1383 GARDEN HWY #100,SACRAMENTO,CA,95833,,,,2026-10-09
CA:00990373,AMADO HERNANDEZ,,43,https://secure.dre.ca.gov/datafile/CurrList.zip ; https://secure.dre.ca.gov/datafile/broker_associates_list.xls,people = Licensed salespersons + broker associates + corporate officers whose responsible broker is the firm,CA,12125 DAY ST,MORENO VALLEY,CA,92557,,,,2026-10-09
CA:02283290,ESTATEX INC.,,53,https://secure.dre.ca.gov/datafile/CurrList.zip ; https://secure.dre.ca.gov/datafile/broker_associates_list.xls,people = Licensed salespersons + broker associates + corporate officers whose responsible broker is the firm,CA,12100 WILSHIRE BLVD 8TH FLOOR,LOS ANGELES,CA,90025,,,,2026-10-09
CA:02254592,AQUAILOS INC.,,69,https://secure.dre.ca.gov/datafile/CurrList.zip ; https://secure.dre.ca.gov/datafile/broker_associates_list.xls,people = Licensed salespersons + broker associates + corporate officers whose responsible broker is the firm,CA,740 W ALLUVIAL #101,FRESNO,CA,93711,,,,2026-10-09
CA:01275449,MC JAB INC,,36,https://secure.dre.ca.gov/datafile/CurrList.zip ; https://secure.dre.ca.gov/datafile/broker_associates_list.xls,people = Licensed salespersons + broker associates + corporate officers whose responsible broker is the firm,CA,4550 KEARNY VILLA RD #215,SAN DIEGO,CA,92123,,,,2026-10-09
CA:01522329,TREG INC,,35,https://secure.dre.ca.gov/datafile/CurrList.zip ; https://secure.dre.ca.gov/datafile/broker_associates_list.xls,people = Licensed salespersons + broker associates + corporate officers whose responsible broker is the firm,CA,950 MISSION DE ORO DR,REDDING,CA,96003,,,,2026-10-09
CA:01996441,"CHICO RES, INC.",,40,https://secure.dre.ca.gov/datafile/CurrList.zip ; https://secure.dre.ca.gov/datafile/broker_associates_list.xls,people = Licensed salespersons + broker associates + corporate officers whose responsible broker is the firm,CA,1834 MANGROVE AVE,CHICO,CA,95926,,,,2026-10-09
CA:01877463,INPECH INC,,49,https://secure.dre.ca.gov/datafile/CurrList.zip ; https://secure.dre.ca.gov/datafile/broker_associates_list.xls,people = Licensed salespersons + broker associates + corporate officers whose responsible broker is the firm,CA,43 CORPORATE PARK STE 100,IRVINE,CA,92606,,,,2026-10-09
CA:01519592,BEST ASSOCIATION INC,,39,https://secure.dre.ca.gov/datafile/CurrList.zip ; https://secure.dre.ca.gov/datafile/broker_associates_list.xls,people = Licensed salespersons + broker associates + corporate officers whose responsible broker is the firm,CA,1653 IRVING ST,SAN FRANCISCO,CA,94122,,,,2026-10-09
CA:02032560,MARKETPLACE BROKERS INC.,,44,https://secure.dre.ca.gov/datafile/CurrList.zip ; https://secure.dre.ca.gov/datafile/broker_associates_list.xls,people = Licensed salespersons + broker associates + corporate officers whose responsible broker is the firm,CA,8220 OLD REDWOOD HWY,COTATI,CA,94931,,,,2026-10-09
CA:02445302,"SMITHANDCOMPANY, PROFESSIONAL",,40,https://secure.dre.ca.gov/datafile/CurrList.zip ; https://secure.dre.ca.gov/datafile/broker_associates_list.xls,people = Licensed salespersons + broker associates + corporate officers whose responsible broker is the firm,CA,11887 VALLEY VIEW ST,GARDEN GROVE,CA,92845,,,,2026-10-09
CA:01225173,PARK PLACE PARTNERS INC,,37,https://secure.dre.ca.gov/datafile/CurrList.zip ; https://secure.dre.ca.gov/datafile/broker_associates_list.xls,people = Licensed salespersons + broker associates + corporate officers whose responsible broker is the firm,CA,100 SPECTRUM CENTER DR SUITE 1400,IRVINE,CA,92618,,,,2026-10-09
CA:02125608,"HOMELINK REALTY, INC.",,74,https://secure.dre.ca.gov/datafile/CurrList.zip ; https://secure.dre.ca.gov/datafile/broker_associates_list.xls,people = Licensed salespersons + broker associates + corporate officers whose responsible broker is the firm,CA,3400 CENTRAL AVE #160,RIVERSIDE,CA,92506,,,,2026-10-09
CA:00966034,PERSON REALTY INC,,55,https://secure.dre.ca.gov/datafile/CurrList.zip ; https://secure.dre.ca.gov/datafile/broker_associates_list.xls,people = Licensed salespersons + broker associates + corporate officers whose responsible broker is the firm,CA,21171 S WESTERN AVE STE 2633,TORRANCE,CA,90501,,,,2026-10-09
CA:02448336,SMART SELL REAL ESTATE INC,,36,https://secure.dre.ca.gov/datafile/CurrList.zip ; https://secure.dre.ca.gov/datafile/broker_associates_list.xls,people = Licensed salespersons + broker associates + corporate officers whose responsible broker is the firm,CA,11023 EUCALYPTUS ST,RANCHO CUCAMONGA,CA,91730,,,,2026-10-09
CA:01254853,AMERICAN MARKETING SYSTEMS INC,,63,https://secure.dre.ca.gov/datafile/CurrList.zip ; https://secure.dre.ca.gov/datafile/broker_associates_list.xls,people = Licensed salespersons + broker associates + corporate officers whose responsible broker is the firm,CA,2800 VAN NESS AVE,SAN FRANCISCO,CA,94109,,,,2026-10-09
CA:02039443,"LOAN ADVISOR GROUP, INC.",,36,https://secure.dre.ca.gov/datafile/CurrList.zip ; https://secure.dre.ca.gov/datafile/broker_associates_list.xls,people = Licensed salespersons + broker associates + corporate officers whose responsible broker is the firm,CA,1025 SENTINAL DR 2ND FLR #200,LA VERNE,CA,91750,,,,2026-10-09
CA:01334798,STERLING LOUIS ROYAL,,36,https://secure.dre.ca.gov/datafile/CurrList.zip ; https://secure.dre.ca.gov/datafile/broker_associates_list.xls,people = Licensed salespersons + broker associates + corporate officers whose responsible broker is the firm,CA,1383 GARDEN HWY #100,SACRAMENTO,CA,95833,,,,2026-10-09
CA:02026783,"SUNNY HILLS REAL ESTATE, INC.",,48,https://secure.dre.ca.gov/datafile/CurrList.zip ; https://secure.dre.ca.gov/datafile/broker_associates_list.xls,people = Licensed salespersons + broker associates + corporate officers whose responsible broker is the firm,CA,2270 ROSECRANS AVE,FULLERTON,CA,92833,,,,2026-10-09
CA:01870227,TNHC REALTY AND CONSTRUCTION INC,,48,https://secure.dre.ca.gov/datafile/CurrList.zip ; https://secure.dre.ca.gov/datafile/broker_associates_list.xls,people = Licensed salespersons + broker associates + corporate officers whose responsible broker is the firm,CA,18300 VON KARMAN AVE,IRVINE,CA,92612,,,,2026-10-09
CA:01838294,CALIFORNIA OUTDOOR PROPERTIES INC,,43,https://secure.dre.ca.gov/datafile/CurrList.zip ; https://secure.dre.ca.gov/datafile/broker_associates_list.xls,people = Licensed salespersons + broker associates + corporate officers whose responsible broker is the firm,CA,707 MERCHANT ST,VACAVILLE,CA,95688,,,,2026-10-09
CA:02182892,THE 209 AGENT INC,,71,https://secure.dre.ca.gov/datafile/CurrList.zip ; https://secure.dre.ca.gov/datafile/broker_associates_list.xls,people = Licensed salespersons + broker associates + corporate officers whose responsible broker is the firm,CA,2051 GEER RD,TURLOCK,CA,95382,,,,2026-10-09
CA:01903901,LIBERTY BUSINESS ADVISORS OF SAN,,43,https://secure.dre.ca.gov/datafile/CurrList.zip ; https://secure.dre.ca.gov/datafile/broker_associates_list.xls,people = Licensed salespersons + broker associates + corporate officers whose responsible broker is the firm,CA,675 YGNACIO VALLEY RD STE B201,WALNUT CREEK,CA,94596,,,,2026-10-09
CA:01527423,"JASON MITCHELL REAL ESTATE CALIFORNIA,",,65,https://secure.dre.ca.gov/datafile/CurrList.zip ; https://secure.dre.ca.gov/datafile/broker_associates_list.xls,people = Licensed salespersons + broker associates + corporate officers whose responsible broker is the firm,CA,3080 N CIVIC CENTER DR,SCOTTSDALE,AZ,85251,,,,2026-10-09
CA:02110925,INFINITE SUN REALTY,,39,https://secure.dre.ca.gov/datafile/CurrList.zip ; https://secure.dre.ca.gov/datafile/broker_associates_list.xls,people = Licensed salespersons + broker associates + corporate officers whose responsible broker is the firm,CA,1411 S DIAMOND BAR BLVD,DIAMOND BAR,CA,91765,,,,2026-10-09
CA:02141936,PLATINUM STAR PROPERTIES,,57,https://secure.dre.ca.gov/datafile/CurrList.zip ; https://secure.dre.ca.gov/datafile/broker_associates_list.xls,people = Licensed salespersons + broker associates + corporate officers whose responsible broker is the firm,CA,4741 E PALM CANYON DR STE B,PALM SPRINGS,CA,92264,,,,2026-10-09
CA:01759672,"RELIANT REALTY, INC.",,55,https://secure.dre.ca.gov/datafile/CurrList.zip ; https://secure.dre.ca.gov/datafile/broker_associates_list.xls,people = Licensed salespersons + broker associates + corporate officers whose responsible broker is the firm,CA,2100 NORTHROP AVE STE 900,SACRAMENTO,CA,95825,,,,2026-10-09
CA:02094258,SPG HOMES INC.,,39,https://secure.dre.ca.gov/datafile/CurrList.zip ; https://secure.dre.ca.gov/datafile/broker_associates_list.xls,people = Licensed salespersons + broker associates + corporate officers whose responsible broker is the firm,CA,12155 PARAMOUNT BLVD,DOWNEY,CA,90242,,,,2026-10-09
CA:01443837,RIVERLAKES BROKERS INC,,35,https://secure.dre.ca.gov/datafile/CurrList.zip ; https://secure.dre.ca.gov/datafile/broker_associates_list.xls,people = Licensed salespersons + broker associates + corporate officers whose responsible broker is the firm,CA,9100 MING AVE #100,BAKERSFIELD,CA,93311,,,,2026-10-09
CA:01908907,COLLIERS INTERNATIONAL REAL ESTATE,,56,https://secure.dre.ca.gov/datafile/CurrList.zip ; https://secure.dre.ca.gov/datafile/broker_associates_list.xls,people = Licensed salespersons + broker associates + corporate officers whose responsible broker is the firm,CA,101 SECOND ST 11TH FLR,SAN FRANCISCO,CA,94105,,,,2026-10-09
CA:01204293,MARCUS & MILLICHAP CAPITAL,,36,https://secure.dre.ca.gov/datafile/CurrList.zip ; https://secure.dre.ca.gov/datafile/broker_associates_list.xls,people = Licensed salespersons + broker associates + corporate officers whose responsible broker is the firm,CA,23975 PARK SORRENTO STE 400,CALABASAS,CA,91302,,,,2026-10-09
CA:02212107,CMARE INC.,,44,https://secure.dre.ca.gov/datafile/CurrList.zip ; https://secure.dre.ca.gov/datafile/broker_associates_list.xls,people = Licensed salespersons + broker associates + corporate officers whose responsible broker is the firm,CA,55857 TWENTYNINE PALMS HWY,YUCCA VALLEY,CA,92284,,,,2026-10-09
CA:01378646,SHEA HOMES MARKETING COMPANY,,69,https://secure.dre.ca.gov/datafile/CurrList.zip ; https://secure.dre.ca.gov/datafile/broker_associates_list.xls,people = Licensed salespersons + broker associates + corporate officers whose responsible broker is the firm,CA,655 BREA CANYON RD,WALNUT,CA,91789,,,,2026-10-09
CA:02221900,"SFRE WESTLAKE, INC.",,40,https://secure.dre.ca.gov/datafile/CurrList.zip ; https://secure.dre.ca.gov/datafile/broker_associates_list.xls,people = Licensed salespersons + broker associates + corporate officers whose responsible broker is the firm,CA,P O BOX 680717,PARK CITY,UT,84068,,,,2026-10-09
CA:01044791,LEE & ASSOCIATES COMMERCIAL REAL,,43,https://secure.dre.ca.gov/datafile/CurrList.zip ; https://secure.dre.ca.gov/datafile/broker_associates_list.xls,people = Licensed salespersons + broker associates + corporate officers whose responsible broker is the firm,CA,9838 RESEARCH DR,IRVINE,CA,92618,,,,2026-10-09
CA:02103516,PATRIOT PACIFIC FINANCIAL CORP.,,50,https://secure.dre.ca.gov/datafile/CurrList.zip ; https://secure.dre.ca.gov/datafile/broker_associates_list.xls,people = Licensed salespersons + broker associates + corporate officers whose responsible broker is the firm,CA,24910 LAS BRISAS RD,MURRIETA,CA,92562,,,,2026-10-09
CA:02046158,"THE MORTGAGE PROS FUNDING, INC",,36,https://secure.dre.ca.gov/datafile/CurrList.zip ; https://secure.dre.ca.gov/datafile/broker_associates_list.xls,people = Licensed salespersons + broker associates + corporate officers whose responsible broker is the firm,CA,1299 COLUMBIA AVE STE E1,RIVERSIDE,CA,92507,,,,2026-10-09
CA:01943716,"UREALTY, INC.",,51,https://secure.dre.ca.gov/datafile/CurrList.zip ; https://secure.dre.ca.gov/datafile/broker_associates_list.xls,people = Licensed salespersons + broker associates + corporate officers whose responsible broker is the firm,CA,6524 LONETREE BLVD,ROCKLIN,CA,95765,,,,2026-10-09
CA:01239752,"D.R. HORTON CA2, INC.",,39,https://secure.dre.ca.gov/datafile/CurrList.zip ; https://secure.dre.ca.gov/datafile/broker_associates_list.xls,people = Licensed salespersons + broker associates + corporate officers whose responsible broker is the firm,CA,3000 LAVA RIDGE COURT,ROSEVILLE,CA,95661,,,,2026-10-09
CA:01360308,SOUTHLAND PROPERTIES REAL ESTATE,,35,https://secure.dre.ca.gov/datafile/CurrList.zip ; https://secure.dre.ca.gov/datafile/broker_associates_list.xls,people = Licensed salespersons + broker associates + corporate officers whose responsible broker is the firm,CA,211 N GLENDORA AVE,GLENDORA,CA,91741,,,,2026-10-09
CA:02202293,STARKEY HOLDINGS INC,,51,https://secure.dre.ca.gov/datafile/CurrList.zip ; https://secure.dre.ca.gov/datafile/broker_associates_list.xls,people = Licensed salespersons + broker associates + corporate officers whose responsible broker is the firm,CA,550 MAIN STREET,PLEASANTON,CA,94566,,,,2026-10-09
CA:02210353,"ALWAYS BE CLOSING REALTY, INC.",,47,https://secure.dre.ca.gov/datafile/CurrList.zip ; https://secure.dre.ca.gov/datafile/broker_associates_list.xls,people = Licensed salespersons + broker associates + corporate officers whose responsible broker is the firm,CA,1001 FREMONT AVE #1302,SOUTH PASADENA,CA,91031,,,,2026-10-09
CA:01451217,SURF CITY EQUITIES INC,,43,https://secure.dre.ca.gov/datafile/CurrList.zip ; https://secure.dre.ca.gov/datafile/broker_associates_list.xls,people = Licensed salespersons + broker associates + corporate officers whose responsible broker is the firm,CA,21230 BEACH BLVD,HUNTINGTON BEACH,CA,92648,,,,2026-10-09
CA:02039333,STANFLES REALTY INC.,,68,https://secure.dre.ca.gov/datafile/CurrList.zip ; https://secure.dre.ca.gov/datafile/broker_associates_list.xls,people = Licensed salespersons + broker associates + corporate officers whose responsible broker is the firm,CA,123 S FIGUEROA ST STE 108A,LOS ANGELES,CA,90012,,,,2026-10-09
CA:01885470,MI & IS INC,,47,https://secure.dre.ca.gov/datafile/CurrList.zip ; https://secure.dre.ca.gov/datafile/broker_associates_list.xls,people = Licensed salespersons + broker associates + corporate officers whose responsible broker is the firm,CA,"672 W. 11TH STREET, STE 380",TRACY,CA,95376,,,,2026-10-09
CA:01514637,CALIFORNIA LOAN ASSOCIATES INC,,42,https://secure.dre.ca.gov/datafile/CurrList.zip ; https://secure.dre.ca.gov/datafile/broker_associates_list.xls,people = Licensed salespersons + broker associates + corporate officers whose responsible broker is the firm,CA,5800 STANFORD RANCH RD STE 320,ROCKLIN,CA,95765,,,,2026-10-09
CA:02105397,THE ADAME GROUP,,41,https://secure.dre.ca.gov/datafile/CurrList.zip ; https://secure.dre.ca.gov/datafile/broker_associates_list.xls,people = Licensed salespersons + broker associates + corporate officers whose responsible broker is the firm,CA,603 N PARKCENTER DR,SANTA ANA,CA,92705,,,,2026-10-09
CA:01905857,"3 POWER RE, INC.",,39,https://secure.dre.ca.gov/datafile/CurrList.zip ; https://secure.dre.ca.gov/datafile/broker_associates_list.xls,people = Licensed salespersons + broker associates + corporate officers whose responsible broker is the firm,CA,1644 N EL CAMINO REAL,SAN CLEMENTE,CA,92672,,,,2026-10-09
CA:01521526,REAL CONSULTANTS MORTGAGE AND REAL,,42,https://secure.dre.ca.gov/datafile/CurrList.zip ; https://secure.dre.ca.gov/datafile/broker_associates_list.xls,people = Licensed salespersons + broker associates + corporate officers whose responsible broker is the firm,CA,8141 2ND ST STE 420,DOWNEY,CA,90241,,,,2026-10-09
CA:01342601,INTEGRITY MORTGAGE GROUP,,45,https://secure.dre.ca.gov/datafile/CurrList.zip ; https://secure.dre.ca.gov/datafile/broker_associates_list.xls,people = Licensed salespersons + broker associates + corporate officers whose responsible broker is the firm,CA,9747 BUSINESSPARK AVE STE 218,SAN DIEGO,CA,92131,,,,2026-10-09
CA:01291397,CHICO'S POWER INC,,57,https://secure.dre.ca.gov/datafile/CurrList.zip ; https://secure.dre.ca.gov/datafile/broker_associates_list.xls,people = Licensed salespersons + broker associates + corporate officers whose responsible broker is the firm,CA,3452 E FLORENCE AVE,HUNTINGTON PARK,CA,90255,,,,2026-10-09
CA:02023929,"PULTE HOMES OF CALIFORNIA, INC.",,70,https://secure.dre.ca.gov/datafile/CurrList.zip ; https://secure.dre.ca.gov/datafile/broker_associates_list.xls,people = Licensed salespersons + broker associates + corporate officers whose responsible broker is the firm,CA,27401 LOS ALTOS STE 400,MISSION VIEJO,CA,92691,,,,2026-10-09
CA:02197046,"TXR HOMES, INC.",,59,https://secure.dre.ca.gov/datafile/CurrList.zip ; https://secure.dre.ca.gov/datafile/broker_associates_list.xls,people = Licensed salespersons + broker associates + corporate officers whose responsible broker is the firm,CA,3211 KEATS ST,SAN DIEGO,CA,92106,,,,2026-10-09
CA:01935507,"HOLMES BURRELL, INC.",,41,https://secure.dre.ca.gov/datafile/CurrList.zip ; https://secure.dre.ca.gov/datafile/broker_associates_list.xls,people = Licensed salespersons + broker associates + corporate officers whose responsible broker is the firm,CA,181 3RD ST #225,SAN RAFAEL,CA,94901,,,,2026-10-09
CA:01874685,GATES ESTATES INC,,54,https://secure.dre.ca.gov/datafile/CurrList.zip ; https://secure.dre.ca.gov/datafile/broker_associates_list.xls,people = Licensed salespersons + broker associates + corporate officers whose responsible broker is the firm,CA,6550 WASHINGTON ST,YOUNTVILLE,CA,94599,,,,2026-10-09
CA:02140738,REALTYPRO NETWORK CALIFORNIA INC.,,50,https://secure.dre.ca.gov/datafile/CurrList.zip ; https://secure.dre.ca.gov/datafile/broker_associates_list.xls,people = Licensed salespersons + broker associates + corporate officers whose responsible broker is the firm,CA,23 CORPORATE PLAZA DR STE 150-88,NEWPORT BEACH,CA,92660,,,,2026-10-09
CA:01526051,ARDA INTERNATIONAL,,38,https://secure.dre.ca.gov/datafile/CurrList.zip ; https://secure.dre.ca.gov/datafile/broker_associates_list.xls,people = Licensed salespersons + broker associates + corporate officers whose responsible broker is the firm,CA,3907 PARK DR STE 220,EL DORADO HILLS,CA,95762,,,,2026-10-09
CA:02103630,SERV CORP.,,72,https://secure.dre.ca.gov/datafile/CurrList.zip ; https://secure.dre.ca.gov/datafile/broker_associates_list.xls,people = Licensed salespersons + broker associates + corporate officers whose responsible broker is the firm,CA,72877 DINAH SHORE DRIVE,RANCHO MIRAGE,CA,92270,,,,2026-10-09
CA:01931313,"C & C FINANCIAL, CORP.",,37,https://secure.dre.ca.gov/datafile/CurrList.zip ; https://secure.dre.ca.gov/datafile/broker_associates_list.xls,people = Licensed salespersons + broker associates + corporate officers whose responsible broker is the firm,CA,1475 S STATE COLLEGE BLVD # 204,ANAHEIM,CA,92806,,,,2026-10-09
CA:01486058,THE REAL ESTATE STORE INC,,40,https://secure.dre.ca.gov/datafile/CurrList.zip ; https://secure.dre.ca.gov/datafile/broker_associates_list.xls,people = Licensed salespersons + broker associates + corporate officers whose responsible broker is the firm,CA,13225 PHILADELPHIA ST STE E,WHITTIER,CA,90601,,,,2026-10-09
CA:01890104,THE COLSTON COMPANY,,44,https://secure.dre.ca.gov/datafile/CurrList.zip ; https://secure.dre.ca.gov/datafile/broker_associates_list.xls,people = Licensed salespersons + broker associates + corporate officers whose responsible broker is the firm,CA,2853 GEER RD STE B,TURLOCK,CA,95382,,,,2026-10-09
CA:02117629,PRICE REAL ESTATE GROUP INC,,60,https://secure.dre.ca.gov/datafile/CurrList.zip ; https://secure.dre.ca.gov/datafile/broker_associates_list.xls,people = Licensed salespersons + broker associates + corporate officers whose responsible broker is the firm,CA,140 S EUCLID AVE #B,UPLAND,CA,91786,,,,2026-10-09
CA:02282990,SIMPLIHOM INC,,68,https://secure.dre.ca.gov/datafile/CurrList.zip ; https://secure.dre.ca.gov/datafile/broker_associates_list.xls,people = Licensed salespersons + broker associates + corporate officers whose responsible broker is the firm,CA,118 SAUNDERSVILLE RD #150,HENDERSONVILLE,TN,37075,,,,2026-10-09
CA:01954435,GATEWAY REALTY SERVICES,,46,https://secure.dre.ca.gov/datafile/CurrList.zip ; https://secure.dre.ca.gov/datafile/broker_associates_list.xls,people = Licensed salespersons + broker associates + corporate officers whose responsible broker is the firm,CA,9039 BOLSA AVE #313,WESTMINSTER,CA,92683,,,,2026-10-09
CA:01864229,AMERICAN UNITED MORTGAGE CORP,,65,https://secure.dre.ca.gov/datafile/CurrList.zip ; https://secure.dre.ca.gov/datafile/broker_associates_list.xls,people = Licensed salespersons + broker associates + corporate officers whose responsible broker is the firm,CA,39510 PASEO PADRE PKWY STE 120,FREMONT,CA,94538,,,,2026-10-09
CA:01517134,ROADRUNNER REALTY INCORPORATED,,37,https://secure.dre.ca.gov/datafile/CurrList.zip ; https://secure.dre.ca.gov/datafile/broker_associates_list.xls,people = Licensed salespersons + broker associates + corporate officers whose responsible broker is the firm,CA,56809 29 PALMS HWY,YUCCA VALLEY,CA,92284,,,,2026-10-09
CA:02205650,DREAM HOME DEVELOPMENT CORPORATION,,73,https://secure.dre.ca.gov/datafile/CurrList.zip ; https://secure.dre.ca.gov/datafile/broker_associates_list.xls,people = Licensed salespersons + broker associates + corporate officers whose responsible broker is the firm,CA,9191 TOWNE CENTRE DR,SAN DIEGO,CA,92122,,,,2026-10-09
CA:02121556,"NEXGEN REALTORS, INC.",,49,https://secure.dre.ca.gov/datafile/CurrList.zip ; https://secure.dre.ca.gov/datafile/broker_associates_list.xls,people = Licensed salespersons + broker associates + corporate officers whose responsible broker is the firm,CA,10535 FOOTHILL BLVD STE 230,RANCHO CUCAMONGA,CA,91730,,,,2026-10-09
CA:01868144,PARK LANE CAPITAL INC,,42,https://secure.dre.ca.gov/datafile/CurrList.zip ; https://secure.dre.ca.gov/datafile/broker_associates_list.xls,people = Licensed salespersons + broker associates + corporate officers whose responsible broker is the firm,CA,214 ELEANOR DR,WOODSIDE,CA,94062,,,,2026-10-09
CA:01348011,WILDWOOD PROPERTIES INC,,35,https://secure.dre.ca.gov/datafile/CurrList.zip ; https://secure.dre.ca.gov/datafile/broker_associates_list.xls,people = Licensed salespersons + broker associates + corporate officers whose responsible broker is the firm,CA,PO BOX 548,TWAIN HARTE,CA,95383,,,,2026-10-09
CA:01774650,ABACUS PROPERTIES INC,,53,https://secure.dre.ca.gov/datafile/CurrList.zip ; https://secure.dre.ca.gov/datafile/broker_associates_list.xls,people = Licensed salespersons + broker associates + corporate officers whose responsible broker is the firm,CA,16870 W BERNARDO DR #400,SAN DIEGO,CA,92127,,,,2026-10-09
CA:01843395,WESTERN PIONEER FINANCIAL INC,,45,https://secure.dre.ca.gov/datafile/CurrList.zip ; https://secure.dre.ca.gov/datafile/broker_associates_list.xls,people = Licensed salespersons + broker associates + corporate officers whose responsible broker is the firm,CA,1398 W HERNDON AVE STE 205,FRESNO,CA,93711,,,,2026-10-09
CA:01877720,TRUMARK CONSTRUCTION SERVICES INC,,62,https://secure.dre.ca.gov/datafile/CurrList.zip ; https://secure.dre.ca.gov/datafile/broker_associates_list.xls,people = Licensed salespersons + broker associates + corporate officers whose responsible broker is the firm,CA,3001 BISHOP DRIVE,SAN RAMON,CA,94583,,,,2026-10-09
CA:01183847,"K. HOVNANIAN CALIFORNIA OPERATIONS, INC.",,47,https://secure.dre.ca.gov/datafile/CurrList.zip ; https://secure.dre.ca.gov/datafile/broker_associates_list.xls,people = Licensed salespersons + broker associates + corporate officers whose responsible broker is the firm,CA,1260 CORONA POINTE CT STE 301,CORONA,CA,92879,,,,2026-10-09
CA:01870015,ONY GLO INC,,39,https://secure.dre.ca.gov/datafile/CurrList.zip ; https://secure.dre.ca.gov/datafile/broker_associates_list.xls,people = Licensed salespersons + broker associates + corporate officers whose responsible broker is the firm,CA,6 HUTTON CENTRE DR #1030,SANTA ANA,CA,92707,,,,2026-10-09
CA:02073724,MOBILEHOMELOANS.COM,,44,https://secure.dre.ca.gov/datafile/CurrList.zip ; https://secure.dre.ca.gov/datafile/broker_associates_list.xls,people = Licensed salespersons + broker associates + corporate officers whose responsible broker is the firm,CA,607 ELMIRA RD #352,VACAVILLE,CA,95687,,,,2026-10-09
CA:01897714,168 REALTY INC.,,49,https://secure.dre.ca.gov/datafile/CurrList.zip ; https://secure.dre.ca.gov/datafile/broker_associates_list.xls,people = Licensed salespersons + broker associates + corporate officers whose responsible broker is the firm,CA,18725 E GALE AVE STE 100,CITY OF INDUSTRY,CA,91748,,,,2026-10-09
CA:00853495,EAH INC.,,38,https://secure.dre.ca.gov/datafile/CurrList.zip ; https://secure.dre.ca.gov/datafile/broker_associates_list.xls,people = Licensed salespersons + broker associates + corporate officers whose responsible broker is the firm,CA,22 PELICAN WAY,SAN RAFAEL,CA,94901,,,,2026-10-09
CA:02077787,O C HOME LOANS INC.,,37,https://secure.dre.ca.gov/datafile/CurrList.zip ; https://secure.dre.ca.gov/datafile/broker_associates_list.xls,people = Licensed salespersons + broker associates + corporate officers whose responsible broker is the firm,CA,26291 PASEO ARMONIA,SAN JUAN CAPISTRANO,CA,92675,,,,2026-10-09
CA:01846362,M POWER MORTGAGE INC,,43,https://secure.dre.ca.gov/datafile/CurrList.zip ; https://secure.dre.ca.gov/datafile/broker_associates_list.xls,people = Licensed salespersons + broker associates + corporate officers whose responsible broker is the firm,CA,8047 DAY CREEK BLVD #200,RANCHO CUCAMONGA,CA,91739,,,,2026-10-09
CA:01944726,THE COLLECTIVE REALTY. INC.,,45,https://secure.dre.ca.gov/datafile/CurrList.zip ; https://secure.dre.ca.gov/datafile/broker_associates_list.xls,people = Licensed salespersons + broker associates + corporate officers whose responsible broker is the firm,CA,8278 1/2 SANTA MONICA BLVD,WEST HOLLYWOOD,CA,90046,,,,2026-10-09
CA:01276087,ANCHOR FUNDING INC,,46,https://secure.dre.ca.gov/datafile/CurrList.zip ; https://secure.dre.ca.gov/datafile/broker_associates_list.xls,people = Licensed salespersons + broker associates + corporate officers whose responsible broker is the firm,CA,6336 GREENWICH DRIVE #A,SAN DIEGO,CA,92122,,,,2026-10-09
CA:01889137,PG & ASSOCIATES INC,,64,https://secure.dre.ca.gov/datafile/CurrList.zip ; https://secure.dre.ca.gov/datafile/broker_associates_list.xls,people = Licensed salespersons + broker associates + corporate officers whose responsible broker is the firm,CA,651 SAN FERNANDO MISSION BLVD,SAN FERNANDO,CA,91340,,,,2026-10-09
CA:02165113,"SHISHANA HOGG, INC.",,64,https://secure.dre.ca.gov/datafile/CurrList.zip ; https://secure.dre.ca.gov/datafile/broker_associates_list.xls,people = Licensed salespersons + broker associates + corporate officers whose responsible broker is the firm,CA,32605 TEMECULA PKWY STE 310,TEMECULA,CA,92592,,,,2026-10-09
CA:02027510,IRON KEY CENTRAL VALLEY INC.,,66,https://secure.dre.ca.gov/datafile/CurrList.zip ; https://secure.dre.ca.gov/datafile/broker_associates_list.xls,people = Licensed salespersons + broker associates + corporate officers whose responsible broker is the firm,CA,7643 N. INGRAM AVENUE,FRESNO,CA,93711,,,,2026-10-09
CA:00873737,CONAM MANAGEMENT CORPORATION,,41,https://secure.dre.ca.gov/datafile/CurrList.zip ; https://secure.dre.ca.gov/datafile/broker_associates_list.xls,people = Licensed salespersons + broker associates + corporate officers whose responsible broker is the firm,CA,8620 SPECTRUM CENTER BLVD,SAN DIEGO,CA,92123,,,,2026-10-09
CA:01943726,GOGO REALTORS R. H. CORP.,,74,https://secure.dre.ca.gov/datafile/CurrList.zip ; https://secure.dre.ca.gov/datafile/broker_associates_list.xls,people = Licensed salespersons + broker associates + corporate officers whose responsible broker is the firm,CA,1200 S DIAMOND BAR #101B,DIAMOND BAR,CA,91765,,,,2026-10-09
CA:01527319,PACIFIC DESERT INC,,42,https://secure.dre.ca.gov/datafile/CurrList.zip ; https://secure.dre.ca.gov/datafile/broker_associates_list.xls,people = Licensed salespersons + broker associates + corporate officers whose responsible broker is the firm,CA,100 SAINT PAUL ST #200,DENVER,CO,80206,,,,2026-10-09
CA:01837288,FINLEY PROPERTIES CORP,,35,https://secure.dre.ca.gov/datafile/CurrList.zip ; https://secure.dre.ca.gov/datafile/broker_associates_list.xls,people = Licensed salespersons + broker associates + corporate officers whose responsible broker is the firm,CA,6310 GREENWICH DR STE 150,SAN DIEGO,CA,92122,,,,2026-10-09
CA:01872387,CAPITOL CITY REAL ESTATE INC,,37,https://secure.dre.ca.gov/datafile/CurrList.zip ; https://secure.dre.ca.gov/datafile/broker_associates_list.xls,people = Licensed salespersons + broker associates + corporate officers whose responsible broker is the firm,CA,917 7TH STREET,SACRAMENTO,CA,95814,,,,2026-10-09
CA:01902522,SUPREME INVESTMENT CORP.,,69,https://secure.dre.ca.gov/datafile/CurrList.zip ; https://secure.dre.ca.gov/datafile/broker_associates_list.xls,people = Licensed salespersons + broker associates + corporate officers whose responsible broker is the firm,CA,4509 TEMPLE CITY BLVD,TEMPLE CITY,CA,91780,,,,2026-10-09
CA:01869515,"NU LEVEL REALTY, INC.",,46,https://secure.dre.ca.gov/datafile/CurrList.zip ; https://secure.dre.ca.gov/datafile/broker_associates_list.xls,people = Licensed salespersons + broker associates + corporate officers whose responsible broker is the firm,CA,1818 GILBRETH RD STE #126,BURLINGAME,CA,94010,,,,2026-10-09
CA:02248397,PROFITABLE HOLDINGS INC.,,59,https://secure.dre.ca.gov/datafile/CurrList.zip ; https://secure.dre.ca.gov/datafile/broker_associates_list.xls,people = Licensed salespersons + broker associates + corporate officers whose responsible broker is the firm,CA,29500 SPRINGWOOD CT,TEHACHAPI,CA,93561,,,,2026-10-09
CA:02151123,INSPIRED REAL ESTATE GROUP INC,,38,https://secure.dre.ca.gov/datafile/CurrList.zip ; https://secure.dre.ca.gov/datafile/broker_associates_list.xls,people = Licensed salespersons + broker associates + corporate officers whose responsible broker is the firm,CA,PO BOX 2591,ROCKLIN,CA,95677,,,,2026-10-09
CA:01929550,"MORGAN REAL ESTATE & FINANCIAL, INC.",,70,https://secure.dre.ca.gov/datafile/CurrList.zip ; https://secure.dre.ca.gov/datafile/broker_associates_list.xls,people = Licensed salespersons + broker associates + corporate officers whose responsible broker is the firm,CA,2051 JUNCTION AVE #237,SAN JOSE,CA,95131,,,,2026-10-09
CA:02075302,"THE ROBLES COMPANIES, INC",,57,https://secure.dre.ca.gov/datafile/CurrList.zip ; https://secure.dre.ca.gov/datafile/broker_associates_list.xls,people = Licensed salespersons + broker associates + corporate officers whose responsible broker is the firm,CA,15455 SAN FERNANDO MISSION BLVD STE 101,MISSION HILLS,CA,91345,,,,2026-10-09
CA:01835649,AAA CAPITAL INVESTMENT INC,,75,https://secure.dre.ca.gov/datafile/CurrList.zip ; https://secure.dre.ca.gov/datafile/broker_associates_list.xls,people = Licensed salespersons + broker associates + corporate officers whose responsible broker is the firm,CA,41 E LIVE OAK AVE,ARCADIA,CA,91006,,,,2026-10-09
CA:01451207,BAYONE REAL ESTATE INVESTMENT,,45,https://secure.dre.ca.gov/datafile/CurrList.zip ; https://secure.dre.ca.gov/datafile/broker_associates_list.xls,people = Licensed salespersons + broker associates + corporate officers whose responsible broker is the firm,CA,1754 TECHNOLOGY DR STE 108,SAN JOSE,CA,95110,,,,2026-10-09
CA:02177987,"AVERY REALTY MANAGEMENT, INC.",,35,https://secure.dre.ca.gov/datafile/CurrList.zip ; https://secure.dre.ca.gov/datafile/broker_associates_list.xls,people = Licensed salespersons + broker associates + corporate officers whose responsible broker is the firm,CA,6131 ORANGETHORPE AVE. STE #135,BUENA PARK,CA,90620,,,,2026-10-09
CA:02022288,ALL STATE HOMES INC.,,52,https://secure.dre.ca.gov/datafile/CurrList.zip ; https://secure.dre.ca.gov/datafile/broker_associates_list.xls,people = Licensed salespersons + broker associates + corporate officers whose responsible broker is the firm,CA,770 E SHAW AVE #128,FRESNO,CA,93710,,,,2026-10-09
CA:01847009,LEXINGTON ENTERPRISES GROUP INC,,35,https://secure.dre.ca.gov/datafile/CurrList.zip ; https://secure.dre.ca.gov/datafile/broker_associates_list.xls,people = Licensed salespersons + broker associates + corporate officers whose responsible broker is the firm,CA,5542 MONTEREY RD #208,SAN JOSE,CA,95138,,,,2026-10-09
CA:01997520,QUALITY REAL ESTATE CORP.,,50,https://secure.dre.ca.gov/datafile/CurrList.zip ; https://secure.dre.ca.gov/datafile/broker_associates_list.xls,people = Licensed salespersons + broker associates + corporate officers whose responsible broker is the firm,CA,4795 HOLT BLVD,MONTCLAIR,CA,91763,,,,2026-10-09
CA:02067255,EVERWISE GROUP CORPORATION,,38,https://secure.dre.ca.gov/datafile/CurrList.zip ; https://secure.dre.ca.gov/datafile/broker_associates_list.xls,people = Licensed salespersons + broker associates + corporate officers whose responsible broker is the firm,CA,15615 ALTON PKWY STE 450,IRVINE,CA,92618,,,,2026-10-09
CA:02029047,"WINNING RESULTS REALTY, INC.",,63,https://secure.dre.ca.gov/datafile/CurrList.zip ; https://secure.dre.ca.gov/datafile/broker_associates_list.xls,people = Licensed salespersons + broker associates + corporate officers whose responsible broker is the firm,CA,613 1ST ST STE 211,BRENTWOOD,CA,94513,,,,2026-10-09
CA:02126094,"SEQUOIA REAL ESTATE - CITY PROPERTIES,",,41,https://secure.dre.ca.gov/datafile/CurrList.zip ; https://secure.dre.ca.gov/datafile/broker_associates_list.xls,people = Licensed salespersons + broker associates + corporate officers whose responsible broker is the firm,CA,3595 BALBOA ST,SAN FRANCISCO,CA,94121,,,,2026-10-09
CA:01999635,AMERIWAY REALTY,,45,https://secure.dre.ca.gov/datafile/CurrList.zip ; https://secure.dre.ca.gov/datafile/broker_associates_list.xls,people = Licensed salespersons + broker associates + corporate officers whose responsible broker is the firm,CA,1611 S EUCLID ST,ANAHEIM,CA,92802,,,,2026-10-09
CA:02033852,BENJERMEN FRANKY REYES,,49,https://secure.dre.ca.gov/datafile/CurrList.zip ; https://secure.dre.ca.gov/datafile/broker_associates_list.xls,people = Licensed salespersons + broker associates + corporate officers whose responsible broker is the firm,CA,9104 EASTWIND CIR,BAKERSFIELD,CA,93306,,,,2026-10-09
CA:01243526,MERITAGE HOMES OF CALIFORNIA INC,,38,https://secure.dre.ca.gov/datafile/CurrList.zip ; https://secure.dre.ca.gov/datafile/broker_associates_list.xls,people = Licensed salespersons + broker associates + corporate officers whose responsible broker is the firm,CA,2850 GATEWAY OAKS DR STE 200,SACRAMENTO,CA,95833,,,,2026-10-09
CA:02192487,"BROKERS CONSOLIDATED CALIFORNIA, INC.",,46,https://secure.dre.ca.gov/datafile/CurrList.zip ; https://secure.dre.ca.gov/datafile/broker_associates_list.xls,people = Licensed salespersons + broker associates + corporate officers whose responsible broker is the firm,CA,41955 FOURTH ST STE 102,TEMECULA,CA,92590,,,,2026-10-09
CA:02189619,"I2I REAL ESTATE AND MORTGAGE, INC.",,36,https://secure.dre.ca.gov/datafile/CurrList.zip ; https://secure.dre.ca.gov/datafile/broker_associates_list.xls,people = Licensed salespersons + broker associates + corporate officers whose responsible broker is the firm,CA,821 KUHN DR STE 210,CHULA VISTA,CA,91914,,,,2026-10-09
CA:01503061,BEAZER REALTY LOS ANGELES INC,,35,https://secure.dre.ca.gov/datafile/CurrList.zip ; https://secure.dre.ca.gov/datafile/broker_associates_list.xls,people = Licensed salespersons + broker associates + corporate officers whose responsible broker is the firm,CA,310 COMMERCE STE 150,IRVINE,CA,92602,,,,2026-10-09
CA:01931860,"BAY CAPITAL REAL ESTATE, INC.",,47,https://secure.dre.ca.gov/datafile/CurrList.zip ; https://secure.dre.ca.gov/datafile/broker_associates_list.xls,people = Licensed salespersons + broker associates + corporate officers whose responsible broker is the firm,CA,233 MONTEREY ST,SALINAS,CA,93901,,,,2026-10-09
CA:01924483,"SORENSEN SOLUTIONS, INC.",,43,https://secure.dre.ca.gov/datafile/CurrList.zip ; https://secure.dre.ca.gov/datafile/broker_associates_list.xls,people = Licensed salespersons + broker associates + corporate officers whose responsible broker is the firm,CA,43521 RIDGE PARK DR STE 201,TEMECULA,CA,92590,,,,2026-10-09
CA:02130483,GROUNDED R.E.,,61,https://secure.dre.ca.gov/datafile/CurrList.zip ; https://secure.dre.ca.gov/datafile/broker_associates_list.xls,people = Licensed salespersons + broker associates + corporate officers whose responsible broker is the firm,CA,915 20TH ST,SACRAMENTO,CA,95811,,,,2026-10-09
CA:01478782,TOWN & COUNTRY HOME AND INVESTMENT,,41,https://secure.dre.ca.gov/datafile/CurrList.zip ; https://secure.dre.ca.gov/datafile/broker_associates_list.xls,people = Licensed salespersons + broker associates + corporate officers whose responsible broker is the firm,CA,2535 SHASTA VIEW DRIVE,REDDING,CA,96002,,,,2026-10-09
CA:02193664,PONOISMS INC.,,67,https://secure.dre.ca.gov/datafile/CurrList.zip ; https://secure.dre.ca.gov/datafile/broker_associates_list.xls,people = Licensed salespersons + broker associates + corporate officers whose responsible broker is the firm,CA,2831 CAMINO DEL RIO SOUTH,SAN DIEGO,CA,92108,,,,2026-10-09
CA:01904891,"KKI VENTURES, INC.",,36,https://secure.dre.ca.gov/datafile/CurrList.zip ; https://secure.dre.ca.gov/datafile/broker_associates_list.xls,people = Licensed salespersons + broker associates + corporate officers whose responsible broker is the firm,CA,4299 MACARTHUR BLVD STE 105,NEWPORT BEACH,CA,92660,,,,2026-10-09
CA:01902542,AMERICAN REAL ESTATE SERVICES GROUP,,64,https://secure.dre.ca.gov/datafile/CurrList.zip ; https://secure.dre.ca.gov/datafile/broker_associates_list.xls,people = Licensed salespersons + broker associates + corporate officers whose responsible broker is the firm,CA,422 CENTURY PARK DR,YUBA CITY,CA,95991,,,,2026-10-09
CA:02020845,"EDDINGTON, INC.",,47,https://secure.dre.ca.gov/datafile/CurrList.zip ; https://secure.dre.ca.gov/datafile/broker_associates_list.xls,people = Licensed salespersons + broker associates + corporate officers whose responsible broker is the firm,CA,278 TOWN CENTER PKWY #201,SANTEE,CA,92071,,,,2026-10-09
CA:01851888,BROADPOINT PROPERTIES INC,,39,https://secure.dre.ca.gov/datafile/CurrList.zip ; https://secure.dre.ca.gov/datafile/broker_associates_list.xls,people = Licensed salespersons + broker associates + corporate officers whose responsible broker is the firm,CA,451 S ESCONDIDO BLVD,ESCONDIDO,CA,92025,,,,2026-10-09
CA:01480932,ADK BANCORP INC,,37,https://secure.dre.ca.gov/datafile/CurrList.zip ; https://secure.dre.ca.gov/datafile/broker_associates_list.xls,people = Licensed salespersons + broker associates + corporate officers whose responsible broker is the firm,CA,14615 MAGNOLIA ST,WESTMINSTER,CA,92683,,,,2026-10-09
CA:02016296,"GENTILE REAL ESTATE, INC.",,49,https://secure.dre.ca.gov/datafile/CurrList.zip ; https://secure.dre.ca.gov/datafile/broker_associates_list.xls,people = Licensed salespersons + broker associates + corporate officers whose responsible broker is the firm,CA,7575 N DEL MAR #108,FRESNO,CA,93711,,,,2026-10-09
CA:02064225,"LGI REALTY - CALIFORNIA, INC.",,49,https://secure.dre.ca.gov/datafile/CurrList.zip ; https://secure.dre.ca.gov/datafile/broker_associates_list.xls,people = Licensed salespersons + broker associates + corporate officers whose responsible broker is the firm,CA,1450 LAKE ROBBINS DR STE 430,THE WOODLANDS,TX,77380,,,,2026-10-09
CA:02144450,BESTVILLA GROUP INC.,,59,https://secure.dre.ca.gov/datafile/CurrList.zip ; https://secure.dre.ca.gov/datafile/broker_associates_list.xls,people = Licensed salespersons + broker associates + corporate officers whose responsible broker is the firm,CA,1220 ROOSEVELT STE 200,IRVINE,CA,92620,,,,2026-10-09
CA:02164681,BBR PARTNERS INC.,,38,https://secure.dre.ca.gov/datafile/CurrList.zip ; https://secure.dre.ca.gov/datafile/broker_associates_list.xls,people = Licensed salespersons + broker associates + corporate officers whose responsible broker is the firm,CA,427 C ST STE 200,SAN DIEGO,CA,92101,,,,2026-10-09
CA:02291443,LUMIN LENDING INC.,,72,https://secure.dre.ca.gov/datafile/CurrList.zip ; https://secure.dre.ca.gov/datafile/broker_associates_list.xls,people = Licensed salespersons + broker associates + corporate officers whose responsible broker is the firm,CA,18201 VON KARMEN STE 800,IRVINE,CA,92612,,,,2026-10-09
CA:01901215,"AEZ INVESTMENT, INC.",,46,https://secure.dre.ca.gov/datafile/CurrList.zip ; https://secure.dre.ca.gov/datafile/broker_associates_list.xls,people = Licensed salespersons + broker associates + corporate officers whose responsible broker is the firm,CA,4010 MOORPARK AVE #205,SAN JOSE,CA,95117,,,,2026-10-09
CA:02102406,"THE NETWORK REALTY GROUP, INC.",,40,https://secure.dre.ca.gov/datafile/CurrList.zip ; https://secure.dre.ca.gov/datafile/broker_associates_list.xls,people = Licensed salespersons + broker associates + corporate officers whose responsible broker is the firm,CA,1541 PARKWAY LOOP STE D,TUSTIN,CA,92780,,,,2026-10-09
CA:01984709,LSM REALTY INC.,,46,https://secure.dre.ca.gov/datafile/CurrList.zip ; https://secure.dre.ca.gov/datafile/broker_associates_list.xls,people = Licensed salespersons + broker associates + corporate officers whose responsible broker is the firm,CA,"19811 COLIMA RD, SUITE 230",WALNUT,CA,91789,,,,2026-10-09
CA:01708253,ROGER V MAGANA,,64,https://secure.dre.ca.gov/datafile/CurrList.zip ; https://secure.dre.ca.gov/datafile/broker_associates_list.xls,people = Licensed salespersons + broker associates + corporate officers whose responsible broker is the firm,CA,4700 STOCKDALE HWY SUITE 110,BAKERSFIELD,CA,93309,,,,2026-10-09
CA:02062865,LIFETIME REALTY INC,,39,https://secure.dre.ca.gov/datafile/CurrList.zip ; https://secure.dre.ca.gov/datafile/broker_associates_list.xls,people = Licensed salespersons + broker associates + corporate officers whose responsible broker is the firm,CA,140 S FLOWER ST STE 200,ORANGE,CA,92868,,,,2026-10-09
CA:02093844,MONUMENT ROW,,45,https://secure.dre.ca.gov/datafile/CurrList.zip ; https://secure.dre.ca.gov/datafile/broker_associates_list.xls,people = Licensed salespersons + broker associates + corporate officers whose responsible broker is the firm,CA,1501 KINGSFORD DR,CARMICHAEL,CA,95608,,,,2026-10-09
CA:01482553,SUSAN ANNE EBERT,,35,https://secure.dre.ca.gov/datafile/CurrList.zip ; https://secure.dre.ca.gov/datafile/broker_associates_list.xls,people = Licensed salespersons + broker associates + corporate officers whose responsible broker is the firm,CA,39381 LOS ALAMOS RD STE D,MURRIETA,CA,92563,,,,2026-10-09
CA:02230438,TOPSKY REALTY INC,,74,https://secure.dre.ca.gov/datafile/CurrList.zip ; https://secure.dre.ca.gov/datafile/broker_associates_list.xls,people = Licensed salespersons + broker associates + corporate officers whose responsible broker is the firm,CA,19900 MACARTHUR BLVD SUITE 1120,IRVINE,CA,92612,,,,2026-10-09
CA:02062655,LUXE REALTY GROUP,,47,https://secure.dre.ca.gov/datafile/CurrList.zip ; https://secure.dre.ca.gov/datafile/broker_associates_list.xls,people = Licensed salespersons + broker associates + corporate officers whose responsible broker is the firm,CA,21 MASSOLO DR STE C,PLEASANT HILL,CA,94523,,,,2026-10-09
CA:02204002,PLG ESTATES INC.,,38,https://secure.dre.ca.gov/datafile/CurrList.zip ; https://secure.dre.ca.gov/datafile/broker_associates_list.xls,people = Licensed salespersons + broker associates + corporate officers whose responsible broker is the firm,CA,9800 WILSHIRE BLVD,BEVERLY HILLS,CA,90212,,,,2026-10-09
CA:01527806,ANDY'S HOME LOANS,,42,https://secure.dre.ca.gov/datafile/CurrList.zip ; https://secure.dre.ca.gov/datafile/broker_associates_list.xls,people = Licensed salespersons + broker associates + corporate officers whose responsible broker is the firm,CA,909 15TH ST STE 1,MODESTO,CA,95354,,,,2026-10-09
CA:01498203,CENTERMAC REALTY INC,,38,https://secure.dre.ca.gov/datafile/CurrList.zip ; https://secure.dre.ca.gov/datafile/broker_associates_list.xls,people = Licensed salespersons + broker associates + corporate officers whose responsible broker is the firm,CA,640 N DIAMOND BAR BLVD,DIAMOND BAR,CA,91765,,,,2026-10-09
CA:02069085,"MOON INVESTMENT, INC.",,70,https://secure.dre.ca.gov/datafile/CurrList.zip ; https://secure.dre.ca.gov/datafile/broker_associates_list.xls,people = Licensed salespersons + broker associates + corporate officers whose responsible broker is the firm,CA,1639 E WASHINGTON BLVD,PASADENA,CA,91104,,,,2026-10-09
CA:02163090,THE MORTGAGE LAB INC,,40,https://secure.dre.ca.gov/datafile/CurrList.zip ; https://secure.dre.ca.gov/datafile/broker_associates_list.xls,people = Licensed salespersons + broker associates + corporate officers whose responsible broker is the firm,CA,401 WEST A ST STE 200,SAN DIEGO,CA,92101,,,,2026-10-09
CA:01864495,HOME STAR INC,,41,https://secure.dre.ca.gov/datafile/CurrList.zip ; https://secure.dre.ca.gov/datafile/broker_associates_list.xls,people = Licensed salespersons + broker associates + corporate officers whose responsible broker is the firm,CA,4678 N 1ST ST,FRESNO,CA,93726,,,,2026-10-09
CA:02124826,PURE HOMERIVER PROPERTY MANAGEMENT INC,,40,https://secure.dre.ca.gov/datafile/CurrList.zip ; https://secure.dre.ca.gov/datafile/broker_associates_list.xls,people = Licensed salespersons + broker associates + corporate officers whose responsible broker is the firm,CA,15495 LOS GATOS BLVD #9,LOS GATOS,CA,95032,,,,2026-10-09
CA:01866195,CENTENNIAL REALTY BROKERAGE &,,39,https://secure.dre.ca.gov/datafile/CurrList.zip ; https://secure.dre.ca.gov/datafile/broker_associates_list.xls,people = Licensed salespersons + broker associates + corporate officers whose responsible broker is the firm,CA,17341 IRVINE BLVD SUITE 200,TUSTIN,CA,92780,,,,2026-10-09
CA:02042573,NEW WAVE LENDING GROUP INC,,68,https://secure.dre.ca.gov/datafile/CurrList.zip ; https://secure.dre.ca.gov/datafile/broker_associates_list.xls,people = Licensed salespersons + broker associates + corporate officers whose responsible broker is the firm,CA,1199 FAIRWAY DR,CITY OF INDUSTRY,CA,91789,,,,2026-10-09
CA:01844654,INTEGRITY REAL ESTATE CENTER,,37,https://secure.dre.ca.gov/datafile/CurrList.zip ; https://secure.dre.ca.gov/datafile/broker_associates_list.xls,people = Licensed salespersons + broker associates + corporate officers whose responsible broker is the firm,CA,4512 FEATHER RIVER DR STE C,STOCKTON,CA,95219,,,,2026-10-09
CA:02075036,"CVR HOLDINGS, INC.",,71,https://secure.dre.ca.gov/datafile/CurrList.zip ; https://secure.dre.ca.gov/datafile/broker_associates_list.xls,people = Licensed salespersons + broker associates + corporate officers whose responsible broker is the firm,CA,1925 CENTURY PARK E STE 1700,LOS ANGELES,CA,90067,,,,2026-10-09
CA:01399591,GREGG EDWARD WATKINS,,38,https://secure.dre.ca.gov/datafile/CurrList.zip ; https://secure.dre.ca.gov/datafile/broker_associates_list.xls,people = Licensed salespersons + broker associates + corporate officers whose responsible broker is the firm,CA,5703 OBERLIN DR STE 212,SAN DIEGO,CA,92121,,,,2026-10-09
CA:02237202,"ALTATERA, INC.",,35,https://secure.dre.ca.gov/datafile/CurrList.zip ; https://secure.dre.ca.gov/datafile/broker_associates_list.xls,people = Licensed salespersons + broker associates + corporate officers whose responsible broker is the firm,CA,1025 PROSPECT ST UNIT 390,LA JOLLA,CA,92037,,,,2026-10-09
CA:01785096,CAPITAL INVESTMENT REALTY GROUP INC,,38,https://secure.dre.ca.gov/datafile/CurrList.zip ; https://secure.dre.ca.gov/datafile/broker_associates_list.xls,people = Licensed salespersons + broker associates + corporate officers whose responsible broker is the firm,CA,9800 WILSHIRE BLVD,BEVERLY HILLS,CA,90212,,,,2026-10-09
CA:02113648,NEW DREAM INVESTMENT CORP,,58,https://secure.dre.ca.gov/datafile/CurrList.zip ; https://secure.dre.ca.gov/datafile/broker_associates_list.xls,people = Licensed salespersons + broker associates + corporate officers whose responsible broker is the firm,CA,20955 PATHFINDER RD STE 215,DIAMOND BAR,CA,91765,,,,2026-10-09
CA:01890676,INC REAL ESTATE CORPORATION,,39,https://secure.dre.ca.gov/datafile/CurrList.zip ; https://secure.dre.ca.gov/datafile/broker_associates_list.xls,people = Licensed salespersons + broker associates + corporate officers whose responsible broker is the firm,CA,431 E PALM DR,PLACENTIA,CA,92870,,,,2026-10-09
CA:01916999,VALLEYVENTURES REALTY INC.,,58,https://secure.dre.ca.gov/datafile/CurrList.zip ; https://secure.dre.ca.gov/datafile/broker_associates_list.xls,people = Licensed salespersons + broker associates + corporate officers whose responsible broker is the firm,CA,7209 OAK RIDGE CT,DUBLIN,CA,94568,,,,2026-10-09
CA:02221163,MORTGAGE RESEARCH LABORATORY INC.,,36,https://secure.dre.ca.gov/datafile/CurrList.zip ; https://secure.dre.ca.gov/datafile/broker_associates_list.xls,people = Licensed salespersons + broker associates + corporate officers whose responsible broker is the firm,CA,1227 WEST TEMPLE STREET 2ND FLOOR,LOS ANGELES,CA,90026,,,,2026-10-09
CA:02247689,CLEAN SLATE CA INC.,,39,https://secure.dre.ca.gov/datafile/CurrList.zip ; https://secure.dre.ca.gov/datafile/broker_associates_list.xls,people = Licensed salespersons + broker associates + corporate officers whose responsible broker is the firm,CA,500 TECHNOLOGY DRIVE,IRVINE,CA,92618,,,,2026-10-09
CA:02382690,GAEA REALTY & CO INC.,,55,https://secure.dre.ca.gov/datafile/CurrList.zip ; https://secure.dre.ca.gov/datafile/broker_associates_list.xls,people = Licensed salespersons + broker associates + corporate officers whose responsible broker is the firm,CA,4546 EL CAMINO REAL B10-178,LOS ALTOS,CA,94022,,,,2026-10-09
CA:02190978,FTRE CA INC.,,54,https://secure.dre.ca.gov/datafile/CurrList.zip ; https://secure.dre.ca.gov/datafile/broker_associates_list.xls,people = Licensed salespersons + broker associates + corporate officers whose responsible broker is the firm,CA,5 PARK PLAZA STE 1150,IRVINE,CA,92614,,,,2026-10-09
CO:DISTINCT REAL ESTATE LLC,DISTINCT REAL ESTATE LLC,,35,https://apps2.colorado.gov/dre/licensing/Lookup/GenerateRoster.aspx (Active Associate Brokers + Active Responsible Brokers + Active Real Estate Companies rosters),people = Active associate + responsible brokers whose roster Entity Name is the firm,CO,1511 W 124TH AVE STE 100,WESTMINSTER,CO,80234,,(303) 520-4458,,2026-10-09
"CO:WESTERN SLOPE RE HOLDINGS, LLC","WESTERN SLOPE RE HOLDINGS, LLC",REALTY ONE GROUP WESTERN SLOPE,37,https://apps2.colorado.gov/dre/licensing/Lookup/GenerateRoster.aspx (Active Associate Brokers + Active Responsible Brokers + Active Real Estate Companies rosters),people = Active associate + responsible brokers whose roster Entity Name is the firm,CO,734 MAIN ST,GRAND JUNCTION,CO,81501,,(970) 314-3884,,2026-10-09
"CO:GREP SOUTHWEST, LLC","GREP SOUTHWEST, LLC",GREYSTAR,47,https://apps2.colorado.gov/dre/licensing/Lookup/GenerateRoster.aspx (Active Associate Brokers + Active Responsible Brokers + Active Real Estate Companies rosters),people = Active associate + responsible brokers whose roster Entity Name is the firm,CO,"5445 DTC PARKWAY, PENTHOUSE 1",GREENWOOD VILLAGE,CO,80111,,(719) 243-1002,,2026-10-09
"CO:PPTA, LLC","PPTA, LLC",ENGEL & VOELKERS PIKES PEAK,40,https://apps2.colorado.gov/dre/licensing/Lookup/GenerateRoster.aspx (Active Associate Brokers + Active Responsible Brokers + Active Real Estate Companies rosters),people = Active associate + responsible brokers whose roster Entity Name is the firm,CO,2748 N GATE BLVD,COLORADO SPRINGS,CO,80921,,(303) 895-9002,,2026-10-09
CO:ATLAS REAL ESTATE GROUP LLC,ATLAS REAL ESTATE GROUP LLC,ATLAS REAL ESTATE,57,https://apps2.colorado.gov/dre/licensing/Lookup/GenerateRoster.aspx (Active Associate Brokers + Active Responsible Brokers + Active Real Estate Companies rosters),people = Active associate + responsible brokers whose roster Entity Name is the firm,CO,970 YUMA ST,DENVER,CO,80204,,(303) 242-8980,,2026-10-09
CO:BITTER CREEK FINANCE LLC,BITTER CREEK FINANCE LLC,HOMESMART REALTY GROUP,57,https://apps2.colorado.gov/dre/licensing/Lookup/GenerateRoster.aspx (Active Associate Brokers + Active Responsible Brokers + Active Real Estate Companies rosters),people = Active associate + responsible brokers whose roster Entity Name is the firm,CO,201 E 4TH ST,LOVELAND,CO,80537,,(307) 530-3880,,2026-10-09
CO:THE GRAND JUNCTION R E GROUP INC,THE GRAND JUNCTION R E GROUP INC,REMAX 4000 INC,69,https://apps2.colorado.gov/dre/licensing/Lookup/GenerateRoster.aspx (Active Associate Brokers + Active Responsible Brokers + Active Real Estate Companies rosters),people = Active associate + responsible brokers whose roster Entity Name is the firm,CO,120 W PARK DR STE 200,GRAND JUNCTION,CO,81505,,(970) 241-4000,,2026-10-09
CO:PINK REALTY INC,PINK REALTY INC,,37,https://apps2.colorado.gov/dre/licensing/Lookup/GenerateRoster.aspx (Active Associate Brokers + Active Responsible Brokers + Active Real Estate Companies rosters),people = Active associate + responsible brokers whose roster Entity Name is the firm,CO,4783 FARMINGDALE DR,COLORADO SPRINGS,CO,80918,,(719) 393-7465,,2026-10-09
"CO:ELEVATED REAL ESTATE, LLC","ELEVATED REAL ESTATE, LLC",CENTURY 21 ELEVATED REAL ESTATE,44,https://apps2.colorado.gov/dre/licensing/Lookup/GenerateRoster.aspx (Active Associate Brokers + Active Responsible Brokers + Active Real Estate Companies rosters),people = Active associate + responsible brokers whose roster Entity Name is the firm,CO,1001 BANNOCK ST,DENVER,CO,80204,,(970) 718-9010,,2026-10-09
CO:PEAK 8 PROPERTIES LLC,PEAK 8 PROPERTIES LLC,BRECKENRIDGE GRAND VACATIONS LLC,47,https://apps2.colorado.gov/dre/licensing/Lookup/GenerateRoster.aspx (Active Associate Brokers + Active Responsible Brokers + Active Real Estate Companies rosters),people = Active associate + responsible brokers whose roster Entity Name is the firm,CO,100 S MAIN ST,BRECKENRIDGE,CO,80424,,(970) 547-4016,,2026-10-09
"CO:MODUS REAL ESTATE, LLC","MODUS REAL ESTATE, LLC",,72,https://apps2.colorado.gov/dre/licensing/Lookup/GenerateRoster.aspx (Active Associate Brokers + Active Responsible Brokers + Active Real Estate Companies rosters),people = Active associate + responsible brokers whose roster Entity Name is the firm,CO,2079 W 44TH AVE,DENVER,CO,80211,,(303) 974-4717,,2026-10-09
CO:JONES LANG LASALLE BROKERAGE INC,JONES LANG LASALLE BROKERAGE INC,,64,https://apps2.colorado.gov/dre/licensing/Lookup/GenerateRoster.aspx (Active Associate Brokers + Active Responsible Brokers + Active Real Estate Companies rosters),people = Active associate + responsible brokers whose roster Entity Name is the firm,CO,1225 17TH ST STE 1900,DENVER,CO,80202,,(303) 260-6500,,2026-10-09
CO:MICHAEL STEPHEN KENNEY,MICHAEL STEPHEN KENNEY,,64,https://apps2.colorado.gov/dre/licensing/Lookup/GenerateRoster.aspx (Active Associate Brokers + Active Responsible Brokers + Active Real Estate Companies rosters),people = Active associate + responsible brokers whose roster Entity Name is the firm,CO,,,,,,,,2026-10-09
"CO:GRAND JUNCTION REALTY, LLC","GRAND JUNCTION REALTY, LLC","KELLER WILLIAMS COLORADO WEST REALTY, LLC",69,https://apps2.colorado.gov/dre/licensing/Lookup/GenerateRoster.aspx (Active Associate Brokers + Active Responsible Brokers + Active Real Estate Companies rosters),people = Active associate + responsible brokers whose roster Entity Name is the firm,CO,2474 PATTERSON RD STE 100,GRAND JUNCTION,CO,81505,,(970) 256-9100,,2026-10-09
CO:ELEVATE REAL ESTATE LLC,ELEVATE REAL ESTATE LLC,NEXTHOME VIRTUAL,40,https://apps2.colorado.gov/dre/licensing/Lookup/GenerateRoster.aspx (Active Associate Brokers + Active Responsible Brokers + Active Real Estate Companies rosters),people = Active associate + responsible brokers whose roster Entity Name is the firm,CO,300 E MAIN ST,MONTROSE,CO,81401,,(970) 258-9300,,2026-10-09
CO:IMG28 INC.,IMG28 INC.,REMAX INMOTION,45,https://apps2.colorado.gov/dre/licensing/Lookup/GenerateRoster.aspx (Active Associate Brokers + Active Responsible Brokers + Active Real Estate Companies rosters),people = Active associate + responsible brokers whose roster Entity Name is the firm,CO,4600 S ULSTER ST,DENVER,CO,80237,,720-271-8938,,2026-10-09
"CO:KENTWOOD REAL ESTATE SERVICES, LLC","KENTWOOD REAL ESTATE SERVICES, LLC",KENTWOOD REAL ESTATE SERVICES,36,https://apps2.colorado.gov/dre/licensing/Lookup/GenerateRoster.aspx (Active Associate Brokers + Active Responsible Brokers + Active Real Estate Companies rosters),people = Active associate + responsible brokers whose roster Entity Name is the firm,CO,"4949 S. NIAGARA STREET, SUITE 400",DENVER,CO,80237,,(303) 773-3399,,2026-10-09
"CO:RE/MAX OF PUEBLO, INC","RE/MAX OF PUEBLO, INC","RE/MAX OF PUEBLO, INC",53,https://apps2.colorado.gov/dre/licensing/Lookup/GenerateRoster.aspx (Active Associate Brokers + Active Responsible Brokers + Active Real Estate Companies rosters),people = Active associate + responsible brokers whose roster Entity Name is the firm,CO,511 W 29TH ST STE A,PUEBLO,CO,81008,,(719) 546-1717,,2026-10-09
CO:JOH STEAMBOAT LLC,JOH STEAMBOAT LLC,STEAMBOAT SOTHEBY'S INTERNATIONAL REALTY,75,https://apps2.colorado.gov/dre/licensing/Lookup/GenerateRoster.aspx (Active Associate Brokers + Active Responsible Brokers + Active Real Estate Companies rosters),people = Active associate + responsible brokers whose roster Entity Name is the firm,CO,610 MARKETPLACE PLZ,STEAMBOAT SPRINGS,CO,80487,,(970) 879-8100,,2026-10-09
CO:LEGACY REFERRALS LLC,LEGACY REFERRALS LLC,,42,https://apps2.colorado.gov/dre/licensing/Lookup/GenerateRoster.aspx (Active Associate Brokers + Active Responsible Brokers + Active Real Estate Companies rosters),people = Active associate + responsible brokers whose roster Entity Name is the firm,CO,2755 S LOCUST ST,DENVER,CO,80222,,(303) 797-6500,,2026-10-09
CO:MOUNTAIN PARTNERS REAL ESTATE LLC,MOUNTAIN PARTNERS REAL ESTATE LLC,KELLER WILLIAMS MOUNTAIN PROPERTIES,65,https://apps2.colorado.gov/dre/licensing/Lookup/GenerateRoster.aspx (Active Associate Brokers + Active Responsible Brokers + Active Real Estate Companies rosters),people = Active associate + responsible brokers whose roster Entity Name is the firm,CO,56 EDWARDS VILLAGE BLVD UNIT 113,EDWARDS,CO,81632,,(970) 476-1600,,2026-10-09
"CO:WORTH CLARK, INC.","WORTH CLARK, INC.",WORTH CLARK REALTY,71,https://apps2.colorado.gov/dre/licensing/Lookup/GenerateRoster.aspx (Active Associate Brokers + Active Responsible Brokers + Active Real Estate Companies rosters),people = Active associate + responsible brokers whose roster Entity Name is the firm,CO,100 FILLMORE ST FL 5,DENVER,CO,80206,,(800) 991-6092,,2026-10-09
CO:EXP COMMERCIAL LLC,EXP COMMERCIAL LLC,,74,https://apps2.colorado.gov/dre/licensing/Lookup/GenerateRoster.aspx (Active Associate Brokers + Active Responsible Brokers + Active Real Estate Companies rosters),people = Active associate + responsible brokers whose roster Entity Name is the firm,CO,9800 PYRAMID CT STE 400,ENGLEWOOD,CO,80112,,(888) 440-2724 x101,,2026-10-09
CO:HAYDEN OUTDOORS LLC,HAYDEN OUTDOORS LLC,HAYDEN OUTDOORS,65,https://apps2.colorado.gov/dre/licensing/Lookup/GenerateRoster.aspx (Active Associate Brokers + Active Responsible Brokers + Active Real Estate Companies rosters),people = Active associate + responsible brokers whose roster Entity Name is the firm,CO,501 MAIN ST,WINDSOR,CO,80550,,(970) 674-1990,,2026-10-09
CO:TELLURIDE PROPERTIES LLC,TELLURIDE PROPERTIES LLC,,70,https://apps2.colorado.gov/dre/licensing/Lookup/GenerateRoster.aspx (Active Associate Brokers + Active Responsible Brokers + Active Real Estate Companies rosters),people = Active associate + responsible brokers whose roster Entity Name is the firm,CO,PO BOX 37,TELLURIDE,CO,81435,,(970) 728-4226,,2026-10-09
CO:KEY TEAM REAL ESTATE CORP,KEY TEAM REAL ESTATE CORP,THE KEY TEAM,69,https://apps2.colorado.gov/dre/licensing/Lookup/GenerateRoster.aspx (Active Associate Brokers + Active Responsible Brokers + Active Real Estate Companies rosters),people = Active associate + responsible brokers whose roster Entity Name is the firm,CO,25 S 3RD AVE,BRIGHTON,CO,80601,,(720) 280-8311,,2026-10-09
"CO:WESTGATE COLORADO REALTY, INC","WESTGATE COLORADO REALTY, INC",LIVE WEST REALTY,40,https://apps2.colorado.gov/dre/licensing/Lookup/GenerateRoster.aspx (Active Associate Brokers + Active Responsible Brokers + Active Real Estate Companies rosters),people = Active associate + responsible brokers whose roster Entity Name is the firm,CO,1938 PEARL ST STE 200,BOULDER,CO,80302,,303-440-8200,,2026-10-09
CO:DOUGLAS COUNTY PARTNERS LLC,DOUGLAS COUNTY PARTNERS LLC,KELLER WILLIAMS ACTION REALTY LLC,38,https://apps2.colorado.gov/dre/licensing/Lookup/GenerateRoster.aspx (Active Associate Brokers + Active Responsible Brokers + Active Real Estate Companies rosters),people = Active associate + responsible brokers whose roster Entity Name is the firm,CO,205 4TH ST,CASTLE ROCK,CO,80104,,(303) 688-8300,,2026-10-09
CO:BRAY AND COMPANY,BRAY AND COMPANY,,54,https://apps2.colorado.gov/dre/licensing/Lookup/GenerateRoster.aspx (Active Associate Brokers + Active Responsible Brokers + Active Real Estate Companies rosters),people = Active associate + responsible brokers whose roster Entity Name is the firm,CO,1015 N 7TH STREET,GRAND JUNCTION,CO,81501,,(970) 242-3647,,2026-10-09
"CO:THE WELLS GROUP OF DURANGO, LLC","THE WELLS GROUP OF DURANGO, LLC",WELLS GROUP REAL ESTATE,46,https://apps2.colorado.gov/dre/licensing/Lookup/GenerateRoster.aspx (Active Associate Brokers + Active Responsible Brokers + Active Real Estate Companies rosters),people = Active associate + responsible brokers whose roster Entity Name is the firm,CO,1130 MAIN AVE,DURANGO,CO,81301,,(970) 259-6680,,2026-10-09
"CO:MARCUS & MILLICHAP REAL ESTATE INVESTMENT SERVICES, INC.","MARCUS & MILLICHAP REAL ESTATE INVESTMENT SERVICES, INC.",,47,https://apps2.colorado.gov/dre/licensing/Lookup/GenerateRoster.aspx (Active Associate Brokers + Active Responsible Brokers + Active Real Estate Companies rosters),people = Active associate + responsible brokers whose roster Entity Name is the firm,CO,23975 PARK SORRENTO,CALABASAS,CA,91302,,(303) 328-2000,,2026-10-09
"CO:UNITED COUNTRY REALQUEST REALTY, INC.","UNITED COUNTRY REALQUEST REALTY, INC.",REAL COLORADO PROPERTIES,41,https://apps2.colorado.gov/dre/licensing/Lookup/GenerateRoster.aspx (Active Associate Brokers + Active Responsible Brokers + Active Real Estate Companies rosters),people = Active associate + responsible brokers whose roster Entity Name is the firm,CO,428 MAIN ST,GRAND JUNCTION,CO,81501,,(970) 256-9700,,2026-10-09
"CO:LICENSE PARK REALTY, LLC","LICENSE PARK REALTY, LLC",REALTY CONNECT,36,https://apps2.colorado.gov/dre/licensing/Lookup/GenerateRoster.aspx (Active Associate Brokers + Active Responsible Brokers + Active Real Estate Companies rosters),people = Active associate + responsible brokers whose roster Entity Name is the firm,CO,1818 LIBRARY ST,RESTON,VA,20190,,7037626218,,2026-10-09
CO:SEARS INVESTMENT CORP,SEARS INVESTMENT CORP,SEARS REAL ESTATE,35,https://apps2.colorado.gov/dre/licensing/Lookup/GenerateRoster.aspx (Active Associate Brokers + Active Responsible Brokers + Active Real Estate Companies rosters),people = Active associate + responsible brokers whose roster Entity Name is the firm,CO,2021 CLUBHOUSE DR STE 100,GREELEY,CO,80634,,(970) 330-7700,,2026-10-09
"CO:UNITED INVESTEXUSA 13, LLC","UNITED INVESTEXUSA 13, LLC",NEW WESTERN,40,https://apps2.colorado.gov/dre/licensing/Lookup/GenerateRoster.aspx (Active Associate Brokers + Active Responsible Brokers + Active Real Estate Companies rosters),people = Active associate + responsible brokers whose roster Entity Name is the firm,CO,"ANNEX, 2000 S COLORADO BLVD STE 305",DENVER,CO,80222,,(720) 573-3474,,2026-10-09
CO:REMAX PROPERTIES OF THE SUMMIT,REMAX PROPERTIES OF THE SUMMIT,,40,https://apps2.colorado.gov/dre/licensing/Lookup/GenerateRoster.aspx (Active Associate Brokers + Active Responsible Brokers + Active Real Estate Companies rosters),people = Active associate + responsible brokers whose roster Entity Name is the firm,CO,224 S MAIN ST,BRECKENRIDGE,CO,80424,,(970) 453-7000,,2026-10-09
CO:EQUITY COLORADO FRONT RANGE LLC,EQUITY COLORADO FRONT RANGE LLC,EQUITY COLORADO REAL ESTATE - FRONT RANGE,73,https://apps2.colorado.gov/dre/licensing/Lookup/GenerateRoster.aspx (Active Associate Brokers + Active Responsible Brokers + Active Real Estate Companies rosters),people = Active associate + responsible brokers whose roster Entity Name is the firm,CO,710 KIMBARK ST,LONGMONT,CO,80501,,(303) 416-8363,,2026-10-09
CO:D N & G INC,D N & G INC,REMAX NORTHWEST INC,45,https://apps2.colorado.gov/dre/licensing/Lookup/GenerateRoster.aspx (Active Associate Brokers + Active Responsible Brokers + Active Real Estate Companies rosters),people = Active associate + responsible brokers whose roster Entity Name is the firm,CO,12000 PECOS ST STE 200,DENVER,CO,80234,,(303) 457-4800,,2026-10-09
CO:MCKK LIMITED,MCKK LIMITED,ERA SHIELDS REAL ESTATE,73,https://apps2.colorado.gov/dre/licensing/Lookup/GenerateRoster.aspx (Active Associate Brokers + Active Responsible Brokers + Active Real Estate Companies rosters),people = Active associate + responsible brokers whose roster Entity Name is the firm,CO,6385 CORPORATE DR #301,COLORADO SPRINGS,CO,80919,,(719) 593-1000,,2026-10-09
CO:SMART CITY LOCATING INC.,SMART CITY LOCATING INC.,,51,https://apps2.colorado.gov/dre/licensing/Lookup/GenerateRoster.aspx (Active Associate Brokers + Active Responsible Brokers + Active Real Estate Companies rosters),people = Active associate + responsible brokers whose roster Entity Name is the firm,CO,4000 E SIDE AVE,DALLAS,TX,75226,,4127062264,,2026-10-09
CO:MODERN REAL ESTATE CO LLC,MODERN REAL ESTATE CO LLC,JPAR - MODERN REAL ESTATE CO.,61,https://apps2.colorado.gov/dre/licensing/Lookup/GenerateRoster.aspx (Active Associate Brokers + Active Responsible Brokers + Active Real Estate Companies rosters),people = Active associate + responsible brokers whose roster Entity Name is the firm,CO,5601 OLDE WADSWORTH BLVD STE 220,ARVADA,CO,80002,,(303) 433-3158,,2026-10-09
"CO:CHERRY CREEK METRO REALTY, INC","CHERRY CREEK METRO REALTY, INC",REMAX OF CHERRY CREEK INC,58,https://apps2.colorado.gov/dre/licensing/Lookup/GenerateRoster.aspx (Active Associate Brokers + Active Responsible Brokers + Active Real Estate Companies rosters),people = Active associate + responsible brokers whose roster Entity Name is the firm,CO,100 JACKSON ST,DENVER,CO,80206,,(303) 320-1556,,2026-10-09
CO:KCWL REAL ESTATE BROKERAGE GROUP LLC,KCWL REAL ESTATE BROKERAGE GROUP LLC,JADE REAL ESTATE,37,https://apps2.colorado.gov/dre/licensing/Lookup/GenerateRoster.aspx (Active Associate Brokers + Active Responsible Brokers + Active Real Estate Companies rosters),people = Active associate + responsible brokers whose roster Entity Name is the firm,CO,2570 LAWRENCE ST,DENVER,CO,80205,,(303) 704-5840,,2026-10-09
CO:MOUNTAIN REFERRALS INC,MOUNTAIN REFERRALS INC,SSF REFERRAL CO,71,https://apps2.colorado.gov/dre/licensing/Lookup/GenerateRoster.aspx (Active Associate Brokers + Active Responsible Brokers + Active Real Estate Companies rosters),people = Active associate + responsible brokers whose roster Entity Name is the firm,CO,PO BOX 2820,AVON,CO,81620,,(970) 845-2002,,2026-10-09
CO:DENVER GOLD LLC,DENVER GOLD LLC,KELLER WILLIAMS TRILOGY,35,https://apps2.colorado.gov/dre/licensing/Lookup/GenerateRoster.aspx (Active Associate Brokers + Active Responsible Brokers + Active Real Estate Companies rosters),people = Active associate + responsible brokers whose roster Entity Name is the firm,CO,3151 S VAUGHN WAY STE 520,AURORA,CO,80014,,(303) 345-3000,,2026-10-09
CO:TRANSWORLD BUSINESS ADVISORS OF CO LLC,TRANSWORLD BUSINESS ADVISORS OF CO LLC,TRANSWORLD BUSINESS ADVISORS,35,https://apps2.colorado.gov/dre/licensing/Lookup/GenerateRoster.aspx (Active Associate Brokers + Active Responsible Brokers + Active Real Estate Companies rosters),people = Active associate + responsible brokers whose roster Entity Name is the firm,CO,5261 S QUEBEC STREET,GREENWOOD VILLAGE,CO,80111,,720-259-5099,,2026-10-09
"CO:COLORADO SPRINGS REAL ESTATE GROUP, LLC","COLORADO SPRINGS REAL ESTATE GROUP, LLC","KELLER WILLIAMS PREMIER REALTY, LLC",72,https://apps2.colorado.gov/dre/licensing/Lookup/GenerateRoster.aspx (Active Associate Brokers + Active Responsible Brokers + Active Real Estate Companies rosters),people = Active associate + responsible brokers whose roster Entity Name is the firm,CO,25 N SPRUCE ST STE 200,COLORADO SPRINGS,CO,80905,,(719) 445-0234,,2026-10-09
CO:IRE INC,IRE INC,ENGEL & VOLKERS DENVER,52,https://apps2.colorado.gov/dre/licensing/Lookup/GenerateRoster.aspx (Active Associate Brokers + Active Responsible Brokers + Active Real Estate Companies rosters),people = Active associate + responsible brokers whose roster Entity Name is the firm,CO,1041 S GAYLORD ST,DENVER,CO,80209,,(720) 692-6563,,2026-10-09
"CO:SPM REALTY, INC","SPM REALTY, INC",ROCKY MOUNTAIN REALTY,38,https://apps2.colorado.gov/dre/licensing/Lookup/GenerateRoster.aspx (Active Associate Brokers + Active Responsible Brokers + Active Real Estate Companies rosters),people = Active associate + responsible brokers whose roster Entity Name is the firm,CO,201 N MAIN ST,PUEBLO,CO,81003,,(719) 369-2178,,2026-10-09
CO:YOU 1ST REALTY LLC,YOU 1ST REALTY LLC,YOU 1ST REALTY COLORADO,46,https://apps2.colorado.gov/dre/licensing/Lookup/GenerateRoster.aspx (Active Associate Brokers + Active Responsible Brokers + Active Real Estate Companies rosters),people = Active associate + responsible brokers whose roster Entity Name is the firm,CO,"5690 DTC BLVD., #530W",GREENWOOD VILLAGE,CO,80111,,(720) 949-5525,,2026-10-09
CO:THE PLATINUM GROUP LLC,THE PLATINUM GROUP LLC,THE PLATINUM GROUP,71,https://apps2.colorado.gov/dre/licensing/Lookup/GenerateRoster.aspx (Active Associate Brokers + Active Responsible Brokers + Active Real Estate Companies rosters),people = Active associate + responsible brokers whose roster Entity Name is the firm,CO,6760 CORPORATE DR STE 300,COLORADO SPRINGS,CO,80919,,(719) 536-4444,,2026-10-09
CO:WRIGHT KINGDOM INC,WRIGHT KINGDOM INC,WK REAL ESTATE,64,https://apps2.colorado.gov/dre/licensing/Lookup/GenerateRoster.aspx (Active Associate Brokers + Active Responsible Brokers + Active Real Estate Companies rosters),people = Active associate + responsible brokers whose roster Entity Name is the firm,CO,4875 PEARL EAST CIR STE 100,BOULDER,CO,80301,,(303) 443-2240,,2026-10-09
"CO:SFRE ASPEN, LLC","SFRE ASPEN, LLC",ENGEL & VOELKERS ASPEN - SNOWMASS,61,https://apps2.colorado.gov/dre/licensing/Lookup/GenerateRoster.aspx (Active Associate Brokers + Active Responsible Brokers + Active Real Estate Companies rosters),people = Active associate + responsible brokers whose roster Entity Name is the firm,CO,533 E HOPKINS AVE,ASPEN,CO,81611,,(970) 925-8400,,2026-10-09
CO:ROB KITTLE INC,ROB KITTLE INC,KITTLE REAL ESTATE,51,https://apps2.colorado.gov/dre/licensing/Lookup/GenerateRoster.aspx (Active Associate Brokers + Active Responsible Brokers + Active Real Estate Companies rosters),people = Active associate + responsible brokers whose roster Entity Name is the firm,CO,300 S HOWES ST,FORT COLLINS,CO,80521,,(970) 460-4444,,2026-10-09
CO:DOUGLAS ELLIMAN OF COLORADO LLC,DOUGLAS ELLIMAN OF COLORADO LLC,DOUGLAS ELLIMAN REAL ESTATE,49,https://apps2.colorado.gov/dre/licensing/Lookup/GenerateRoster.aspx (Active Associate Brokers + Active Responsible Brokers + Active Real Estate Companies rosters),people = Active associate + responsible brokers whose roster Entity Name is the firm,CO,520 E DURANT AVE,ASPEN,CO,81611,,(970) 925-8810,,2026-10-09
CO:COLLIERS BENNETT AND KAHNWEILER INC,COLLIERS BENNETT AND KAHNWEILER INC,COLLIERS INTERNATIONAL,40,https://apps2.colorado.gov/dre/licensing/Lookup/GenerateRoster.aspx (Active Associate Brokers + Active Responsible Brokers + Active Real Estate Companies rosters),people = Active associate + responsible brokers whose roster Entity Name is the firm,CO,4643 S ULSTER ST STE 1000,DENVER,CO,80237,,(303) 745-5800,,2026-10-09
"CO:CONIFER PARTNERS, LLC","CONIFER PARTNERS, LLC",KELLER WILLIAMS FOOTHILLS REALTY,55,https://apps2.colorado.gov/dre/licensing/Lookup/GenerateRoster.aspx (Active Associate Brokers + Active Responsible Brokers + Active Real Estate Companies rosters),people = Active associate + responsible brokers whose roster Entity Name is the firm,CO,26719 PLEASANT PARK RD,CONIFER,CO,80433,,(303) 838-3000,,2026-10-09
CO:REALTY LEADERS LLC,REALTY LEADERS LLC,RE MAX LEADERS,46,https://apps2.colorado.gov/dre/licensing/Lookup/GenerateRoster.aspx (Active Associate Brokers + Active Responsible Brokers + Active Real Estate Companies rosters),people = Active associate + responsible brokers whose roster Entity Name is the firm,CO,12600 E ARAPAHOE RD STE B,CENTENNIAL,CO,80112,,(303) 834-1144,,2026-10-09
"CO:FOURPOINTS 2.0, LLC","FOURPOINTS 2.0, LLC",REALTY ONE GROUP FOURPOINTS COLORADO,46,https://apps2.colorado.gov/dre/licensing/Lookup/GenerateRoster.aspx (Active Associate Brokers + Active Responsible Brokers + Active Real Estate Companies rosters),people = Active associate + responsible brokers whose roster Entity Name is the firm,CO,1389 SCULPTOR DR,LOVELAND,CO,80537,,(970) 405-2839,,2026-10-09
CO:SIGNATURE REAL ESTATE CORPORATION,SIGNATURE REAL ESTATE CORPORATION,,37,https://apps2.colorado.gov/dre/licensing/Lookup/GenerateRoster.aspx (Active Associate Brokers + Active Responsible Brokers + Active Real Estate Companies rosters),people = Active associate + responsible brokers whose roster Entity Name is the firm,CO,550 S WADSWORTH BLVD UNIT 520,LAKEWOOD,CO,80226,,(303) 219-0210,,2026-10-09
CO:PINNACLE REAL ESTATE ADVISORS LLC,PINNACLE REAL ESTATE ADVISORS LLC,,58,https://apps2.colorado.gov/dre/licensing/Lookup/GenerateRoster.aspx (Active Associate Brokers + Active Responsible Brokers + Active Real Estate Companies rosters),people = Active associate + responsible brokers whose roster Entity Name is the firm,CO,1 N BROADWAY STE 300A,DENVER,CO,80203,,(303) 962-9555,,2026-10-09
CO:CODE OF THE WEST REAL ESTATE LLC,CODE OF THE WEST REAL ESTATE LLC,,40,https://apps2.colorado.gov/dre/licensing/Lookup/GenerateRoster.aspx (Active Associate Brokers + Active Responsible Brokers + Active Real Estate Companies rosters),people = Active associate + responsible brokers whose roster Entity Name is the firm,CO,215 S MAIN ST,LA VETA,CO,81055,,(719) 742-3626,,2026-10-09
CO:ROSS REAL ESTATE LTD,ROSS REAL ESTATE LTD,NEWMARK,55,https://apps2.colorado.gov/dre/licensing/Lookup/GenerateRoster.aspx (Active Associate Brokers + Active Responsible Brokers + Active Real Estate Companies rosters),people = Active associate + responsible brokers whose roster Entity Name is the firm,CO,1800 LARIMER ST STE 1700,DENVER,CO,80202,,(303) 892-1111,,2026-10-09
CO:CHRISTIE'S INTERNATIONAL REAL ESTATE ASPEN SNOWMASS LLC,CHRISTIE'S INTERNATIONAL REAL ESTATE ASPEN SNOWMASS LLC,CHRISTIE'S INTERNATIONAL REAL ESTATE COLORADO LLC,60,https://apps2.colorado.gov/dre/licensing/Lookup/GenerateRoster.aspx (Active Associate Brokers + Active Responsible Brokers + Active Real Estate Companies rosters),people = Active associate + responsible brokers whose roster Entity Name is the firm,CO,520 E DURANT AVE STE 205,ASPEN,CO,81611,,(727) 510-7153,,2026-10-09
CO:JLB KLB LLC,JLB KLB LLC,THE AGENCY - DENVER,71,https://apps2.colorado.gov/dre/licensing/Lookup/GenerateRoster.aspx (Active Associate Brokers + Active Responsible Brokers + Active Real Estate Companies rosters),people = Active associate + responsible brokers whose roster Entity Name is the firm,CO,"255 CLAYTON ST, STE 110",DENVER,CO,80206,,(303) 521-5025,,2026-10-09
CO:PUEBLO REAL ESTATE ASSOCIATES LLC,PUEBLO REAL ESTATE ASSOCIATES LLC,REMAX ASSOCIATES,45,https://apps2.colorado.gov/dre/licensing/Lookup/GenerateRoster.aspx (Active Associate Brokers + Active Responsible Brokers + Active Real Estate Companies rosters),people = Active associate + responsible brokers whose roster Entity Name is the firm,CO,1310 US HWY 50 WEST,PUEBLO,CO,81008,,7195838383,,2026-10-09
OR:201012089,BETTER HOMES AND GARDENS REAL ESTATE REALTY PARTNERS,,51,https://orea.elicense.micropact.com/Lookup/GenerateRoster.aspx (Active Individuals + Active Businesses rosters),people = ACTIVE brokers + principal brokers associated to the registered business name (RBN) licence,OR,12550 SE 93RD AVE STE 120,CLACKAMAS,OR,97015,,(503) 698-6600,,2026-10-09
OR:201209497,ELEETE REAL ESTATE,,38,https://orea.elicense.micropact.com/Lookup/GenerateRoster.aspx (Active Individuals + Active Businesses rosters),people = ACTIVE brokers + principal brokers associated to the registered business name (RBN) licence,OR,9200 SW BARNES RD,PORTLAND,OR,97225,,503-2921500,,2026-10-09
OR:201227948,MOVE REAL ESTATE INC.,,61,https://orea.elicense.micropact.com/Lookup/GenerateRoster.aspx (Active Individuals + Active Businesses rosters),people = ACTIVE brokers + principal brokers associated to the registered business name (RBN) licence,OR,216 6TH STREET,OREGON CITY,OR,97045,,(503) 836-2010,,2026-10-09
OR:200803217,JOHN L SCOTT BEND,,52,https://orea.elicense.micropact.com/Lookup/GenerateRoster.aspx (Active Individuals + Active Businesses rosters),people = ACTIVE brokers + principal brokers associated to the registered business name (RBN) licence,OR,50 SW BOND STREET SUITE 1,BEND,OR,97702,,(541) 317-0123,,2026-10-09
OR:201207614,THINK REAL ESTATE,,58,https://orea.elicense.micropact.com/Lookup/GenerateRoster.aspx (Active Individuals + Active Businesses rosters),people = ACTIVE brokers + principal brokers associated to the registered business name (RBN) licence,OR,212 SE 18TH AVE,PORTLAND,OR,97214,,(503) 847-2722,,2026-10-09
OR:201228836,KELLER WILLIAMS REALTY PORTLAND ELITE,,66,https://orea.elicense.micropact.com/Lookup/GenerateRoster.aspx (Active Individuals + Active Businesses rosters),people = ACTIVE brokers + principal brokers associated to the registered business name (RBN) licence,OR,9200 SE SUNNYBROOK BLVD #205,CLACKAMAS,OR,97015,,(503) 516-1637,,2026-10-09
OR:201206855,EQUITY OREGON REAL ESTATE,,61,https://orea.elicense.micropact.com/Lookup/GenerateRoster.aspx (Active Individuals + Active Businesses rosters),people = ACTIVE brokers + principal brokers associated to the registered business name (RBN) licence,OR,"181 N GRANT ST, SUITE #105",CANBY,OR,97013,,(503) 704-9280,,2026-10-09
OR:200107144,"JONES LANG LASALLE AMERICAS, INC",,41,https://orea.elicense.micropact.com/Lookup/GenerateRoster.aspx (Active Individuals + Active Businesses rosters),people = ACTIVE brokers + principal brokers associated to the registered business name (RBN) licence,OR,1120 NW COUCH ST STE 500,PORTLAND,OR,97209,,(503) 972-8000,,2026-10-09
OR:201239925,"EXP COMMERCIAL, LLC",,69,https://orea.elicense.micropact.com/Lookup/GenerateRoster.aspx (Active Individuals + Active Businesses rosters),people = ACTIVE brokers + principal brokers associated to the registered business name (RBN) licence,OR,4800 MEADOWS RD STE 300,LAKE OSWEGO,OR,97035,,(888) 814-9613,,2026-10-09
OR:200803143,"SOLDERA PROPERTIES, INC.",,46,https://orea.elicense.micropact.com/Lookup/GenerateRoster.aspx (Active Individuals + Active Businesses rosters),people = ACTIVE brokers + principal brokers associated to the registered business name (RBN) licence,OR,525 3RD ST,LAKE OSWEGO,OR,97034,,(503) 334-1515,,2026-10-09
OR:200601016,BETTER HOMES AND GARDENS REAL ESTATE EQUINOX,,41,https://orea.elicense.micropact.com/Lookup/GenerateRoster.aspx (Active Individuals + Active Businesses rosters),people = ACTIVE brokers + principal brokers associated to the registered business name (RBN) licence,OR,360 E 11TH AVE,EUGENE,OR,97401,,5416832200,,2026-10-09
OR:200271090,PACIFIC PROPERTIES,,55,https://orea.elicense.micropact.com/Lookup/GenerateRoster.aspx (Active Individuals + Active Businesses rosters),people = ACTIVE brokers + principal brokers associated to the registered business name (RBN) licence,OR,605 N BAYSHORE DR.,COOS BAY,OR,97420,,(541) 269-5263,,2026-10-09
OR:201258668,EPIQUE REALTY,,40,https://orea.elicense.micropact.com/Lookup/GenerateRoster.aspx (Active Individuals + Active Businesses rosters),people = ACTIVE brokers + principal brokers associated to the registered business name (RBN) licence,OR,10260 SW GREENBURG RD FL 4,PORTLAND,OR,97223,,(503) 819-9191,,2026-10-09
OR:200803044,SUNDANCE REALTY LLC,,46,https://orea.elicense.micropact.com/Lookup/GenerateRoster.aspx (Active Individuals + Active Businesses rosters),people = ACTIVE brokers + principal brokers associated to the registered business name (RBN) licence,OR,PO BOX #770,LEBANON,OR,97355,,(580) 583-1459,,2026-10-09
OR:201216267,KELLER WILLIAMS CAPITAL CITY,,59,https://orea.elicense.micropact.com/Lookup/GenerateRoster.aspx (Active Individuals + Active Businesses rosters),people = ACTIVE brokers + principal brokers associated to the registered business name (RBN) licence,OR,1760 LIBERTY ST. SE,SALEM,OR,97302,,(503) 798-4001,,2026-10-09
OR:201224007,MATIN REAL ESTATE,,62,https://orea.elicense.micropact.com/Lookup/GenerateRoster.aspx (Active Individuals + Active Businesses rosters),people = ACTIVE brokers + principal brokers associated to the registered business name (RBN) licence,OR,18825 WILLAMETTE DRIVE,WEST LINN,OR,97068,,(503) 447-3599,,2026-10-09
OR:201210621,HARCOURTS THE GARNER GROUP REAL ESTATE,,48,https://orea.elicense.micropact.com/Lookup/GenerateRoster.aspx (Active Individuals + Active Businesses rosters),people = ACTIVE brokers + principal brokers associated to the registered business name (RBN) licence,OR,2762 NW CROSSING DR,BEND,OR,97703,,(541) 383-4360,,2026-10-09
OR:201216935,ALL PROFESSIONALS REAL ESTATE LLC,,38,https://orea.elicense.micropact.com/Lookup/GenerateRoster.aspx (Active Individuals + Active Businesses rosters),people = ACTIVE brokers + principal brokers associated to the registered business name (RBN) licence,OR,20001 SW TV HWY,BEAVERTON,OR,97003,,(503) 259-2100,,2026-10-09
OR:201242736,WINDERMERE HERITAGE,,68,https://orea.elicense.micropact.com/Lookup/GenerateRoster.aspx (Active Individuals + Active Businesses rosters),people = ACTIVE brokers + principal brokers associated to the registered business name (RBN) licence,OR,960 LIBERTY ST SE STE 250,SALEM,OR,97302,,(503) 930-5512,,2026-10-09
OR:201207293,"FISHER NICHOLSON REALTY, LLC",,38,https://orea.elicense.micropact.com/Lookup/GenerateRoster.aspx (Active Individuals + Active Businesses rosters),people = ACTIVE brokers + principal brokers associated to the registered business name (RBN) licence,OR,403 MAIN ST,KLAMATH FALLS,OR,97601,,(541) 884-1717,,2026-10-09
OR:201218247,ICON REAL ESTATE GROUP,,59,https://orea.elicense.micropact.com/Lookup/GenerateRoster.aspx (Active Individuals + Active Businesses rosters),people = ACTIVE brokers + principal brokers associated to the registered business name (RBN) licence,OR,2655 WILLAMETTE ST,EUGENE,OR,97405,,(541) 915-2080,,2026-10-09
OR:201240885,"REGER HOMES, LLC",,40,https://orea.elicense.micropact.com/Lookup/GenerateRoster.aspx (Active Individuals + Active Businesses rosters),people = ACTIVE brokers + principal brokers associated to the registered business name (RBN) licence,OR,9775 SW WILSHIRE ST # 150,PORTLAND,OR,97225,,(971) 808-8539,,2026-10-09
OR:200910075,"NW REFERRAL SERVICES, LLC",,60,https://orea.elicense.micropact.com/Lookup/GenerateRoster.aspx (Active Individuals + Active Businesses rosters),people = ACTIVE brokers + principal brokers associated to the registered business name (RBN) licence,OR,9600 SW BARNES RD STE 100,PORTLAND,OR,97225,,(503) 646-7826,,2026-10-09
OR:201001089,REALTY REFERRAL,,36,https://orea.elicense.micropact.com/Lookup/GenerateRoster.aspx (Active Individuals + Active Businesses rosters),people = ACTIVE brokers + principal brokers associated to the registered business name (RBN) licence,OR,5832 BALLYMEADE ST SE,SALEM,OR,97306,,(503) 302-9642,,2026-10-09
OR:840300038,JOHN L. SCOTT-SLM,,36,https://orea.elicense.micropact.com/Lookup/GenerateRoster.aspx (Active Individuals + Active Businesses rosters),people = ACTIVE brokers + principal brokers associated to the registered business name (RBN) licence,OR,725 COMMERCIAL ST SE,SALEM,OR,97301,,5035850100,,2026-10-09
OR:201207473,JOHN L. SCOTT - ASHLAND,,49,https://orea.elicense.micropact.com/Lookup/GenerateRoster.aspx (Active Individuals + Active Businesses rosters),people = ACTIVE brokers + principal brokers associated to the registered business name (RBN) licence,OR,320 E MAIN ST,ASHLAND,OR,97520,,(541) 890-1929,,2026-10-09
OR:201231137,REALTY FIRST LLC,,61,https://orea.elicense.micropact.com/Lookup/GenerateRoster.aspx (Active Individuals + Active Businesses rosters),people = ACTIVE brokers + principal brokers associated to the registered business name (RBN) licence,OR,"5200 MEADOWS RD, STE 150",LAKE OSWEGO,OR,97035,,(503) 343-5825,,2026-10-09
OR:201208345,URBAN NEST REALTY,,67,https://orea.elicense.micropact.com/Lookup/GenerateRoster.aspx (Active Individuals + Active Businesses rosters),people = ACTIVE brokers + principal brokers associated to the registered business name (RBN) licence,OR,6336 NE SANDY BLVD,PORTLAND,OR,97213,,(503) 432-8126,,2026-10-09
OR:201105035,EQUITY REFERRAL SERVICES,,62,https://orea.elicense.micropact.com/Lookup/GenerateRoster.aspx (Active Individuals + Active Businesses rosters),people = ACTIVE brokers + principal brokers associated to the registered business name (RBN) licence,OR,9790 SW NIMBUS AVENUE,BEAVERTON,OR,97008,,5036703000,,2026-10-09
OR:201247417,OREGON REFERRAL PARTNERS LLC,,46,https://orea.elicense.micropact.com/Lookup/GenerateRoster.aspx (Active Individuals + Active Businesses rosters),people = ACTIVE brokers + principal brokers associated to the registered business name (RBN) licence,OR,9755 SW BARNES RD,PORTLAND,OR,97225,,(503) 748-8306,,2026-10-09
OR:950300186,"QUALITY REFERRALS, INC",,45,https://orea.elicense.micropact.com/Lookup/GenerateRoster.aspx (Active Individuals + Active Businesses rosters),people = ACTIVE brokers + principal brokers associated to the registered business name (RBN) licence,OR,1205 NE MARTIN LUTHER KING JR BLVD,PORTLAND,OR,97232,,5034193874,,2026-10-09
OR:201206464,LENNAR SALES CORP,,42,https://orea.elicense.micropact.com/Lookup/GenerateRoster.aspx (Active Individuals + Active Businesses rosters),people = ACTIVE brokers + principal brokers associated to the registered business name (RBN) licence,OR,6 CELLINI CT,LAKE OSWEGO,OR,97035,,(360) 258-7900,,2026-10-09
OR:200807121,JOHN L. SCOTT REAL ESTATE GRANTS PASS,,41,https://orea.elicense.micropact.com/Lookup/GenerateRoster.aspx (Active Individuals + Active Businesses rosters),people = ACTIVE brokers + principal brokers associated to the registered business name (RBN) licence,OR,705 NE 7TH ST,GRANTS PASS,OR,97526,,(541) 476-1299,,2026-10-09
OR:200403186,JOHN L. SCOTT MARKET CENTER,,47,https://orea.elicense.micropact.com/Lookup/GenerateRoster.aspx (Active Individuals + Active Businesses rosters),people = ACTIVE brokers + principal brokers associated to the registered business name (RBN) licence,OR,1936 PACIFIC AVE.,FOREST GROVE,OR,97116,,(503) 844-9800,,2026-10-09
OR:201225366,KELLER WILLIAMS PREMIER PARTNERS,,68,https://orea.elicense.micropact.com/Lookup/GenerateRoster.aspx (Active Individuals + Active Businesses rosters),people = ACTIVE brokers + principal brokers associated to the registered business name (RBN) licence,OR,9200 SE SUNNYBROOK BLVD STE 205,CLACKAMAS,OR,97015,,(360) 693-3336,,2026-10-09
OR:200909117,"(W)HERE, INC.",,52,https://orea.elicense.micropact.com/Lookup/GenerateRoster.aspx (Active Individuals + Active Businesses rosters),people = ACTIVE brokers + principal brokers associated to the registered business name (RBN) licence,OR,4475 SW SCHOLLS FERRY RD #110,PORTLAND,OR,97225,,5032926907,,2026-10-09
OR:200903071,UNITED REAL ESTATE PROPERTIES,,65,https://orea.elicense.micropact.com/Lookup/GenerateRoster.aspx (Active Individuals + Active Businesses rosters),people = ACTIVE brokers + principal brokers associated to the registered business name (RBN) licence,OR,1580 VALLEY RIVER DRIVE SUITE 130,EUGENE,OR,97401,,(541) 954-8600,,2026-10-09
OR:991000091,WINDERMERE REALTY TRUST,,58,https://orea.elicense.micropact.com/Lookup/GenerateRoster.aspx (Active Individuals + Active Businesses rosters),people = ACTIVE brokers + principal brokers associated to the registered business name (RBN) licence,OR,807 SW INDUSTRIAL WAY,BEND,OR,97702,,(541) 388-0404,,2026-10-09
OR:790600080,CENTURY 21 NORTH HOMES REALTY,,59,https://orea.elicense.micropact.com/Lookup/GenerateRoster.aspx (Active Individuals + Active Businesses rosters),people = ACTIVE brokers + principal brokers associated to the registered business name (RBN) licence,OR,12901 SE 97TH AVE STE 210,CLACKAMAS,OR,97015,,(503) 652-2260,,2026-10-09
OR:201225132,"CASCADE REAL ESTATE CONSULTANTS, LLC",,50,https://orea.elicense.micropact.com/Lookup/GenerateRoster.aspx (Active Individuals + Active Businesses rosters),people = ACTIVE brokers + principal brokers associated to the registered business name (RBN) licence,OR,650 SW BOND ST STE 100,BEND,OR,97702,,(541) 383-7600,,2026-10-09
OR:200405136,"CAPACITY COMMERCIAL GROUP, LLC",,52,https://orea.elicense.micropact.com/Lookup/GenerateRoster.aspx (Active Individuals + Active Businesses rosters),people = ACTIVE brokers + principal brokers associated to the registered business name (RBN) licence,OR,805 SW BROADWAY SUITE 600,PORTLAND,OR,97205,,(503) 326-9000,,2026-10-09
OR:201208507,1 BERKSHIRE HATHAWAY HOMESERVICES NORTHWEST REAL ESTATE,,40,https://orea.elicense.micropact.com/Lookup/GenerateRoster.aspx (Active Individuals + Active Businesses rosters),people = ACTIVE brokers + principal brokers associated to the registered business name (RBN) licence,OR,"805 SW INDUSTRIAL WAY, SUITE 10",BEND,OR,97702,,(541) 322-8880,,2026-10-09
OR:201110012,"CBRE, INC.",,62,https://orea.elicense.micropact.com/Lookup/GenerateRoster.aspx (Active Individuals + Active Businesses rosters),people = ACTIVE brokers + principal brokers associated to the registered business name (RBN) licence,OR,1300 SW FIFTH AVE SUITE 3500,PORTLAND,OR,97201,,(503) 221-1900,,2026-10-09
OR:201210028,KIDDER MATHEWS,,48,https://orea.elicense.micropact.com/Lookup/GenerateRoster.aspx (Active Individuals + Active Businesses rosters),people = ACTIVE brokers + principal brokers associated to the registered business name (RBN) licence,OR,101 SW MAIN ST STE 1200,PORTLAND,OR,97204,,(503) 221-9900,,2026-10-09
OR:200305233,"COLLIERS INTERNATIONAL OR, LLC",,38,https://orea.elicense.micropact.com/Lookup/GenerateRoster.aspx (Active Individuals + Active Businesses rosters),people = ACTIVE brokers + principal brokers associated to the registered business name (RBN) licence,OR,851 SW 6TH AVE STE 1600,PORTLAND,OR,97204,,(503) 223-3123,,2026-10-09
OR:200403193,"KNIGHTSBRIDGE INTERNATIONAL REAL ESTATE, LLC",,35,https://orea.elicense.micropact.com/Lookup/GenerateRoster.aspx (Active Individuals + Active Businesses rosters),people = ACTIVE brokers + principal brokers associated to the registered business name (RBN) licence,OR,920 NW BOND ST STE 107,BEND,OR,97703,,(541) 312-2113,,2026-10-09
OR:201234823,TRIPLE OAKS REALTY LLC,,52,https://orea.elicense.micropact.com/Lookup/GenerateRoster.aspx (Active Individuals + Active Businesses rosters),people = ACTIVE brokers + principal brokers associated to the registered business name (RBN) licence,OR,1005 GREEN ACRES RD STE 101,EUGENE,OR,97408,,(541) 636-3666,,2026-10-09
OR:201222896,REALTY ONE GROUP PRESTIGE,,52,https://orea.elicense.micropact.com/Lookup/GenerateRoster.aspx (Active Individuals + Active Businesses rosters),people = ACTIVE brokers + principal brokers associated to the registered business name (RBN) licence,OR,15220 NW GREENBRIER PKWY STE 230,BEAVERTON,OR,97006,,(503) 957-1179,,2026-10-09
OR:201255236,THE AGENCY PORTLAND,,54,https://orea.elicense.micropact.com/Lookup/GenerateRoster.aspx (Active Individuals + Active Businesses rosters),people = ACTIVE brokers + principal brokers associated to the registered business name (RBN) licence,OR,500 SW 116 AVE,PORTLAND,OR,97225,,(503) 297-2000,,2026-10-09
OR:201002156,REFERRAL RESOURCES LLC,,51,https://orea.elicense.micropact.com/Lookup/GenerateRoster.aspx (Active Individuals + Active Businesses rosters),people = ACTIVE brokers + principal brokers associated to the registered business name (RBN) licence,OR,733 NW 20TH AVE,PORTLAND,OR,97209,,5032201144,,2026-10-09
OR:201259724,REALTY OF AMERICA LLC,,45,https://orea.elicense.micropact.com/Lookup/GenerateRoster.aspx (Active Individuals + Active Businesses rosters),people = ACTIVE brokers + principal brokers associated to the registered business name (RBN) licence,OR,"555 SE MARTIN LUTHER KING, JR. BLVD. SUITE 105",PORTLAND,OR,97214,,(833) 256-4244,,2026-10-09
OR:200270312,THE NEIL COMPANY REAL ESTATE,,38,https://orea.elicense.micropact.com/Lookup/GenerateRoster.aspx (Active Individuals + Active Businesses rosters),people = ACTIVE brokers + principal brokers associated to the registered business name (RBN) licence,OR,2245 STEWART PARKWAY,ROSEBURG,OR,97471,,(541) 673-4417,,2026-10-09
OR:980300043,WINDERMERE REAL ESTATE/LANE COUNTY,,69,https://orea.elicense.micropact.com/Lookup/GenerateRoster.aspx (Active Individuals + Active Businesses rosters),people = ACTIVE brokers + principal brokers associated to the registered business name (RBN) licence,OR,1600 OAK STREET,EUGENE,OR,97401,,(541) 484-2022,,2026-10-09
OR:201226172,"SEKISUI HOUSE PNW, INC.",,41,https://orea.elicense.micropact.com/Lookup/GenerateRoster.aspx (Active Individuals + Active Businesses rosters),people = ACTIVE brokers + principal brokers associated to the registered business name (RBN) licence,OR,10631 SE HERITAGE RD,HAPPY VALLEY,OR,97086,,(503) 930-8018,,2026-10-09
OR:200408207,SMI REAL ESTATE,,40,https://orea.elicense.micropact.com/Lookup/GenerateRoster.aspx (Active Individuals + Active Businesses rosters),people = ACTIVE brokers + principal brokers associated to the registered business name (RBN) licence,OR,3625 RIVER RD N STE 250,KEIZER,OR,97303,,5033906060,,2026-10-09
OR:200102158,"COLDWELL BANKER MOUNTAIN WEST REAL ESTATE, INC.",,39,https://orea.elicense.micropact.com/Lookup/GenerateRoster.aspx (Active Individuals + Active Businesses rosters),people = ACTIVE brokers + principal brokers associated to the registered business name (RBN) licence,OR,235 UNION ST NE,SALEM,OR,97301,,(503) 364-9596,,2026-10-09
OR:200703266,BELLA CASA REAL ESTATE GROUP,,35,https://orea.elicense.micropact.com/Lookup/GenerateRoster.aspx (Active Individuals + Active Businesses rosters),people = ACTIVE brokers + principal brokers associated to the registered business name (RBN) licence,OR,207 NE 19TH ST STE 100,MCMINNVILLE,OR,97128,,(503) 437-9005,,2026-10-09
OH:REC.2014004309,"NORTHWOOD REALTY REFERRAL CO., INC.",,59,https://elicense3.com.ohio.gov/Lookup/GenerateRoster.aspx (Real Estate and Profession Licensing roster),people = ACTIVE salespersons (incl. management level) whose employer credential is the firm (brokers not linked in OH data),OH,1315 BOARDMAN CANFIELD RD STE 9,BOARDMAN,OH,44512,,,,2026-10-09
OH:REC.2020008166,"EXP COMMERCIAL, LLC",,61,https://elicense3.com.ohio.gov/Lookup/GenerateRoster.aspx (Real Estate and Profession Licensing roster),people = ACTIVE salespersons (incl. management level) whose employer credential is the firm (brokers not linked in OH data),OH,6100 OAK TREE BLVD STE 200,INDEPENDENCE,OH,44131,,,,2026-10-09
OH:REC.2018000804,GVMRE LLC,,42,https://elicense3.com.ohio.gov/Lookup/GenerateRoster.aspx (Real Estate and Profession Licensing roster),people = ACTIVE salespersons (incl. management level) whose employer credential is the firm (brokers not linked in OH data),OH,82 MILL ST,GAHANNA,OH,43230,,,,2026-10-09
OH:REC.0000437705,"REALTYOHIO, INC.",,37,https://elicense3.com.ohio.gov/Lookup/GenerateRoster.aspx (Real Estate and Profession Licensing roster),people = ACTIVE salespersons (incl. management level) whose employer credential is the firm (brokers not linked in OH data),OH,1281 WORTHINGTON WOODS BLVD,WORTHINGTON,OH,43085,,,,2026-10-09
OH:REC.2020004953,"DI LUSSO REAL ESTATE, LTD",,53,https://elicense3.com.ohio.gov/Lookup/GenerateRoster.aspx (Real Estate and Profession Licensing roster),people = ACTIVE salespersons (incl. management level) whose employer credential is the firm (brokers not linked in OH data),OH,260 SHALE RIDGE CT,COLUMBUS,OH,43235,,,,2026-10-09
OH:REC.0000434774,J & J LLP,,36,https://elicense3.com.ohio.gov/Lookup/GenerateRoster.aspx (Real Estate and Profession Licensing roster),people = ACTIVE salespersons (incl. management level) whose employer credential is the firm (brokers not linked in OH data),OH,250 W MAIN ST,SAINT CLAIRSVILLE,OH,43950,,,,2026-10-09
OH:REC.2002003852,"PREMIERE PROPERTIES, INC.",,43,https://elicense3.com.ohio.gov/Lookup/GenerateRoster.aspx (Real Estate and Profession Licensing roster),people = ACTIVE salespersons (incl. management level) whose employer credential is the firm (brokers not linked in OH data),OH,31100 PINETREE RD STE 125,PEPPER PIKE,OH,44124,,,,2026-10-09
OH:REC.2006000103,"TEAM SEAGRAVES, INC.",,49,https://elicense3.com.ohio.gov/Lookup/GenerateRoster.aspx (Real Estate and Profession Licensing roster),people = ACTIVE salespersons (incl. management level) whose employer credential is the firm (brokers not linked in OH data),OH,8900 N DIXIE DR,DAYTON,OH,45414,,,,2026-10-09
OH:REC.2020000431,DREAM HUGE REALTY LLC,,50,https://elicense3.com.ohio.gov/Lookup/GenerateRoster.aspx (Real Estate and Profession Licensing roster),people = ACTIVE salespersons (incl. management level) whose employer credential is the firm (brokers not linked in OH data),OH,1336 PARK AVE W,MANSFIELD,OH,44906,,,,2026-10-09
OH:REC.0000257874,"RICHARD T. KIKO AGENCY, INC.",,53,https://elicense3.com.ohio.gov/Lookup/GenerateRoster.aspx (Real Estate and Profession Licensing roster),people = ACTIVE salespersons (incl. management level) whose employer credential is the firm (brokers not linked in OH data),OH,2722 FULTON DR NW,CANTON,OH,44718,,,,2026-10-09
OH:REC.2018003668,JAMES CONWAY LLC,,45,https://elicense3.com.ohio.gov/Lookup/GenerateRoster.aspx (Real Estate and Profession Licensing roster),people = ACTIVE salespersons (incl. management level) whose employer credential is the firm (brokers not linked in OH data),OH,1794 MARION WALDO RD,MARION,OH,43302,,,,2026-10-09
OH:REC.2010002856,BEST HOMES REAL ESTATE LTD,,44,https://elicense3.com.ohio.gov/Lookup/GenerateRoster.aspx (Real Estate and Profession Licensing roster),people = ACTIVE salespersons (incl. management level) whose employer credential is the firm (brokers not linked in OH data),OH,545 DENMOOR CT,GALLOWAY,OH,43119,,,,2026-10-09
OH:REC.2016006437,RISE REALTY AND MANAGEMENT CO.,,70,https://elicense3.com.ohio.gov/Lookup/GenerateRoster.aspx (Real Estate and Profession Licensing roster),people = ACTIVE salespersons (incl. management level) whose employer credential is the firm (brokers not linked in OH data),OH,355 E MAIN ST,LANCASTER,OH,43130,,,,2026-10-09
OH:REC.2011000361,"KEY ASSOCIATES OF OHIO, LLC",,35,https://elicense3.com.ohio.gov/Lookup/GenerateRoster.aspx (Real Estate and Profession Licensing roster),people = ACTIVE salespersons (incl. management level) whose employer credential is the firm (brokers not linked in OH data),OH,6800 W CENTRAL AVE STE B,TOLEDO,OH,43617,,,,2026-10-09
OH:REC.2016001915,TOTI LLC,,56,https://elicense3.com.ohio.gov/Lookup/GenerateRoster.aspx (Real Estate and Profession Licensing roster),people = ACTIVE salespersons (incl. management level) whose employer credential is the firm (brokers not linked in OH data),OH,5250 FAR HILLS AVE STE 100,DAYTON,OH,45429,,,,2026-10-09
OH:REC.2002019290,OHIO FAMILY REALTY INC.,,39,https://elicense3.com.ohio.gov/Lookup/GenerateRoster.aspx (Real Estate and Profession Licensing roster),people = ACTIVE salespersons (incl. management level) whose employer credential is the firm (brokers not linked in OH data),OH,125 HILLIARD RD,ELYRIA,OH,44035,,,,2026-10-09
OH:REC.2011002981,"ONE REALTY GROUP, LLC",,67,https://elicense3.com.ohio.gov/Lookup/GenerateRoster.aspx (Real Estate and Profession Licensing roster),people = ACTIVE salespersons (incl. management level) whose employer credential is the firm (brokers not linked in OH data),OH,1131 HILL RD N,PICKERINGTON,OH,43147,,,,2026-10-09
OH:REC.2016004517,DAVID & VADIM VENTURES LLC,,73,https://elicense3.com.ohio.gov/Lookup/GenerateRoster.aspx (Real Estate and Profession Licensing roster),people = ACTIVE salespersons (incl. management level) whose employer credential is the firm (brokers not linked in OH data),OH,6797 N HIGH ST STE 131,WORTHINGTON,OH,43085,,,,2026-10-09
OH:REC.0000428702,"ADENA COMMERCIAL, LLC",,57,https://elicense3.com.ohio.gov/Lookup/GenerateRoster.aspx (Real Estate and Profession Licensing roster),people = ACTIVE salespersons (incl. management level) whose employer credential is the firm (brokers not linked in OH data),OH,2 MIRANOVA PL STE 900,COLUMBUS,OH,43215,,,,2026-10-09
OH:REC.2022000497,"CARLETON REALTY REFERRAL COMPANY, LLC",,40,https://elicense3.com.ohio.gov/Lookup/GenerateRoster.aspx (Real Estate and Profession Licensing roster),people = ACTIVE salespersons (incl. management level) whose employer credential is the firm (brokers not linked in OH data),OH,580 W SCHROCK RD,WESTERVILLE,OH,43081,,,,2026-10-09
OH:REC.0000313779,"LEPI & ASSOCIATES, LLC",,40,https://elicense3.com.ohio.gov/Lookup/GenerateRoster.aspx (Real Estate and Profession Licensing roster),people = ACTIVE salespersons (incl. management level) whose employer credential is the firm (brokers not linked in OH data),OH,1257 MAPLE AVE,ZANESVILLE,OH,43701,,,,2026-10-09
OH:REC.0000088918,"DEHOFF AGENCY, INC.",,49,https://elicense3.com.ohio.gov/Lookup/GenerateRoster.aspx (Real Estate and Profession Licensing roster),people = ACTIVE salespersons (incl. management level) whose employer credential is the firm (brokers not linked in OH data),OH,821 S MAIN ST,NORTH CANTON,OH,44720,,,,2026-10-09
OH:REC.2024006258,CEDAR ONE REALTY LLC,,52,https://elicense3.com.ohio.gov/Lookup/GenerateRoster.aspx (Real Estate and Profession Licensing roster),people = ACTIVE salespersons (incl. management level) whose employer credential is the firm (brokers not linked in OH data),OH,143 CANTON RD,WINTERSVILLE,OH,43953,,,,2026-10-09
OH:REC.2008002942,"NPK REFERRAL REALTY, LLC",,39,https://elicense3.com.ohio.gov/Lookup/GenerateRoster.aspx (Real Estate and Profession Licensing roster),people = ACTIVE salespersons (incl. management level) whose employer credential is the firm (brokers not linked in OH data),OH,1 EASTON OVAL STE 100,COLUMBUS,OH,43219,,,,2026-10-09
OH:REC.0000394437,"PREMIER RESIDENTIAL GROUP, INC.",,45,https://elicense3.com.ohio.gov/Lookup/GenerateRoster.aspx (Real Estate and Profession Licensing roster),people = ACTIVE salespersons (incl. management level) whose employer credential is the firm (brokers not linked in OH data),OH,1560 FISHINGER RD,COLUMBUS,OH,43221,,,,2026-10-09
OH:REC.2019001580,REAF COMPANY LLC,,35,https://elicense3.com.ohio.gov/Lookup/GenerateRoster.aspx (Real Estate and Profession Licensing roster),people = ACTIVE salespersons (incl. management level) whose employer credential is the firm (brokers not linked in OH data),OH,765 PARSONS AVE,COLUMBUS,OH,43206,,,,2026-10-09
OH:REC.2009003881,ASA COX INC.,,68,https://elicense3.com.ohio.gov/Lookup/GenerateRoster.aspx (Real Estate and Profession Licensing roster),people = ACTIVE salespersons (incl. management level) whose employer credential is the firm (brokers not linked in OH data),OH,2709 N RIDGE RD,PAINESVILLE,OH,44077,,,,2026-10-09
OH:REC.0000415402,"ACHIEVERS, INC.",,35,https://elicense3.com.ohio.gov/Lookup/GenerateRoster.aspx (Real Estate and Profession Licensing roster),people = ACTIVE salespersons (incl. management level) whose employer credential is the firm (brokers not linked in OH data),OH,155 GREEN MEADOWS DR S,LEWIS CENTER,OH,43035,,,,2026-10-09
OH:REC.2019000049,"HOMESTAR REAL ESTATE NETWORK, LLC",,75,https://elicense3.com.ohio.gov/Lookup/GenerateRoster.aspx (Real Estate and Profession Licensing roster),people = ACTIVE salespersons (incl. management level) whose employer credential is the firm (brokers not linked in OH data),OH,31320 SOLON RD STE 17,SOLON,OH,44139,,,,2026-10-09
OH:REC.2022007733,"THE RAINES GROUP, INC.",,40,https://elicense3.com.ohio.gov/Lookup/GenerateRoster.aspx (Real Estate and Profession Licensing roster),people = ACTIVE salespersons (incl. management level) whose employer credential is the firm (brokers not linked in OH data),OH,6525 W CAMPUS OVAL STE 200,NEW ALBANY,OH,43054,,,,2026-10-09
OH:REC.0000432102,"JONES LANG LASALLE AMERICAS, INC.",,74,https://elicense3.com.ohio.gov/Lookup/GenerateRoster.aspx (Real Estate and Profession Licensing roster),people = ACTIVE salespersons (incl. management level) whose employer credential is the firm (brokers not linked in OH data),OH,127 PUBLIC SQ STE 1430,CLEVELAND,OH,44114,,,,2026-10-09
OH:REC.2015004215,"WILLOW CREEK COMPANY II, INC.",,39,https://elicense3.com.ohio.gov/Lookup/GenerateRoster.aspx (Real Estate and Profession Licensing roster),people = ACTIVE salespersons (incl. management level) whose employer credential is the firm (brokers not linked in OH data),OH,343 W MILLTOWN RD STE D,WOOSTER,OH,44691,,,,2026-10-09
OH:REC.2019006792,RED 1 REALTY HOLDING LLC,,59,https://elicense3.com.ohio.gov/Lookup/GenerateRoster.aspx (Real Estate and Profession Licensing roster),people = ACTIVE salespersons (incl. management level) whose employer credential is the firm (brokers not linked in OH data),OH,14787 PALMER RD SW,ETNA,OH,43068,,,,2026-10-09
OH:REC.2022003053,"INFINITY REAL ESTATE GROUP, LLC",,35,https://elicense3.com.ohio.gov/Lookup/GenerateRoster.aspx (Real Estate and Profession Licensing roster),people = ACTIVE salespersons (incl. management level) whose employer credential is the firm (brokers not linked in OH data),OH,207 CHERRY ST E,CANAL FULTON,OH,44614,,,,2026-10-09
OH:REC.0000425001,"MAX REFERRAL REALTY, INC.",,49,https://elicense3.com.ohio.gov/Lookup/GenerateRoster.aspx (Real Estate and Profession Licensing roster),people = ACTIVE salespersons (incl. management level) whose employer credential is the firm (brokers not linked in OH data),OH,7870 E KEMPER RD STE 100,CINCINNATI,OH,45249,,,,2026-10-09
OH:REC.2005014242,CCR REALTY,,56,https://elicense3.com.ohio.gov/Lookup/GenerateRoster.aspx (Real Estate and Profession Licensing roster),people = ACTIVE salespersons (incl. management level) whose employer credential is the firm (brokers not linked in OH data),OH,1737 ALLENTOWN RD,LIMA,OH,45805,,,,2026-10-09
OH:REC.2006003629,"HAYES REALTY, INC.",,35,https://elicense3.com.ohio.gov/Lookup/GenerateRoster.aspx (Real Estate and Profession Licensing roster),people = ACTIVE salespersons (incl. management level) whose employer credential is the firm (brokers not linked in OH data),OH,4368 DRESSLER RD NW STE 104,CANTON,OH,44718,,,,2026-10-09
OH:REC.0000369743,"RELOCATION ONE, INC.",,50,https://elicense3.com.ohio.gov/Lookup/GenerateRoster.aspx (Real Estate and Profession Licensing roster),people = ACTIVE salespersons (incl. management level) whose employer credential is the firm (brokers not linked in OH data),OH,4618 DRESSLER RD NW,CANTON,OH,44718,,,,2026-10-09
OH:REC.2006007472,HOME CENTRAL REALTY LLC,,41,https://elicense3.com.ohio.gov/Lookup/GenerateRoster.aspx (Real Estate and Profession Licensing roster),people = ACTIVE salespersons (incl. management level) whose employer credential is the firm (brokers not linked in OH data),OH,897 EASTWIND DR,WESTERVILLE,OH,43081,,,,2026-10-09
OH:REC.2010003665,METRO PLUS,,46,https://elicense3.com.ohio.gov/Lookup/GenerateRoster.aspx (Real Estate and Profession Licensing roster),people = ACTIVE salespersons (incl. management level) whose employer credential is the firm (brokers not linked in OH data),OH,502 S 3RD ST,COLUMBUS,OH,43215,,,,2026-10-09
OH:REC.0000284064,DEPIERO & ASSOCIATES INC,,60,https://elicense3.com.ohio.gov/Lookup/GenerateRoster.aspx (Real Estate and Profession Licensing roster),people = ACTIVE salespersons (incl. management level) whose employer credential is the firm (brokers not linked in OH data),OH,5581 RIDGE RD,PARMA,OH,44129,,,,2026-10-09
OH:REC.0000258024,BURGAN REAL ESTATE LTD INC,,35,https://elicense3.com.ohio.gov/Lookup/GenerateRoster.aspx (Real Estate and Profession Licensing roster),people = ACTIVE salespersons (incl. management level) whose employer credential is the firm (brokers not linked in OH data),OH,5335 MARKET ST,BOARDMAN,OH,44512,,,,2026-10-09
OH:REC.0000190520,SLUSS REALTY CO,,73,https://elicense3.com.ohio.gov/Lookup/GenerateRoster.aspx (Real Estate and Profession Licensing roster),people = ACTIVE salespersons (incl. management level) whose employer credential is the firm (brokers not linked in OH data),OH,1641 PARK AVE W,ONTARIO,OH,44906,,,,2026-10-09
OH:REC.2019000833,"WOODROW REAL ESTATE, LLC",,44,https://elicense3.com.ohio.gov/Lookup/GenerateRoster.aspx (Real Estate and Profession Licensing roster),people = ACTIVE salespersons (incl. management level) whose employer credential is the firm (brokers not linked in OH data),OH,511 MAIN ST STE A,GROVEPORT,OH,43125,,,,2026-10-09
OH:REC.0000384227,STREET REALTY,,51,https://elicense3.com.ohio.gov/Lookup/GenerateRoster.aspx (Real Estate and Profession Licensing roster),people = ACTIVE salespersons (incl. management level) whose employer credential is the firm (brokers not linked in OH data),OH,2126 TREMONT CTR,COLUMBUS,OH,43221,,,,2026-10-09
OH:REC.2015005424,COLUMBUS REALTY TEAM LLC,,55,https://elicense3.com.ohio.gov/Lookup/GenerateRoster.aspx (Real Estate and Profession Licensing roster),people = ACTIVE salespersons (incl. management level) whose employer credential is the firm (brokers not linked in OH data),OH,116 GRANVILLE ST,GAHANNA,OH,43230,,,,2026-10-09
OH:REC.0000396124,"REALTY REFERRAL ASSOC., INC.",,48,https://elicense3.com.ohio.gov/Lookup/GenerateRoster.aspx (Real Estate and Profession Licensing roster),people = ACTIVE salespersons (incl. management level) whose employer credential is the firm (brokers not linked in OH data),OH,3242 EXECUTIVE PKWY STE 203,TOLEDO,OH,43606,,,,2026-10-09
OH:REC.2022005620,"JBRC, INC",,37,https://elicense3.com.ohio.gov/Lookup/GenerateRoster.aspx (Real Estate and Profession Licensing roster),people = ACTIVE salespersons (incl. management level) whose employer credential is the firm (brokers not linked in OH data),OH,6192 MUHLHAUSER RD,WEST CHESTER,OH,45069,,,,2026-10-09
OH:REC.2014001207,4TH GENERATION BOLTE LLC,,45,https://elicense3.com.ohio.gov/Lookup/GenerateRoster.aspx (Real Estate and Profession Licensing roster),people = ACTIVE salespersons (incl. management level) whose employer credential is the firm (brokers not linked in OH data),OH,124 E 2ND ST,PORT CLINTON,OH,43452,,,,2026-10-09
OH:REC.0000441368,MARCUS & MILLICHAP REAL ESTATE INVESTMENT SERVICES,,63,https://elicense3.com.ohio.gov/Lookup/GenerateRoster.aspx (Real Estate and Profession Licensing roster),people = ACTIVE salespersons (incl. management level) whose employer credential is the firm (brokers not linked in OH data),OH,500 NEIL AVE STE 100,COLUMBUS,OH,43215,,,,2026-10-09
OH:REC.2021007063,CAROL GOFF & ASSOCIATES LLC,,62,https://elicense3.com.ohio.gov/Lookup/GenerateRoster.aspx (Real Estate and Profession Licensing roster),people = ACTIVE salespersons (incl. management level) whose employer credential is the firm (brokers not linked in OH data),OH,1108 MAPLE AVE,ZANESVILLE,OH,43701,,,,2026-10-09
OH:REC.2023002864,"THE WESTWOOD REAL ESTATE CO., LTD.",,36,https://elicense3.com.ohio.gov/Lookup/GenerateRoster.aspx (Real Estate and Profession Licensing roster),people = ACTIVE salespersons (incl. management level) whose employer credential is the firm (brokers not linked in OH data),OH,3914 BROWN PARK DR,HILLIARD,OH,43026,,,,2026-10-09
OH:REC.2023005953,CLEVELAND NORTHCOAST,,39,https://elicense3.com.ohio.gov/Lookup/GenerateRoster.aspx (Real Estate and Profession Licensing roster),people = ACTIVE salespersons (incl. management level) whose employer credential is the firm (brokers not linked in OH data),OH,14 1/2 MAIN ST,CHAGRIN FALLS,OH,44022,,,,2026-10-09
OH:REC.0000202101,"GENEVA CHERVENIC REALTY, INC.",,74,https://elicense3.com.ohio.gov/Lookup/GenerateRoster.aspx (Real Estate and Profession Licensing roster),people = ACTIVE salespersons (incl. management level) whose employer credential is the firm (brokers not linked in OH data),OH,3019 PETERBORO DR,STOW,OH,44224,,,,2026-10-09
OH:REC.2013002671,"DISTINCTIVE REAL ESTATE SERVICES, LLC",,42,https://elicense3.com.ohio.gov/Lookup/GenerateRoster.aspx (Real Estate and Profession Licensing roster),people = ACTIVE salespersons (incl. management level) whose employer credential is the firm (brokers not linked in OH data),OH,260 NORTHLAND BLVD STE 304B,CINCINNATI,OH,45246,,,,2026-10-09
OH:REC.0000162391,HAVEN REALTY INC,,35,https://elicense3.com.ohio.gov/Lookup/GenerateRoster.aspx (Real Estate and Profession Licensing roster),people = ACTIVE salespersons (incl. management level) whose employer credential is the firm (brokers not linked in OH data),OH,5306 TRANSPORTATION BLVD,GARFIELD HEIGHTS,OH,44125,,,,2026-10-09
OH:REC.2019003388,"IRONGATE HAWTHORN HILL REALTY, LLC",,74,https://elicense3.com.ohio.gov/Lookup/GenerateRoster.aspx (Real Estate and Profession Licensing roster),people = ACTIVE salespersons (incl. management level) whose employer credential is the firm (brokers not linked in OH data),OH,1353 LYONS RD,DAYTON,OH,45458,,,,2026-10-09
OH:REC.0000334911,"AFFILIATES, INC",,43,https://elicense3.com.ohio.gov/Lookup/GenerateRoster.aspx (Real Estate and Profession Licensing roster),people = ACTIVE salespersons (incl. management level) whose employer credential is the firm (brokers not linked in OH data),OH,7239 SAWMILL RD STE 210,DUBLIN,OH,43016,,,,2026-10-09
OH:REC.2013001144,"CHASLO REALTY, INC.",,36,https://elicense3.com.ohio.gov/Lookup/GenerateRoster.aspx (Real Estate and Profession Licensing roster),people = ACTIVE salespersons (incl. management level) whose employer credential is the firm (brokers not linked in OH data),OH,2103 TIFFIN AVE,FINDLAY,OH,45840,,,,2026-10-09
OH:REC.2014004904,REDFIN CORPORATION,,55,https://elicense3.com.ohio.gov/Lookup/GenerateRoster.aspx (Real Estate and Profession Licensing roster),people = ACTIVE salespersons (incl. management level) whose employer credential is the firm (brokers not linked in OH data),OH,100 PUBLIC SQ STE 5101,CLEVELAND,OH,44113,,,,2026-10-09
OH:REC.2025000242,"ROLLS REALTY, LLC",,38,https://elicense3.com.ohio.gov/Lookup/GenerateRoster.aspx (Real Estate and Profession Licensing roster),people = ACTIVE salespersons (incl. management level) whose employer credential is the firm (brokers not linked in OH data),OH,6706 HARRIOTT RD,POWELL,OH,43065,,,,2026-10-09
OH:REC.0000331236,TOWN & COUNTRY REALTY,,37,https://elicense3.com.ohio.gov/Lookup/GenerateRoster.aspx (Real Estate and Profession Licensing roster),people = ACTIVE salespersons (incl. management level) whose employer credential is the firm (brokers not linked in OH data),OH,807 ADAIR AVE,ZANESVILLE,OH,43701,,,,2026-10-09
OH:REC.2021000951,"CRESCO, LTD.",,43,https://elicense3.com.ohio.gov/Lookup/GenerateRoster.aspx (Real Estate and Profession Licensing roster),people = ACTIVE salespersons (incl. management level) whose employer credential is the firm (brokers not linked in OH data),OH,6100 ROCKSIDE WOODS BLVD N,INDEPENDENCE,OH,44131,,,,2026-10-09
OH:REC.2014004348,"FRANCHISE GUY, LLC",,45,https://elicense3.com.ohio.gov/Lookup/GenerateRoster.aspx (Real Estate and Profession Licensing roster),people = ACTIVE salespersons (incl. management level) whose employer credential is the firm (brokers not linked in OH data),OH,6828 LOOP RD,CENTERVILLE,OH,45459,,,,2026-10-09
OH:REC.2003021103,"WESTERN RESERVE REALTY, LLC",,43,https://elicense3.com.ohio.gov/Lookup/GenerateRoster.aspx (Real Estate and Profession Licensing roster),people = ACTIVE salespersons (incl. management level) whose employer credential is the firm (brokers not linked in OH data),OH,26 S MAIN ST,CHAGRIN FALLS,OH,44022,,,,2026-10-09
OH:REC.2011001623,"KAUFMAN REALTY & AUCTION, LLC",,71,https://elicense3.com.ohio.gov/Lookup/GenerateRoster.aspx (Real Estate and Profession Licensing roster),people = ACTIVE salespersons (incl. management level) whose employer credential is the firm (brokers not linked in OH data),OH,1047 W MAIN ST,SUGARCREEK,OH,44681,,,,2026-10-09
OH:REC.2014001048,"RUSSELL REFERRAL SERVICES, LLC",,45,https://elicense3.com.ohio.gov/Lookup/GenerateRoster.aspx (Real Estate and Profession Licensing roster),people = ACTIVE salespersons (incl. management level) whose employer credential is the firm (brokers not linked in OH data),OH,12190 PEARL RD,STRONGSVILLE,OH,44136,,,,2026-10-09
OH:REC.0000231363,"LUCIEN & ASSOC., INC.",,39,https://elicense3.com.ohio.gov/Lookup/GenerateRoster.aspx (Real Estate and Profession Licensing roster),people = ACTIVE salespersons (incl. management level) whose employer credential is the firm (brokers not linked in OH data),OH,18630 DETROIT AVE,LAKEWOOD,OH,44107,,,,2026-10-09
OH:REC.2013003394,"HANNA COMMERCIAL, LLC",,46,https://elicense3.com.ohio.gov/Lookup/GenerateRoster.aspx (Real Estate and Profession Licensing roster),people = ACTIVE salespersons (incl. management level) whose employer credential is the firm (brokers not linked in OH data),OH,6000 PARKLAND BLVD,MAYFIELD HEIGHTS,OH,44124,,,,2026-10-09
OH:REC.0000436898,OHIO EQUITIES LLC,,43,https://elicense3.com.ohio.gov/Lookup/GenerateRoster.aspx (Real Estate and Profession Licensing roster),people = ACTIVE salespersons (incl. management level) whose employer credential is the firm (brokers not linked in OH data),OH,605 S FRONT ST STE 200,COLUMBUS,OH,43215,,,,2026-10-09
OH:REC.0000434629,"LASHER ENT., INC.",,47,https://elicense3.com.ohio.gov/Lookup/GenerateRoster.aspx (Real Estate and Profession Licensing roster),people = ACTIVE salespersons (incl. management level) whose employer credential is the firm (brokers not linked in OH data),OH,3473 MASSILLON RD,UNIONTOWN,OH,44685,,,,2026-10-09
OH:REC.2011001793,LOHMILLER ENTERPRISES LLC,,48,https://elicense3.com.ohio.gov/Lookup/GenerateRoster.aspx (Real Estate and Profession Licensing roster),people = ACTIVE salespersons (incl. management level) whose employer credential is the firm (brokers not linked in OH data),OH,3654 EDWARDS RD STE 200,CINCINNATI,OH,45208,,,,2026-10-09
OH:REC.0000350234,HARING REALTY INC,,42,https://elicense3.com.ohio.gov/Lookup/GenerateRoster.aspx (Real Estate and Profession Licensing roster),people = ACTIVE salespersons (incl. management level) whose employer credential is the firm (brokers not linked in OH data),OH,1180 LEXINGTON AVE,MANSFIELD,OH,44907,,,,2026-10-09
OH:REC.2015003694,SCHMIDT REFERRAL NETWORK OHIO LLC,,51,https://elicense3.com.ohio.gov/Lookup/GenerateRoster.aspx (Real Estate and Profession Licensing roster),people = ACTIVE salespersons (incl. management level) whose employer credential is the firm (brokers not linked in OH data),OH,9293 STATE ROUTE 43 STE B,STREETSBORO,OH,44241,,,,2026-10-09
OH:REC.2002004711,"TRIUMPH REALTY, INC.",,54,https://elicense3.com.ohio.gov/Lookup/GenerateRoster.aspx (Real Estate and Profession Licensing roster),people = ACTIVE salespersons (incl. management level) whose employer credential is the firm (brokers not linked in OH data),OH,189 S LIBERTY ST,POWELL,OH,43065,,,,2026-10-09
OH:REC.2022006444,CAPITAL PARTNERS REFERRALS LLC,,38,https://elicense3.com.ohio.gov/Lookup/GenerateRoster.aspx (Real Estate and Profession Licensing roster),people = ACTIVE salespersons (incl. management level) whose employer credential is the firm (brokers not linked in OH data),OH,100 E WILSON BRIDGE RD,WORTHINGTON,OH,43085,,,,2026-10-09
OH:REC.2015002908,SIMON SALHANY REALTY INC.,,35,https://elicense3.com.ohio.gov/Lookup/GenerateRoster.aspx (Real Estate and Profession Licensing roster),people = ACTIVE salespersons (incl. management level) whose employer credential is the firm (brokers not linked in OH data),OH,205 PORTAGE TRAIL EXT W,CUYAHOGA FALLS,OH,44223,,,,2026-10-09
OH:REC.2015000761,"AO REAL ESTATE, LLC",,35,https://elicense3.com.ohio.gov/Lookup/GenerateRoster.aspx (Real Estate and Profession Licensing roster),people = ACTIVE salespersons (incl. management level) whose employer credential is the firm (brokers not linked in OH data),OH,7461 WORTHINGTON GALENA RD,WORTHINGTON,OH,43085,,,,2026-10-09
NV:ORANGE REALTY GROUP,ORANGE REALTY GROUP,,44,https://red.nv.gov/uploadedFiles/rednvgov/Content/Administration/Public_Records/NRED-ACTIVE-SALESPERSONS.xlsx ; NRED-ACTIVE-BROKER-SALESPERSONS.xlsx,people = active salespersons + broker-salespersons whose Company is the firm (firm key = company name),NV,6230 MCLEOD DR STE 100,LAS VEGAS,NV,89120,,,,2026-10-09
NV:LAS VEGAS SOTHEBY'S INTERNATIONAL REALTY,LAS VEGAS SOTHEBY'S INTERNATIONAL REALTY,,65,https://red.nv.gov/uploadedFiles/rednvgov/Content/Administration/Public_Records/NRED-ACTIVE-SALESPERSONS.xlsx ; NRED-ACTIVE-BROKER-SALESPERSONS.xlsx,people = active salespersons + broker-salespersons whose Company is the firm (firm key = company name),NV,8548 ROZITA LEE #100,LAS VEGAS,NV,89133,,,,2026-10-09
NV:EPIQUE REALTY,EPIQUE REALTY,,64,https://red.nv.gov/uploadedFiles/rednvgov/Content/Administration/Public_Records/NRED-ACTIVE-SALESPERSONS.xlsx ; NRED-ACTIVE-BROKER-SALESPERSONS.xlsx,people = active salespersons + broker-salespersons whose Company is the firm (firm key = company name),NV,460 E PLUMB LN,RENO,NV,89502,,,,2026-10-09
NV:JMG REAL ESTATE,JMG REAL ESTATE,,40,https://red.nv.gov/uploadedFiles/rednvgov/Content/Administration/Public_Records/NRED-ACTIVE-SALESPERSONS.xlsx ; NRED-ACTIVE-BROKER-SALESPERSONS.xlsx,people = active salespersons + broker-salespersons whose Company is the firm (firm key = company name),NV,1000 GREEN VALLEY PKWY #250,HENDERSON,NV,89074,,,,2026-10-09
NV:REALTY 360,REALTY 360,,68,https://red.nv.gov/uploadedFiles/rednvgov/Content/Administration/Public_Records/NRED-ACTIVE-SALESPERSONS.xlsx ; NRED-ACTIVE-BROKER-SALESPERSONS.xlsx,people = active salespersons + broker-salespersons whose Company is the firm (firm key = company name),NV,8565 S EASTERN AVE #150,LAS VEGAS,NV,89123,,,,2026-10-09
NV:UNIVERSAL REALTY ASSOCIATES,UNIVERSAL REALTY ASSOCIATES,,54,https://red.nv.gov/uploadedFiles/rednvgov/Content/Administration/Public_Records/NRED-ACTIVE-SALESPERSONS.xlsx ; NRED-ACTIVE-BROKER-SALESPERSONS.xlsx,people = active salespersons + broker-salespersons whose Company is the firm (firm key = company name),NV,3333 E SERENE #150,HENDERSON,NV,89074,,,,2026-10-09
NV:DICKSON CONSULTING GROUP,DICKSON CONSULTING GROUP,,48,https://red.nv.gov/uploadedFiles/rednvgov/Content/Administration/Public_Records/NRED-ACTIVE-SALESPERSONS.xlsx ; NRED-ACTIVE-BROKER-SALESPERSONS.xlsx,people = active salespersons + broker-salespersons whose Company is the firm (firm key = company name),NV,1030 CAUGHLIN CROSSING,RENO,NV,89519,,,,2026-10-09
NV:COLLIERS NEVADA LLC,COLLIERS NEVADA LLC,,71,https://red.nv.gov/uploadedFiles/rednvgov/Content/Administration/Public_Records/NRED-ACTIVE-SALESPERSONS.xlsx ; NRED-ACTIVE-BROKER-SALESPERSONS.xlsx,people = active salespersons + broker-salespersons whose Company is the firm (firm key = company name),NV,6795 AGILYSYS WAY #210,LAS VEGAS,NV,89113,,,,2026-10-09
NV:NATIONWIDE REALTY LLC,NATIONWIDE REALTY LLC,,61,https://red.nv.gov/uploadedFiles/rednvgov/Content/Administration/Public_Records/NRED-ACTIVE-SALESPERSONS.xlsx ; NRED-ACTIVE-BROKER-SALESPERSONS.xlsx,people = active salespersons + broker-salespersons whose Company is the firm (firm key = company name),NV,2780 S JONES STE 220,LAS VEGAS,NV,89146,,,,2026-10-09
NV:CHASE INTERNATIONAL REFERRAL COMPANY,CHASE INTERNATIONAL REFERRAL COMPANY,,46,https://red.nv.gov/uploadedFiles/rednvgov/Content/Administration/Public_Records/NRED-ACTIVE-SALESPERSONS.xlsx ; NRED-ACTIVE-BROKER-SALESPERSONS.xlsx,people = active salespersons + broker-salespersons whose Company is the firm (firm key = company name),NV,PO BOX 10470,ZEPHYR COVE,NV,89448,,,,2026-10-09
NV:SERHANT,SERHANT,,57,https://red.nv.gov/uploadedFiles/rednvgov/Content/Administration/Public_Records/NRED-ACTIVE-SALESPERSONS.xlsx ; NRED-ACTIVE-BROKER-SALESPERSONS.xlsx,people = active salespersons + broker-salespersons whose Company is the firm (firm key = company name),NV,9041 S PECOS #4200,HENDERSON,NV,89074,,,,2026-10-09
NV:PROMINENT REALTY GROUP LLC,PROMINENT REALTY GROUP LLC,,38,https://red.nv.gov/uploadedFiles/rednvgov/Content/Administration/Public_Records/NRED-ACTIVE-SALESPERSONS.xlsx ; NRED-ACTIVE-BROKER-SALESPERSONS.xlsx,people = active salespersons + broker-salespersons whose Company is the firm (firm key = company name),NV,2580 N BUFFALO DR SUITE 120,LAS VEGAS,NV,89128,,,,2026-10-09
NV:CENTURY 21 1ST PRIORITY REALTY,CENTURY 21 1ST PRIORITY REALTY,,37,https://red.nv.gov/uploadedFiles/rednvgov/Content/Administration/Public_Records/NRED-ACTIVE-SALESPERSONS.xlsx ; NRED-ACTIVE-BROKER-SALESPERSONS.xlsx,people = active salespersons + broker-salespersons whose Company is the firm (firm key = company name),NV,"6370 W FLAMINGO RD, SUITE 5A",LAS VEGAS,NV,89103,,,,2026-10-09
NV:AMERICANA REAL ESTATE,AMERICANA REAL ESTATE,,54,https://red.nv.gov/uploadedFiles/rednvgov/Content/Administration/Public_Records/NRED-ACTIVE-SALESPERSONS.xlsx ; NRED-ACTIVE-BROKER-SALESPERSONS.xlsx,people = active salespersons + broker-salespersons whose Company is the firm (firm key = company name),NV,"2580 ST ROSE PKWY, SUITE 120",HENDERSON,NV,89074,,,,2026-10-09
NV:VERTEX REALTY & PROPERTY MANAGEMENT LLC,VERTEX REALTY & PROPERTY MANAGEMENT LLC,,61,https://red.nv.gov/uploadedFiles/rednvgov/Content/Administration/Public_Records/NRED-ACTIVE-SALESPERSONS.xlsx ; NRED-ACTIVE-BROKER-SALESPERSONS.xlsx,people = active salespersons + broker-salespersons whose Company is the firm (firm key = company name),NV,9155 W FLAMINGO RD STE 100,LAS VEGAS,NV,89147,,,,2026-10-09
NV:EASY STREET REALTY LAS VEGAS INC,EASY STREET REALTY LAS VEGAS INC,,35,https://red.nv.gov/uploadedFiles/rednvgov/Content/Administration/Public_Records/NRED-ACTIVE-SALESPERSONS.xlsx ; NRED-ACTIVE-BROKER-SALESPERSONS.xlsx,people = active salespersons + broker-salespersons whose Company is the firm (firm key = company name),NV,3191 E WARM SPRINGS RD STE 500,LAS VEGAS,NV,89120,,,,2026-10-09
NV:EXP COMMERCIAL LLC,EXP COMMERCIAL LLC,,70,https://red.nv.gov/uploadedFiles/rednvgov/Content/Administration/Public_Records/NRED-ACTIVE-SALESPERSONS.xlsx ; NRED-ACTIVE-BROKER-SALESPERSONS.xlsx,people = active salespersons + broker-salespersons whose Company is the firm (firm key = company name),NV,10845 GRIFFITH PEAK DR #2,LAS VEGAS,NV,89135,,,,2026-10-09
"NV:PN II, INC","PN II, INC",,38,https://red.nv.gov/uploadedFiles/rednvgov/Content/Administration/Public_Records/NRED-ACTIVE-SALESPERSONS.xlsx ; NRED-ACTIVE-BROKER-SALESPERSONS.xlsx,people = active salespersons + broker-salespersons whose Company is the firm (firm key = company name),NV,"7255 S TENAYA WAY, SUITE 200",LAS VEGAS,NV,89113,,,,2026-10-09
NV:SIERRA NEVADA PROPERTIES,SIERRA NEVADA PROPERTIES,,70,https://red.nv.gov/uploadedFiles/rednvgov/Content/Administration/Public_Records/NRED-ACTIVE-SALESPERSONS.xlsx ; NRED-ACTIVE-BROKER-SALESPERSONS.xlsx,people = active salespersons + broker-salespersons whose Company is the firm (firm key = company name),NV,1495 RIDGEVIEW DR STE 200,RENO,NV,89519,,,,2026-10-09
NV:ENGEL & VOLKERS LAKE TAHOE,ENGEL & VOLKERS LAKE TAHOE,,47,https://red.nv.gov/uploadedFiles/rednvgov/Content/Administration/Public_Records/NRED-ACTIVE-SALESPERSONS.xlsx ; NRED-ACTIVE-BROKER-SALESPERSONS.xlsx,people = active salespersons + broker-salespersons whose Company is the firm (firm key = company name),NV,"15405 WEDGE PKWY BUILDING B, SUITE 105",RENO,NV,89511,,,,2026-10-09
NV:LEGACY REAL ESTATE GROUP,LEGACY REAL ESTATE GROUP,,64,https://red.nv.gov/uploadedFiles/rednvgov/Content/Administration/Public_Records/NRED-ACTIVE-SALESPERSONS.xlsx ; NRED-ACTIVE-BROKER-SALESPERSONS.xlsx,people = active salespersons + broker-salespersons whose Company is the firm (firm key = company name),NV,8345 W. SUNSET RD #320,LAS VEGAS,NV,89113,,,,2026-10-09
NV:EVOLVE REALTY,EVOLVE REALTY,,38,https://red.nv.gov/uploadedFiles/rednvgov/Content/Administration/Public_Records/NRED-ACTIVE-SALESPERSONS.xlsx ; NRED-ACTIVE-BROKER-SALESPERSONS.xlsx,people = active salespersons + broker-salespersons whose Company is the firm (firm key = company name),NV,8495 W SUNSET RD #302A,LAS VEGAS,NV,89113,,,,2026-10-09
"NV:MORE REALTY, INCORPORATED","MORE REALTY, INCORPORATED",,67,https://red.nv.gov/uploadedFiles/rednvgov/Content/Administration/Public_Records/NRED-ACTIVE-SALESPERSONS.xlsx ; NRED-ACTIVE-BROKER-SALESPERSONS.xlsx,people = active salespersons + broker-salespersons whose Company is the firm (firm key = company name),NV,10845 GRIFFITH PEAK - SUMMERLIN TWO,LAS VEGAS,NV,89135,,,,2026-10-09
NV:CUSHMAN & WAKEFIELD,CUSHMAN & WAKEFIELD,,47,https://red.nv.gov/uploadedFiles/rednvgov/Content/Administration/Public_Records/NRED-ACTIVE-SALESPERSONS.xlsx ; NRED-ACTIVE-BROKER-SALESPERSONS.xlsx,people = active salespersons + broker-salespersons whose Company is the firm (firm key = company name),NV,"10845 GRIFFITH PEAK DR, SUITE 160",LAS VEGAS,NV,89135,,,,2026-10-09
NV:DOUGLAS ELLIMAN OF NEVADA LLC,DOUGLAS ELLIMAN OF NEVADA LLC,,50,https://red.nv.gov/uploadedFiles/rednvgov/Content/Administration/Public_Records/NRED-ACTIVE-SALESPERSONS.xlsx ; NRED-ACTIVE-BROKER-SALESPERSONS.xlsx,people = active salespersons + broker-salespersons whose Company is the firm (firm key = company name),NV,"1700 S PAVILION CENTER DR, STE 150",LAS VEGAS,NV,89135,,,,2026-10-09
NV:LENNAR SALES CORP,LENNAR SALES CORP,,61,https://red.nv.gov/uploadedFiles/rednvgov/Content/Administration/Public_Records/NRED-ACTIVE-SALESPERSONS.xlsx ; NRED-ACTIVE-BROKER-SALESPERSONS.xlsx,people = active salespersons + broker-salespersons whose Company is the firm (firm key = company name),NV,6385 S. RAINBOW BLVD STE 300C,LAS VEGAS,NV,89118,,,,2026-10-09
"NV:D.R. HORTON, INC.","D.R. HORTON, INC.",,35,https://red.nv.gov/uploadedFiles/rednvgov/Content/Administration/Public_Records/NRED-ACTIVE-SALESPERSONS.xlsx ; NRED-ACTIVE-BROKER-SALESPERSONS.xlsx,people = active salespersons + broker-salespersons whose Company is the firm (firm key = company name),NV,1081 WHITNEY RANCH DR SUITE # 141,HENDERSON,NV,89014,,,,2026-10-09
NV:BROKERS CONSOLIDATED,BROKERS CONSOLIDATED,,35,https://red.nv.gov/uploadedFiles/rednvgov/Content/Administration/Public_Records/NRED-ACTIVE-SALESPERSONS.xlsx ; NRED-ACTIVE-BROKER-SALESPERSONS.xlsx,people = active salespersons + broker-salespersons whose Company is the firm (firm key = company name),NV,1155 W PIONEER BLVD SUITE 104,MESQUITE,NV,89027,,,,2026-10-09
NV:SIMPLIHOM,SIMPLIHOM,,59,https://red.nv.gov/uploadedFiles/rednvgov/Content/Administration/Public_Records/NRED-ACTIVE-SALESPERSONS.xlsx ; NRED-ACTIVE-BROKER-SALESPERSONS.xlsx,people = active salespersons + broker-salespersons whose Company is the firm (firm key = company name),NV,170 S GREEN VALLEY PKWY #300,HENDERSON,NV,89012,,,,2026-10-09
NV:COLDWELL BANKER EXCEL,COLDWELL BANKER EXCEL,,44,https://red.nv.gov/uploadedFiles/rednvgov/Content/Administration/Public_Records/NRED-ACTIVE-SALESPERSONS.xlsx ; NRED-ACTIVE-BROKER-SALESPERSONS.xlsx,people = active salespersons + broker-salespersons whose Company is the firm (firm key = company name),NV,700 IDAHO ST,ELKO,NV,89801,,,,2026-10-09
NV:SUPREME REAL ESTATE,SUPREME REAL ESTATE,,36,https://red.nv.gov/uploadedFiles/rednvgov/Content/Administration/Public_Records/NRED-ACTIVE-SALESPERSONS.xlsx ; NRED-ACTIVE-BROKER-SALESPERSONS.xlsx,people = active salespersons + broker-salespersons whose Company is the firm (firm key = company name),NV,8880 W SUNSET RD #290,LAS VEGAS,NV,89148,,,,2026-10-09
NV:REDFIN CORPORATION,REDFIN CORPORATION,,67,https://red.nv.gov/uploadedFiles/rednvgov/Content/Administration/Public_Records/NRED-ACTIVE-SALESPERSONS.xlsx ; NRED-ACTIVE-BROKER-SALESPERSONS.xlsx,people = active salespersons + broker-salespersons whose Company is the firm (firm key = company name),NV,8329 W SUNSET RD STE 280,LAS VEGAS,NV,89113,,,,2026-10-09
NV:GENERAL REALTY GROUP INC,GENERAL REALTY GROUP INC,,37,https://red.nv.gov/uploadedFiles/rednvgov/Content/Administration/Public_Records/NRED-ACTIVE-SALESPERSONS.xlsx ; NRED-ACTIVE-BROKER-SALESPERSONS.xlsx,people = active salespersons + broker-salespersons whose Company is the firm (firm key = company name),NV,6330 S EASTERN #2,LAS VEGAS,NV,89120,,,,2026-10-09
NV:HAUTE PROPERTIES NV,HAUTE PROPERTIES NV,,67,https://red.nv.gov/uploadedFiles/rednvgov/Content/Administration/Public_Records/NRED-ACTIVE-SALESPERSONS.xlsx ; NRED-ACTIVE-BROKER-SALESPERSONS.xlsx,people = active salespersons + broker-salespersons whose Company is the firm (firm key = company name),NV,5470 KIETZKE LN #300,RENO,NV,89511,,,,2026-10-09
NV:PARADIGM REALTY,PARADIGM REALTY,,52,https://red.nv.gov/uploadedFiles/rednvgov/Content/Administration/Public_Records/NRED-ACTIVE-SALESPERSONS.xlsx ; NRED-ACTIVE-BROKER-SALESPERSONS.xlsx,people = active salespersons + broker-salespersons whose Company is the firm (firm key = company name),NV,1980 FESTIVAL PLAZA DR #300,LAS VEGAS,NV,89135,,,,2026-10-09
NV:URG REALTY,URG REALTY,,42,https://red.nv.gov/uploadedFiles/rednvgov/Content/Administration/Public_Records/NRED-ACTIVE-SALESPERSONS.xlsx ; NRED-ACTIVE-BROKER-SALESPERSONS.xlsx,people = active salespersons + broker-salespersons whose Company is the firm (firm key = company name),NV,4496 S. PECOS RD,LAS VEGAS,NV,89121,,,,2026-10-09
NV:PREMIER REFERRAL NETWORK LLC,PREMIER REFERRAL NETWORK LLC,,49,https://red.nv.gov/uploadedFiles/rednvgov/Content/Administration/Public_Records/NRED-ACTIVE-SALESPERSONS.xlsx ; NRED-ACTIVE-BROKER-SALESPERSONS.xlsx,people = active salespersons + broker-salespersons whose Company is the firm (firm key = company name),NV,8290 W SAHARA AVE SUITE 200,LAS VEGAS,NV,89117,,,,2026-10-09
NV:WIN WIN REAL ESTATE,WIN WIN REAL ESTATE,,53,https://red.nv.gov/uploadedFiles/rednvgov/Content/Administration/Public_Records/NRED-ACTIVE-SALESPERSONS.xlsx ; NRED-ACTIVE-BROKER-SALESPERSONS.xlsx,people = active salespersons + broker-salespersons whose Company is the firm (firm key = company name),NV,9480 S EASTERN AVENUE #269,LAS VEGAS,NV,89123,,,,2026-10-09
NV:LOCAL REALTY,LOCAL REALTY,,55,https://red.nv.gov/uploadedFiles/rednvgov/Content/Administration/Public_Records/NRED-ACTIVE-SALESPERSONS.xlsx ; NRED-ACTIVE-BROKER-SALESPERSONS.xlsx,people = active salespersons + broker-salespersons whose Company is the firm (firm key = company name),NV,6585 HIGH STREET SUITE 215,LAS VEGAS,NV,89113,,,,2026-10-09
NV:BERKSHIRE HATHAWAY HOMESERVICES DRYSDALE PROPERTIES,BERKSHIRE HATHAWAY HOMESERVICES DRYSDALE PROPERTIES,,53,https://red.nv.gov/uploadedFiles/rednvgov/Content/Administration/Public_Records/NRED-ACTIVE-SALESPERSONS.xlsx ; NRED-ACTIVE-BROKER-SALESPERSONS.xlsx,people = active salespersons + broker-salespersons whose Company is the firm (firm key = company name),NV,310 S CURRY STREET,CARSON CITY,NV,89703,,,,2026-10-09
NV:KB HOME SALES - NEVADA INC,KB HOME SALES - NEVADA INC,,44,https://red.nv.gov/uploadedFiles/rednvgov/Content/Administration/Public_Records/NRED-ACTIVE-SALESPERSONS.xlsx ; NRED-ACTIVE-BROKER-SALESPERSONS.xlsx,people = active salespersons + broker-salespersons whose Company is the firm (firm key = company name),NV,"5795 W BADURA AVE, STE 180",LAS VEGAS,NV,89118,,,,2026-10-09
NV:SEKISUI HOUSE NEVADA INC,SEKISUI HOUSE NEVADA INC,,38,https://red.nv.gov/uploadedFiles/rednvgov/Content/Administration/Public_Records/NRED-ACTIVE-SALESPERSONS.xlsx ; NRED-ACTIVE-BROKER-SALESPERSONS.xlsx,people = active salespersons + broker-salespersons whose Company is the firm (firm key = company name),NV,770 E. WARM SPRINGS RD SUITE 240,LAS VEGAS,NV,89119,,,,2026-10-09
NV:MARK R DESROCHERS REALTY,MARK R DESROCHERS REALTY,,47,https://red.nv.gov/uploadedFiles/rednvgov/Content/Administration/Public_Records/NRED-ACTIVE-SALESPERSONS.xlsx ; NRED-ACTIVE-BROKER-SALESPERSONS.xlsx,people = active salespersons + broker-salespersons whose Company is the firm (firm key = company name),NV,"10750 W CHARLESTON BLVD, SUITE 130",LAS VEGAS,NV,89135,,,,2026-10-09
NV:LEADING VEGAS REALTY,LEADING VEGAS REALTY,,52,https://red.nv.gov/uploadedFiles/rednvgov/Content/Administration/Public_Records/NRED-ACTIVE-SALESPERSONS.xlsx ; NRED-ACTIVE-BROKER-SALESPERSONS.xlsx,people = active salespersons + broker-salespersons whose Company is the firm (firm key = company name),NV,9171 W FLAMINGO RD #110,LAS VEGAS,NV,89147,,,,2026-10-09
NV:LAS VEGAS REALTY LLC,LAS VEGAS REALTY LLC,,35,https://red.nv.gov/uploadedFiles/rednvgov/Content/Administration/Public_Records/NRED-ACTIVE-SALESPERSONS.xlsx ; NRED-ACTIVE-BROKER-SALESPERSONS.xlsx,people = active salespersons + broker-salespersons whose Company is the firm (firm key = company name),NV,"2685 S RAINBOW BLVD, #100",LAS VEGAS,NV,89146,,,,2026-10-09
NV:ADVANTAGE,ADVANTAGE,,43,https://red.nv.gov/uploadedFiles/rednvgov/Content/Administration/Public_Records/NRED-ACTIVE-SALESPERSONS.xlsx ; NRED-ACTIVE-BROKER-SALESPERSONS.xlsx,people = active salespersons + broker-salespersons whose Company is the firm (firm key = company name),NV,10075 S EASTERN #103,HENDERSON,NV,89052,,,,2026-10-09
NV:INTERO NEVADA LLC,INTERO NEVADA LLC,,36,https://red.nv.gov/uploadedFiles/rednvgov/Content/Administration/Public_Records/NRED-ACTIVE-SALESPERSONS.xlsx ; NRED-ACTIVE-BROKER-SALESPERSONS.xlsx,people = active salespersons + broker-salespersons whose Company is the firm (firm key = company name),NV,1362 US HWY 395 STE 112,GARDNERVILLE,NV,89410,,,,2026-10-09
NV:BARRETT & CO INC,BARRETT & CO INC,,41,https://red.nv.gov/uploadedFiles/rednvgov/Content/Administration/Public_Records/NRED-ACTIVE-SALESPERSONS.xlsx ; NRED-ACTIVE-BROKER-SALESPERSONS.xlsx,people = active salespersons + broker-salespersons whose Company is the firm (firm key = company name),NV,2885 S JONES BLVD,LAS VEGAS,NV,89146,,,,2026-10-09
"NV:MARCUS & MILLICHAP REAL ESTATE INVESTMENT SERVICES OF NEVADA, INC","MARCUS & MILLICHAP REAL ESTATE INVESTMENT SERVICES OF NEVADA, INC",,57,https://red.nv.gov/uploadedFiles/rednvgov/Content/Administration/Public_Records/NRED-ACTIVE-SALESPERSONS.xlsx ; NRED-ACTIVE-BROKER-SALESPERSONS.xlsx,people = active salespersons + broker-salespersons whose Company is the firm (firm key = company name),NV,9205 W RUSSELL RD SUITE 100,LAS VEGAS,NV,89148,,,,2026-10-09
NV:ROTHWELL GORNT COMPANIES,ROTHWELL GORNT COMPANIES,,45,https://red.nv.gov/uploadedFiles/rednvgov/Content/Administration/Public_Records/NRED-ACTIVE-SALESPERSONS.xlsx ; NRED-ACTIVE-BROKER-SALESPERSONS.xlsx,people = active salespersons + broker-salespersons whose Company is the firm (firm key = company name),NV,105 N PECOS RD STE 140,HENDERSON,NV,89074,,,,2026-10-09
NV:REFERRAL ONLY,REFERRAL ONLY,,39,https://red.nv.gov/uploadedFiles/rednvgov/Content/Administration/Public_Records/NRED-ACTIVE-SALESPERSONS.xlsx ; NRED-ACTIVE-BROKER-SALESPERSONS.xlsx,people = active salespersons + broker-salespersons whose Company is the firm (firm key = company name),NV,1170 S ROCK BLVD STE 2,RENO,NV,89502,,,,2026-10-09
NV:SMG REALTY,SMG REALTY,,37,https://red.nv.gov/uploadedFiles/rednvgov/Content/Administration/Public_Records/NRED-ACTIVE-SALESPERSONS.xlsx ; NRED-ACTIVE-BROKER-SALESPERSONS.xlsx,people = active salespersons + broker-salespersons whose Company is the firm (firm key = company name),NV,"7895 W SUNSET RD, STE 106",LAS VEGAS,NV,89113,,,,2026-10-09
NV:JOHN GRIFFITH REALTY,JOHN GRIFFITH REALTY,,49,https://red.nv.gov/uploadedFiles/rednvgov/Content/Administration/Public_Records/NRED-ACTIVE-SALESPERSONS.xlsx ; NRED-ACTIVE-BROKER-SALESPERSONS.xlsx,people = active salespersons + broker-salespersons whose Company is the firm (firm key = company name),NV,1930 VILLAGE CENTER CIRCLE SUITE 5,LAS VEGAS,NV,89134,,,,2026-10-09
NV:SCOFIELD GROUP LLC,SCOFIELD GROUP LLC,,35,https://red.nv.gov/uploadedFiles/rednvgov/Content/Administration/Public_Records/NRED-ACTIVE-SALESPERSONS.xlsx ; NRED-ACTIVE-BROKER-SALESPERSONS.xlsx,people = active salespersons + broker-salespersons whose Company is the firm (firm key = company name),NV,8704 SPANISH RIDGE AVE #300,LAS VEGAS,NV,89148,,,,2026-10-09
NV:IS LUXURY,IS LUXURY,,47,https://red.nv.gov/uploadedFiles/rednvgov/Content/Administration/Public_Records/NRED-ACTIVE-SALESPERSONS.xlsx ; NRED-ACTIVE-BROKER-SALESPERSONS.xlsx,people = active salespersons + broker-salespersons whose Company is the firm (firm key = company name),NV,2130 PARK CENTRE DR SUITE 120,LAS VEGAS,NV,89135,,,,2026-10-09
NV:CITY VILLA REALTY & MANAGEMENT LLC,CITY VILLA REALTY & MANAGEMENT LLC,,44,https://red.nv.gov/uploadedFiles/rednvgov/Content/Administration/Public_Records/NRED-ACTIVE-SALESPERSONS.xlsx ; NRED-ACTIVE-BROKER-SALESPERSONS.xlsx,people = active salespersons + broker-salespersons whose Company is the firm (firm key = company name),NV,4990 S RAINBOW BLVD #120,LAS VEGAS,NV,89118,,,,2026-10-09
AZ:CO507415005,"ARIZONA FOOTHILLS REALTY, INC.",CENTURY 21-ARIZONA FOOTHILLS,48,https://services.azre.gov/PdbWeb/List/DownloadList/1 ; https://services.azre.gov/PdbWeb/List/DownloadList/2,people = Active real estate licensees whose EmployerLicNumber is the firm,AZ,"7400 S POWER RD, BLD 1, STE 101",GILBERT,AZ,85297,,(480) 776-0001,(480) 899-8060,2026-10-09
AZ:LC629808003,"21,000 HOLDINGS, LLC",RE/MAX FINE PROPERTIES,44,https://services.azre.gov/PdbWeb/List/DownloadList/1 ; https://services.azre.gov/PdbWeb/List/DownloadList/2,people = Active real estate licensees whose EmployerLicNumber is the firm,AZ,24 W ROUTE 66,FLAGSTAFF,AZ,86001,,928-774-0066,,2026-10-09
AZ:CO001072000,"DALLAS REAL ESTATE, INC.",COLDWELL BANKER NORTHLAND,39,https://services.azre.gov/PdbWeb/List/DownloadList/1 ; https://services.azre.gov/PdbWeb/List/DownloadList/2,people = Active real estate licensees whose EmployerLicNumber is the firm,AZ,5200 E CORTLAND SUITE D-1,FLAGSTAFF,AZ,86004,,(928) 526-5309,(928) 527-5029,2026-10-09
AZ:LC680726000,"INTEGRITY LIVING, LLC",REALTY ONE GROUP INTEGRITY,71,https://services.azre.gov/PdbWeb/List/DownloadList/1 ; https://services.azre.gov/PdbWeb/List/DownloadList/2,people = Active real estate licensees whose EmployerLicNumber is the firm,AZ,8387 N. ORACLE ROAD,TUCSON,AZ,85704,,(520) 447-5922,(866) 920-1564,2026-10-09
AZ:CO000192041,"ROY H. LONG REALTY COMPANY, INC.",LONG REALTY,55,https://services.azre.gov/PdbWeb/List/DownloadList/1 ; https://services.azre.gov/PdbWeb/List/DownloadList/2,people = Active real estate licensees whose EmployerLicNumber is the firm,AZ,10222 E RITA RD. STE.170,TUCSON,AZ,85747,,(520) 574-0952,(520) 663-1306,2026-10-09
AZ:CO507415000,"ARIZONA FOOTHILLS REALTY, INC.",CENTURY 21-ARIZONA FOOTHILLS,55,https://services.azre.gov/PdbWeb/List/DownloadList/1 ; https://services.azre.gov/PdbWeb/List/DownloadList/2,people = Active real estate licensees whose EmployerLicNumber is the firm,AZ,3930 E CHANDLER SUITE 1,PHOENIX,AZ,85048,,(480) 704-8000,(480) 893-2849,2026-10-09
AZ:LC641337000,PRISTINE DESERT PROPERTIES LLC,SUCCESS PROPERTY BROKERS,61,https://services.azre.gov/PdbWeb/List/DownloadList/1 ; https://services.azre.gov/PdbWeb/List/DownloadList/2,people = Active real estate licensees whose EmployerLicNumber is the firm,AZ,7450 E PINNACLE PEAK RD SUITE 256,SCOTTSDALE,AZ,85255,,(480) 563-9511,(888) 338-5545,2026-10-09
AZ:LC585579000,"BENCHMARK ONE REALTY, L.L.C.",HOMESMART FINE HOMES AND LAND,43,https://services.azre.gov/PdbWeb/List/DownloadList/1 ; https://services.azre.gov/PdbWeb/List/DownloadList/2,people = Active real estate licensees whose EmployerLicNumber is the firm,AZ,140 N MONTEZUMA STREET STE-201,PRESCOTT,AZ,86301,,1 (928) 442-2121,1 (928) 442-2150,2026-10-09
AZ:CO511014000,"TOLL BROTHERS REAL ESTATE, INC.",,39,https://services.azre.gov/PdbWeb/List/DownloadList/1 ; https://services.azre.gov/PdbWeb/List/DownloadList/2,people = Active real estate licensees whose EmployerLicNumber is the firm,AZ,8767 E. VIA DE VENTURA SUITE 390,SCOTTSDALE,AZ,85258,,(480) 951-0782,(480) 998-7269,2026-10-09
AZ:LC626480000,"HAYMORE REAL ESTATE, LLC",,40,https://services.azre.gov/PdbWeb/List/DownloadList/1 ; https://services.azre.gov/PdbWeb/List/DownloadList/2,people = Active real estate licensees whose EmployerLicNumber is the firm,AZ,500 E FRY BLVD,SIERRA VISTA,AZ,85635,,(520) 458-2711,(520) 458-2580,2026-10-09
AZ:CO682593000,"LUXURY TUCSON, INC.",ENGEL & VOLKERS,49,https://services.azre.gov/PdbWeb/List/DownloadList/1 ; https://services.azre.gov/PdbWeb/List/DownloadList/2,people = Active real estate licensees whose EmployerLicNumber is the firm,AZ,6151 E. GRANT ROAD,TUCSON,AZ,85712,,520-954-5800,,2026-10-09
AZ:LC695298000,"CENTURY COMMUNITIES OF ARIZONA, LLC",,42,https://services.azre.gov/PdbWeb/List/DownloadList/1 ; https://services.azre.gov/PdbWeb/List/DownloadList/2,people = Active real estate licensees whose EmployerLicNumber is the firm,AZ,2325 LAKEVIEW PARKWAY,ALPHARETTA,GA,30009,,6787944380,,2026-10-09
AZ:CO585287000,"BLUEGREEN VACATIONS UNLIMITED, INC.",BLUEGREEN VACATIONS UNLIMITED,42,https://services.azre.gov/PdbWeb/List/DownloadList/1 ; https://services.azre.gov/PdbWeb/List/DownloadList/2,people = Active real estate licensees whose EmployerLicNumber is the firm,AZ,27501 N LAKE PLEASANT PKWY,PEORIA,AZ,85383,,(623) 889-6726,,2026-10-09
AZ:CO507798000,"DRH PROPERTIES, INC.",D. R. HORTON,35,https://services.azre.gov/PdbWeb/List/DownloadList/1 ; https://services.azre.gov/PdbWeb/List/DownloadList/2,people = Active real estate licensees whose EmployerLicNumber is the firm,AZ,"7689 E. PINNACLE PEAK RD., SUITE 105",SCOTTSDALE,AZ,85255,, 480-405-5313,(480) 368-2292,2026-10-09
AZ:LC723965000,"MATTHEWS OF ARIZONA, LLC",,44,https://services.azre.gov/PdbWeb/List/DownloadList/1 ; https://services.azre.gov/PdbWeb/List/DownloadList/2,people = Active real estate licensees whose EmployerLicNumber is the firm,AZ,4110 N. SCOTTSDALE RD,SCOTTSDALE,AZ,85251,,866-889-0550,,2026-10-09
AZ:LC575462000,3CB INVESTMENTS LLC,RE/MAX DESERT SHOWCASE,43,https://services.azre.gov/PdbWeb/List/DownloadList/1 ; https://services.azre.gov/PdbWeb/List/DownloadList/2,people = Active real estate licensees whose EmployerLicNumber is the firm,AZ,14155 N 83RD STE 120,PEORIA,AZ,85381,,(623) 979-8888,(623) 979-8902,2026-10-09
AZ:LC676500000,LOCAL LUXURY REAL ESTATE LLC,LOCAL LUXURY CHRISTIE'S INTERNATIONAL REAL ESTATE,62,https://services.azre.gov/PdbWeb/List/DownloadList/1 ; https://services.azre.gov/PdbWeb/List/DownloadList/2,people = Active real estate licensees whose EmployerLicNumber is the firm,AZ,3545 E INDIAN SCHOOL RD,PHOENIX,AZ,85018,,(480) 450-1518,,2026-10-09
AZ:LC639106000,"CACTUS MOUNTAIN PROPERTIES, LLC",CACTUS MOUNTAIN PROPERTIES,69,https://services.azre.gov/PdbWeb/List/DownloadList/1 ; https://services.azre.gov/PdbWeb/List/DownloadList/2,people = Active real estate licensees whose EmployerLicNumber is the firm,AZ,P O BOX 1541,MARICOPA,AZ,85139,,(480) 688-8444,,2026-10-09
AZ:LC654107002,"MOUNTAIN DESERT LIVING, LLC","REALTY ONE GROUP, MOUNTAIN DESERT",64,https://services.azre.gov/PdbWeb/List/DownloadList/1 ; https://services.azre.gov/PdbWeb/List/DownloadList/2,people = Active real estate licensees whose EmployerLicNumber is the firm,AZ,251 SWANSON AVE,LAKE HAVASU CITY,AZ,86403,,(928) 862-4035,,2026-10-09
AZ:LC654107015,"MOUNTAIN DESERT LIVING, LLC","REALTY ONE GROUP, MOUNTAIN DESERT",42,https://services.azre.gov/PdbWeb/List/DownloadList/1 ; https://services.azre.gov/PdbWeb/List/DownloadList/2,people = Active real estate licensees whose EmployerLicNumber is the firm,AZ,251 SWANSON AVE,LAKE HAVASU CITY,AZ,86403,,928-219-4230,,2026-10-09
AZ:LC640973033,"SOUTHERN ARIZONA BROKERAGE, LLC",REALTY EXECUTIVES ARIZONA TERRITORY,61,https://services.azre.gov/PdbWeb/List/DownloadList/1 ; https://services.azre.gov/PdbWeb/List/DownloadList/2,people = Active real estate licensees whose EmployerLicNumber is the firm,AZ,6444 E TANQUE VERDE RD,TUCSON,AZ,85715,,602-755-8556,520-337-0467,2026-10-09
AZ:LC654107011,"MOUNTAIN DESERT LIVING, LLC","REALTY ONE GROUP, MOUNTAIN DESERT",52,https://services.azre.gov/PdbWeb/List/DownloadList/1 ; https://services.azre.gov/PdbWeb/List/DownloadList/2,people = Active real estate licensees whose EmployerLicNumber is the firm,AZ,251 SWANSON AVE,LAKE HAVASU CITY,AZ,86403,,(928) 753-0430,,2026-10-09
AZ:LC627335027,NRT ARIZONA LLC,COLDWELL BANKER REALTY,51,https://services.azre.gov/PdbWeb/List/DownloadList/1 ; https://services.azre.gov/PdbWeb/List/DownloadList/2,people = Active real estate licensees whose EmployerLicNumber is the firm,AZ,180 W. CONTINENTAL RD SUITE 100,GREEN VALLEY,AZ,85622,,(520) 625-1112,(520) 648-1180,2026-10-09
AZ:LC699338000,"AMERICAN FREEDOM REALTY, LLC",,36,https://services.azre.gov/PdbWeb/List/DownloadList/1 ; https://services.azre.gov/PdbWeb/List/DownloadList/2,people = Active real estate licensees whose EmployerLicNumber is the firm,AZ,4909 W SIESTA WAY,LAVEEN,AZ,85339,,602-612-2791,602-926-2793,2026-10-09
AZ:LC649480021,"DELEX REALTY, LLC",DELEX REALTY,57,https://services.azre.gov/PdbWeb/List/DownloadList/1 ; https://services.azre.gov/PdbWeb/List/DownloadList/2,people = Active real estate licensees whose EmployerLicNumber is the firm,AZ,20359 N 59TH AVE SUITE 103,GLENDALE,AZ,85012,,602-910-3002,,2026-10-09
AZ:LC631719000,"CAPITAL ASSET MANAGEMENT, LLC",CAPITAL ASSET MANAGEMENT,50,https://services.azre.gov/PdbWeb/List/DownloadList/1 ; https://services.azre.gov/PdbWeb/List/DownloadList/2,people = Active real estate licensees whose EmployerLicNumber is the firm,AZ,2701 E CAMELBACK SUITE 170,PHOENIX,AZ,85016,,(602) 489-7990,(602) 489-7295,2026-10-09
AZ:LC629808017,"21,000 HOLDINGS, LLC",RE/MAX FINE PROPERTIES,41,https://services.azre.gov/PdbWeb/List/DownloadList/1 ; https://services.azre.gov/PdbWeb/List/DownloadList/2,people = Active real estate licensees whose EmployerLicNumber is the firm,AZ,355 E GERMANN ROAD,GILBERT,AZ,85297,,480-792-9500,,2026-10-09
AZ:CO554272000,"GOLD TRUST INVESTMENT, INC.",GOLD TRUST REALTY,50,https://services.azre.gov/PdbWeb/List/DownloadList/1 ; https://services.azre.gov/PdbWeb/List/DownloadList/2,people = Active real estate licensees whose EmployerLicNumber is the firm,AZ,200 S. DOBSON RD,CHANDLER,AZ,85224,,(480) 722-9888,(480) 722-9889,2026-10-09
AZ:LC649480004,"DELEX REALTY, LLC",DELEX REALTY,49,https://services.azre.gov/PdbWeb/List/DownloadList/1 ; https://services.azre.gov/PdbWeb/List/DownloadList/2,people = Active real estate licensees whose EmployerLicNumber is the firm,AZ,20359 N 59TH AVE,GLENDALE,AZ,85308,,(602) 910-3002,(623) 321-6452,2026-10-09
AZ:LC649480008,"DELEX REALTY, LLC",DELEX REALTY,52,https://services.azre.gov/PdbWeb/List/DownloadList/1 ; https://services.azre.gov/PdbWeb/List/DownloadList/2,people = Active real estate licensees whose EmployerLicNumber is the firm,AZ,20359 N 59TH AVE,PEORIA,AZ,85383,,6029103002,,2026-10-09
AZ:LC634213038,"EXP REALTY, LLC",EXP REALTY,37,https://services.azre.gov/PdbWeb/List/DownloadList/1 ; https://services.azre.gov/PdbWeb/List/DownloadList/2,people = Active real estate licensees whose EmployerLicNumber is the firm,AZ,"16165 N 83RD AVE, STE 200",PEORIA,AZ,85382,,888-897-7821,,2026-10-09
AZ:CO507415014,"ARIZONA FOOTHILLS REALTY, INC.",CENTURY 21-ARIZONA FOOTHILLS,43,https://services.azre.gov/PdbWeb/List/DownloadList/1 ; https://services.azre.gov/PdbWeb/List/DownloadList/2,people = Active real estate licensees whose EmployerLicNumber is the firm,AZ,"3930 EAST CHANDLER BOULEVARD, SUITE 1",PHOENIX,AZ,85048,,(623) 975-2289,(623) 975-3874,2026-10-09
AZ:LC722089000,IVY REALTY LLC,IVY REALTY,41,https://services.azre.gov/PdbWeb/List/DownloadList/1 ; https://services.azre.gov/PdbWeb/List/DownloadList/2,people = Active real estate licensees whose EmployerLicNumber is the firm,AZ,20325 N 51ST AVE,GLENDALE,AZ,85308,,6232994954,,2026-10-09
AZ:LC719601000,"APEX RESIDENTIAL, LLC",,49,https://services.azre.gov/PdbWeb/List/DownloadList/1 ; https://services.azre.gov/PdbWeb/List/DownloadList/2,people = Active real estate licensees whose EmployerLicNumber is the firm,AZ,6263 N SCOTTSDALE RD,SCOTTSDALE,AZ,85250,,602-341-5153,,2026-10-09
AZ:LC634213093,"EXP REALTY, LLC",EXP REALTY,54,https://services.azre.gov/PdbWeb/List/DownloadList/1 ; https://services.azre.gov/PdbWeb/List/DownloadList/2,people = Active real estate licensees whose EmployerLicNumber is the firm,AZ,"16165 N. 83RD. AVE. SUITE 200 PEORIA, AZ 85382",PEORIA,AZ,85382,,888-897-7821,,2026-10-09
AZ:LC560721000,"SMITH & WARREN DEVELOPEMENT, L.L.C.",AZ REALTY & RENTALS,45,https://services.azre.gov/PdbWeb/List/DownloadList/1 ; https://services.azre.gov/PdbWeb/List/DownloadList/2,people = Active real estate licensees whose EmployerLicNumber is the firm,AZ,655 W VISTOSO HIGHLANDS DR. - OFFICE,TUCSON,AZ,85755,,520-820-9253,,2026-10-09
AZ:CO535669000,"TM HOMES OF ARIZONA, INC.",TAYLOR MORRISON,68,https://services.azre.gov/PdbWeb/List/DownloadList/1 ; https://services.azre.gov/PdbWeb/List/DownloadList/2,people = Active real estate licensees whose EmployerLicNumber is the firm,AZ,4900 N. SCOTTSDALE RD,SCOTTSDALE,AZ,85251,,(480) 344-7000,(480) 344-7001,2026-10-09
AZ:LC639798008,"AMERICANA ARIZONA, LLC",BERKSHIRE HATHAWAY HOMESERVICES ARIZONA PROPERTIES,75,https://services.azre.gov/PdbWeb/List/DownloadList/1 ; https://services.azre.gov/PdbWeb/List/DownloadList/2,people = Active real estate licensees whose EmployerLicNumber is the firm,AZ,16155 N. 83RD AVE STE 140,PEORIA,AZ,85382,,(623) 298-2200,(623) 298-2201,2026-10-09
AZ:CO001467000,"VALLEY METRO INVESTMENTS, INC.",ARIZONA BEST REAL ESTATE,51,https://services.azre.gov/PdbWeb/List/DownloadList/1 ; https://services.azre.gov/PdbWeb/List/DownloadList/2,people = Active real estate licensees whose EmployerLicNumber is the firm,AZ,11333 N SCOTTSDALE RD STE 100,SCOTTSDALE,AZ,85254,,(480) 948-4711,(480) 483-7439,2026-10-09
AZ:LC634213006,"EXP REALTY, LLC",EXP REALTY,35,https://services.azre.gov/PdbWeb/List/DownloadList/1 ; https://services.azre.gov/PdbWeb/List/DownloadList/2,people = Active real estate licensees whose EmployerLicNumber is the firm,AZ,"16165 N 83RD AVE, STE 200",PEORIA,AZ,85382,,888-897-7821,,2026-10-09
AZ:LC639798007,"AMERICANA ARIZONA, LLC",BERKSHIRE HATHAWAY HOMESERVICES ARIZONA PROPERTIES,60,https://services.azre.gov/PdbWeb/List/DownloadList/1 ; https://services.azre.gov/PdbWeb/List/DownloadList/2,people = Active real estate licensees whose EmployerLicNumber is the firm,AZ,"2680 S VAL VISTA DR, BLDG 10, STE 152",GILBERT,AZ,85295,,(480) 467-4900,(480) 467-4950,2026-10-09
AZ:LC693902006,"BORTLOCK, LLC",THE BROKERY,35,https://services.azre.gov/PdbWeb/List/DownloadList/1 ; https://services.azre.gov/PdbWeb/List/DownloadList/2,people = Active real estate licensees whose EmployerLicNumber is the firm,AZ,7440 E PINNACLE PEAK RD 20,SCOTTSDALE,AZ,85255,,6023913571,,2026-10-09
AZ:LC689786002,SFRE SCOTTSDALE LLC,ENGEL & VOELKERS SCOTTSDALE,57,https://services.azre.gov/PdbWeb/List/DownloadList/1 ; https://services.azre.gov/PdbWeb/List/DownloadList/2,people = Active real estate licensees whose EmployerLicNumber is the firm,AZ,20875 N PIMA RD #C102,SCOTTSDALE,AZ,85255,,480-515-5900,,2026-10-09
AZ:CO115648002,"CENTURION INVESTMENTS, INC.",CENTURY 21-NORTHWEST REALTY,68,https://services.azre.gov/PdbWeb/List/DownloadList/1 ; https://services.azre.gov/PdbWeb/List/DownloadList/2,people = Active real estate licensees whose EmployerLicNumber is the firm,AZ,16040 N 59TH AVE,GLENDALE,AZ,85306,,(480) 947-7000,(480) 965-0500,2026-10-09
AZ:LC526957011,"ARROWHEAD 112, LLC","KELLER WILLIAMS, PROFESSIONAL PARTNERS",35,https://services.azre.gov/PdbWeb/List/DownloadList/1 ; https://services.azre.gov/PdbWeb/List/DownloadList/2,people = Active real estate licensees whose EmployerLicNumber is the firm,AZ,16165 N 83RD AVENUE,PEORIA,AZ,85382,,623.939.8900,,2026-10-09
AZ:CO101905000,"MARK-TAYLOR RESIDENTIAL, INC.",,46,https://services.azre.gov/PdbWeb/List/DownloadList/1 ; https://services.azre.gov/PdbWeb/List/DownloadList/2,people = Active real estate licensees whose EmployerLicNumber is the firm,AZ,4343 N. SCOTTSDALE RD.,SCOTTSDALE,AZ,85251,,(480) 991-9111,(480) 281-5571,2026-10-09
AZ:LC656767000,"LEVROSE REAL ESTATE, LLC",LEVROSE COMMERCIAL REAL ESTATE,35,https://services.azre.gov/PdbWeb/List/DownloadList/1 ; https://services.azre.gov/PdbWeb/List/DownloadList/2,people = Active real estate licensees whose EmployerLicNumber is the firm,AZ,4414 N CIVIC CENTER PLAZA STE 100,SCOTTSDALE,AZ,85251,,(480) 294-6011,,2026-10-09
AZ:LC634213054,"EXP REALTY, LLC",EXP REALTY,46,https://services.azre.gov/PdbWeb/List/DownloadList/1 ; https://services.azre.gov/PdbWeb/List/DownloadList/2,people = Active real estate licensees whose EmployerLicNumber is the firm,AZ,"16165 N 83RD AVE, STE 200",PEORIA,AZ,85382,,888-897-7821,,2026-10-09
AZ:LC669961000,"THE AGENCY RE, LLC",THE AGENCY,46,https://services.azre.gov/PdbWeb/List/DownloadList/1 ; https://services.azre.gov/PdbWeb/List/DownloadList/2,people = Active real estate licensees whose EmployerLicNumber is the firm,AZ,6710 N SCOTTSDALE RD #180,SCOTTSDALE,AZ,85253,,480-878-3000,,2026-10-09
AZ:CO101870000,"S. J. FOWLER REAL ESTATE, INC.",BETTER HOMES AND GARDENS REAL ESTATE - SJ FOWLER,67,https://services.azre.gov/PdbWeb/List/DownloadList/1 ; https://services.azre.gov/PdbWeb/List/DownloadList/2,people = Active real estate licensees whose EmployerLicNumber is the firm,AZ,"6360 E BROWN RD., STE 103",MESA,AZ,85205,,(480) 649-3536,(480) 649-6026,2026-10-09
AZ:LC646682003,"RUSS LYON, LLC",RUSS LYON SOTHEBY'S INTERNATIONAL REALTY,40,https://services.azre.gov/PdbWeb/List/DownloadList/1 ; https://services.azre.gov/PdbWeb/List/DownloadList/2,people = Active real estate licensees whose EmployerLicNumber is the firm,AZ,317 N HUMPHREYS ST,FLAGSTAFF,AZ,86001,,(928) 779-5966,(888) 845-9856,2026-10-09
AZ:LC585087000,"JK REALTY, LLC",JK REALTY,66,https://services.azre.gov/PdbWeb/List/DownloadList/1 ; https://services.azre.gov/PdbWeb/List/DownloadList/2,people = Active real estate licensees whose EmployerLicNumber is the firm,AZ,1760 E PECOS RD #501,GILBERT,AZ,85295,,(480) 733-8500,(480) 284-7095,2026-10-09
AZ:LC696641007,"REAL BROKER AZ, LLC",REAL BROKER,49,https://services.azre.gov/PdbWeb/List/DownloadList/1 ; https://services.azre.gov/PdbWeb/List/DownloadList/2,people = Active real estate licensees whose EmployerLicNumber is the firm,AZ,1543 W ELLIOT RD,GILBERT,AZ,85233,,623-223-1663,,2026-10-09
AZ:LC715597000,REALTY OF AMERICA LLC,,59,https://services.azre.gov/PdbWeb/List/DownloadList/1 ; https://services.azre.gov/PdbWeb/List/DownloadList/2,people = Active real estate licensees whose EmployerLicNumber is the firm,AZ,"3030 N CENTRAL AVE, SUITE 704",PHOENIX,AZ,85012,,602.661.6859,,2026-10-09
AZ:LC629808020,"21,000 HOLDINGS, LLC",RE/MAX FINE PROPERTIES,68,https://services.azre.gov/PdbWeb/List/DownloadList/1 ; https://services.azre.gov/PdbWeb/List/DownloadList/2,people = Active real estate licensees whose EmployerLicNumber is the firm,AZ,"20241 N 67TH AVENUE, SUITE A1",GLENDALE,AZ,85308,,623.643.1000,,2026-10-09
AZ:LC634731016,"INTERNATIONAL INTEGRITY FIRST, LLC",KELLER WILLIAMS INTEGRITY FIRST REALTY,41,https://services.azre.gov/PdbWeb/List/DownloadList/1 ; https://services.azre.gov/PdbWeb/List/DownloadList/2,people = Active real estate licensees whose EmployerLicNumber is the firm,AZ,2102 N COUNTRY CLUB #9,TUCSON,AZ,85716,,520.225.0020,,2026-10-09
AZ:LC646682007,"RUSS LYON, LLC",RUSS LYON SOTHEBY'S INTERNATIONAL REALTY,38,https://services.azre.gov/PdbWeb/List/DownloadList/1 ; https://services.azre.gov/PdbWeb/List/DownloadList/2,people = Active real estate licensees whose EmployerLicNumber is the firm,AZ,20 ROADRUNNER DRIVE,SEDONA,AZ,86336,,(928) 282-5966,(928) 282-9627,2026-10-09
AZ:CO001072010,"DALLAS REAL ESTATE, INC.",COLDWELL BANKER NORTHLAND,68,https://services.azre.gov/PdbWeb/List/DownloadList/1 ; https://services.azre.gov/PdbWeb/List/DownloadList/2,people = Active real estate licensees whose EmployerLicNumber is the firm,AZ,"914 E GURLEY STREET, SUITE 200",PRESCOTT,AZ,86301,,928-776-1166,,2026-10-09
AZ:CO635946000,"TENBAR, INC.",ON Q PROPERTY MANAGEMENT,47,https://services.azre.gov/PdbWeb/List/DownloadList/1 ; https://services.azre.gov/PdbWeb/List/DownloadList/2,people = Active real estate licensees whose EmployerLicNumber is the firm,AZ,1011 N VAL VISTA DR,GILBERT,AZ,85234,,(480) 518-9910,,2026-10-09
AZ:LC640973003,"SOUTHERN ARIZONA BROKERAGE, LLC",REALTY EXECUTIVES ARIZONA TERRITORY,40,https://services.azre.gov/PdbWeb/List/DownloadList/1 ; https://services.azre.gov/PdbWeb/List/DownloadList/2,people = Active real estate licensees whose EmployerLicNumber is the firm,AZ,6444 E TANQUE VERDE,TUCSON,AZ,85715,,602-755-8556,520-337-0467,2026-10-09
AZ:CO000422000,"MARCUS & MILLICHAP REAL ESTATE INVESTMENT SERVICES, INC",MARCUS & MILLICHAP,55,https://services.azre.gov/PdbWeb/List/DownloadList/1 ; https://services.azre.gov/PdbWeb/List/DownloadList/2,people = Active real estate licensees whose EmployerLicNumber is the firm,AZ,"2398 EAST CAMELBACK ROAD, SUITE 300",PHOENIX,AZ,85016,,(602) 687-6700,(602) 687-6710,2026-10-09
AZ:LC634213011,"EXP REALTY, LLC",EXP REALTY,52,https://services.azre.gov/PdbWeb/List/DownloadList/1 ; https://services.azre.gov/PdbWeb/List/DownloadList/2,people = Active real estate licensees whose EmployerLicNumber is the firm,AZ,16165 N 83RD AVE SUITE 200,PEORIA,AZ,85382,,888-897-7821,,2026-10-09
AZ:LC687255000,"EMG HOMES REAL ESTATE, LLC",EMG REAL ESTATE,40,https://services.azre.gov/PdbWeb/List/DownloadList/1 ; https://services.azre.gov/PdbWeb/List/DownloadList/2,people = Active real estate licensees whose EmployerLicNumber is the firm,AZ,11435 W BUCKEYE RD,AVONDALE,AZ,85323,,6023146224,6025813169,2026-10-09
AZ:CO001078000,"PICOR COMMERCIAL REAL ESTATE SERVICES, INC.",CUSHMAN & WAKEFIELD / PICOR,35,https://services.azre.gov/PdbWeb/List/DownloadList/1 ; https://services.azre.gov/PdbWeb/List/DownloadList/2,people = Active real estate licensees whose EmployerLicNumber is the firm,AZ,5151 E BROADWAY SUITE 115,TUCSON,AZ,85711,,(520) 748-7100,(520) 546-2799,2026-10-09
AZ:LC640973012,"SOUTHERN ARIZONA BROKERAGE, LLC",REALTY EXECUTIVES ARIZONA TERRITORY,44,https://services.azre.gov/PdbWeb/List/DownloadList/1 ; https://services.azre.gov/PdbWeb/List/DownloadList/2,people = Active real estate licensees whose EmployerLicNumber is the firm,AZ,9172 S. HOUGHTON ROAD,TUCSON,AZ,85747,,520-585-4720,520-585-4621,2026-10-09
AZ:LC627335012,NRT ARIZONA LLC,COLDWELL BANKER REALTY,39,https://services.azre.gov/PdbWeb/List/DownloadList/1 ; https://services.azre.gov/PdbWeb/List/DownloadList/2,people = Active real estate licensees whose EmployerLicNumber is the firm,AZ,1616 N. LITCHFIELD RD SUITE 170,GOODYEAR,AZ,85395,,(623) 344-1000,(623) 344-1001,2026-10-09
AZ:LC634213005,"EXP REALTY, LLC",EXP REALTY,36,https://services.azre.gov/PdbWeb/List/DownloadList/1 ; https://services.azre.gov/PdbWeb/List/DownloadList/2,people = Active real estate licensees whose EmployerLicNumber is the firm,AZ,16165 N. 83RD AVE. #200,PEORIA,AZ,85382,,888-897-7821,,2026-10-09
AZ:LC658545000,THE REALTY AGENCY LLC,THE REALTY AGENCY,60,https://services.azre.gov/PdbWeb/List/DownloadList/1 ; https://services.azre.gov/PdbWeb/List/DownloadList/2,people = Active real estate licensees whose EmployerLicNumber is the firm,AZ,2052 S 4TH AVE,YUMA,AZ,85364,,(928) 257-0502,(928) 343-9000,2026-10-09
AZ:LC685364000,"ROOSTED AZ, LLC",ROOSTED,63,https://services.azre.gov/PdbWeb/List/DownloadList/1 ; https://services.azre.gov/PdbWeb/List/DownloadList/2,people = Active real estate licensees whose EmployerLicNumber is the firm,AZ,5184 WILDWIND DR.,APOLLO BEACH,FL,33572,,703-303-8876,,2026-10-09
AZ:CO112869000,"CAMBRIDGE PROPERTIES, INC.",CAMBRIDGE REALTY,42,https://services.azre.gov/PdbWeb/List/DownloadList/1 ; https://services.azre.gov/PdbWeb/List/DownloadList/2,people = Active real estate licensees whose EmployerLicNumber is the firm,AZ,1515 E MISSOURI AVE SUITE 201,PHOENIX,AZ,85014,,(602) 493-5100,(602) 787-6333,2026-10-09
AZ:LC625316003,"ARIZONA LIVING REALTY, LLC",KELLER WILLAMS ARIZONA LIVING REALTY,47,https://services.azre.gov/PdbWeb/List/DownloadList/1 ; https://services.azre.gov/PdbWeb/List/DownloadList/2,people = Active real estate licensees whose EmployerLicNumber is the firm,AZ,2800 HUALAPAI MOUNTAIN RD.,KINGMAN,AZ,86401,,(928) 718-6211,(928) 718-6215,2026-10-09
AZ:LC534270026,"GO BIG, LLC",KELLER WILLIAMS ARIZONA REALTY,44,https://services.azre.gov/PdbWeb/List/DownloadList/1 ; https://services.azre.gov/PdbWeb/List/DownloadList/2,people = Active real estate licensees whose EmployerLicNumber is the firm,AZ,"4236 N VERRADO WAY, STUIE 102",BUCKEYE,AZ,85396,,623-208-8251,,2026-10-09
AZ:CO576154000,LENNAR SALES CORP.,,58,https://services.azre.gov/PdbWeb/List/DownloadList/1 ; https://services.azre.gov/PdbWeb/List/DownloadList/2,people = Active real estate licensees whose EmployerLicNumber is the firm,AZ,1665 W. ALAMEDA DR.,TEMPE,AZ,85282,,4804768470,,2026-10-09
AZ:CO719676002,"TRAVEL + LEISURE RESORT DEVELOPMENT, INC","WYNDHAM VACATION RESORTS, DEVELOPMENT, WORLDMARK, SHELL MARGARITAVILLE",65,https://services.azre.gov/PdbWeb/List/DownloadList/1 ; https://services.azre.gov/PdbWeb/List/DownloadList/2,people = Active real estate licensees whose EmployerLicNumber is the firm,AZ,"6808 S. 32ND STREET, BLDG 14",PHOENIX,AZ,85042,,602-305-6320,,2026-10-09
AZ:LC639798009,"AMERICANA ARIZONA, LLC",BERKSHIRE HATHAWAY HOMESERVICES ARIZONA PROPERTIES,51,https://services.azre.gov/PdbWeb/List/DownloadList/1 ; https://services.azre.gov/PdbWeb/List/DownloadList/2,people = Active real estate licensees whose EmployerLicNumber is the firm,AZ,1616 N. LITCHFIELD ROAD SUITE 115,GOODYEAR,AZ,85395,,(623) 266-3550,(623) 251-5746,2026-10-09
AZ:LC674901001,IANNELLI AND ASSOCIATES REAL ESTATE LLC,IANNELLI AND ASSOCIATES REAL ESTATE,41,https://services.azre.gov/PdbWeb/List/DownloadList/1 ; https://services.azre.gov/PdbWeb/List/DownloadList/2,people = Active real estate licensees whose EmployerLicNumber is the firm,AZ,201 N ALARCON SUITE F,PRESCOTT,AZ,86301,,928-848-6911,(480) 275-3817,2026-10-09
AZ:CO683807000,"BELLO SOL, INC.",WEST USA REALTY OF PRESCOTT,54,https://services.azre.gov/PdbWeb/List/DownloadList/1 ; https://services.azre.gov/PdbWeb/List/DownloadList/2,people = Active real estate licensees whose EmployerLicNumber is the firm,AZ,231 N. MARINA STREET,PRESCOTT,AZ,86301,,928-777-8331,928-708-0022,2026-10-09
AZ:LC689548000,YUMA GATEWAY LLC,REALTY ONE GROUP GATEWAY,60,https://services.azre.gov/PdbWeb/List/DownloadList/1 ; https://services.azre.gov/PdbWeb/List/DownloadList/2,people = Active real estate licensees whose EmployerLicNumber is the firm,AZ,128 W 32ND ST,YUMA,AZ,85364,,928-325-1111,928-294-1103,2026-10-09
AZ:LC639798020,"AMERICANA ARIZONA, LLC",BERKSHIRE HATHAWAY HOMESERVICES ARIZONA PROPERTIES,47,https://services.azre.gov/PdbWeb/List/DownloadList/1 ; https://services.azre.gov/PdbWeb/List/DownloadList/2,people = Active real estate licensees whose EmployerLicNumber is the firm,AZ,172 E. SHELDON,PRESCOTT,AZ,86301,,928-778-3400,,2026-10-09
AZ:LC644582000,"NEWMARK REAL ESTATE OF ARIZONA, LLC",NEWMARK,39,https://services.azre.gov/PdbWeb/List/DownloadList/1 ; https://services.azre.gov/PdbWeb/List/DownloadList/2,people = Active real estate licensees whose EmployerLicNumber is the firm,AZ,"2555 E. CAMELBACK ROAD, STE 600",PHOENIX,AZ,85016,,(602) 952-3800,(602) 952-3801,2026-10-09
AZ:LC696641010,"REAL BROKER AZ, LLC",REAL BROKER,64,https://services.azre.gov/PdbWeb/List/DownloadList/1 ; https://services.azre.gov/PdbWeb/List/DownloadList/2,people = Active real estate licensees whose EmployerLicNumber is the firm,AZ,"14201 N HAYDEN RD, STE C-4",SCOTTSDALE,AZ,85260,,480-442-9868,,2026-10-09
AZ:LC689786000,SFRE SCOTTSDALE LLC,ENGEL & VOELKERS SCOTTSDALE,42,https://services.azre.gov/PdbWeb/List/DownloadList/1 ; https://services.azre.gov/PdbWeb/List/DownloadList/2,people = Active real estate licensees whose EmployerLicNumber is the firm,AZ,PO BOX 680717,PARK CITY,UT,84068,,602-610-3713,,2026-10-09
AZ:LC631533000,"ORION INVESTMENT REAL ESTATE, LLC",ORION INVESTMENT REAL ESTATE,47,https://services.azre.gov/PdbWeb/List/DownloadList/1 ; https://services.azre.gov/PdbWeb/List/DownloadList/2,people = Active real estate licensees whose EmployerLicNumber is the firm,AZ,"7150 EAST CAMELBACK ROAD, SUITE 425",SCOTTSDALE,AZ,85251,,(480) 634-6934,(480) 772-4242,2026-10-09
AZ:LC692787000,"LEGACY III, LLC",KELLER WILLIAMS LEGACY ONE REALTY,38,https://services.azre.gov/PdbWeb/List/DownloadList/1 ; https://services.azre.gov/PdbWeb/List/DownloadList/2,people = Active real estate licensees whose EmployerLicNumber is the firm,AZ,475 E COTTONWOOD LANE,CASA GRANDE,AZ,85122,,520-836-9301,,2026-10-09
AZ:LC624115000,"PRO-FORMANCE REALTY CONCEPTS, LLC",,37,https://services.azre.gov/PdbWeb/List/DownloadList/1 ; https://services.azre.gov/PdbWeb/List/DownloadList/2,people = Active real estate licensees whose EmployerLicNumber is the firm,AZ,15331 W BELL RD #302,SURPRISE,AZ,85374,,623-570-9971,,2026-10-09
AZ:LC649988000,E & G REALTY LLC,E & G REAL ESTATE SERVICES,39,https://services.azre.gov/PdbWeb/List/DownloadList/1 ; https://services.azre.gov/PdbWeb/List/DownloadList/2,people = Active real estate licensees whose EmployerLicNumber is the firm,AZ,1949 E BROADWAY RD,TEMPE,AZ,85282,,(480) 550-8500,(480) 550-8501,2026-10-09
AZ:LC700176000,"INDIE REALTY, LLC",CENTURY 21 INDIE REALTY,49,https://services.azre.gov/PdbWeb/List/DownloadList/1 ; https://services.azre.gov/PdbWeb/List/DownloadList/2,people = Active real estate licensees whose EmployerLicNumber is the firm,AZ,7255 E TANQUE VERDE RD,TUCSON,AZ,85715,,520-777-8973,520-527-1206,2026-10-09
AZ:LC628138000,"TOMA PARTNERS, LLC",CENTURY 21 TOMA PARTNERS,55,https://services.azre.gov/PdbWeb/List/DownloadList/1 ; https://services.azre.gov/PdbWeb/List/DownloadList/2,people = Active real estate licensees whose EmployerLicNumber is the firm,AZ,8325 W HAPPY VALLEY RD #120,PEORIA,AZ,85383,,(602) 954-2000,(602) 957-3595,2026-10-09
AZ:LC646682020,"RUSS LYON, LLC",RUSS LYON SOTHEBY'S INTERNATIONAL REALTY,63,https://services.azre.gov/PdbWeb/List/DownloadList/1 ; https://services.azre.gov/PdbWeb/List/DownloadList/2,people = Active real estate licensees whose EmployerLicNumber is the firm,AZ,275 E RIVULON BLVD,GILBERT,AZ,85297,,(480) 750-7424,,2026-10-09
AZ:LC534270020,"GO BIG, LLC",KELLER WILLIAMS ARIZONA REALTY,48,https://services.azre.gov/PdbWeb/List/DownloadList/1 ; https://services.azre.gov/PdbWeb/List/DownloadList/2,people = Active real estate licensees whose EmployerLicNumber is the firm,AZ,15333 N PIMA ROAD #130,PHOENIX,AZ,85260,,480-767-3000,,2026-10-09
AZ:CO535293000,"REALTY USA SOUTHWEST, INC",,35,https://services.azre.gov/PdbWeb/List/DownloadList/1 ; https://services.azre.gov/PdbWeb/List/DownloadList/2,people = Active real estate licensees whose EmployerLicNumber is the firm,AZ,P.O. BOX 42328,PHOENIX,AZ,85080,,602-435-1456,(602) 789-8226,2026-10-09
AZ:LC641212000,"S. MURRAY TIERRA RICA, LLC",THE MARICOPA REAL ESTATE COMPANY,45,https://services.azre.gov/PdbWeb/List/DownloadList/1 ; https://services.azre.gov/PdbWeb/List/DownloadList/2,people = Active real estate licensees whose EmployerLicNumber is the firm,AZ,21300 N JOHN WAYNE PKWY,MARICOPA,AZ,85139,,(619) 804-7608,1 (866) 336-6324,2026-10-09
AZ:CO000050000,"SEKISUI HOUSE ARIZONA, INC.",,55,https://services.azre.gov/PdbWeb/List/DownloadList/1 ; https://services.azre.gov/PdbWeb/List/DownloadList/2,people = Active real estate licensees whose EmployerLicNumber is the firm,AZ,16427 N SCOTTSDALE RD,SCOTTSDALE,AZ,85254,,480-624-0224,,2026-10-09
AZ:CO525962000,"MARRIOTT OWNERSHIP RESORTS, INC.",MARRIOTT VACATION CLUB INTERNATIONAL,36,https://services.azre.gov/PdbWeb/List/DownloadList/1 ; https://services.azre.gov/PdbWeb/List/DownloadList/2,people = Active real estate licensees whose EmployerLicNumber is the firm,AZ,5220 EAST MARRIOTT DRIVE,PHOENIX,AZ,85054,,4806374510,4806374516,2026-10-09
AZ:LC697657000,"UNLIMITED RE, LLC",UNLIMITED RE,69,https://services.azre.gov/PdbWeb/List/DownloadList/1 ; https://services.azre.gov/PdbWeb/List/DownloadList/2,people = Active real estate licensees whose EmployerLicNumber is the firm,AZ,513 BEAVER ST,FLAGSTAFF,AZ,86001,,928-699-1962,,2026-10-09
AZ:LC534270023,"GO BIG, LLC",KELLER WILLIAMS ARIZONA REALTY,42,https://services.azre.gov/PdbWeb/List/DownloadList/1 ; https://services.azre.gov/PdbWeb/List/DownloadList/2,people = Active real estate licensees whose EmployerLicNumber is the firm,AZ,"15333 N PIMA ROAD, SUITE 130",SCOTTSDALE,AZ,85260,,480-767-3000,,2026-10-09
AZ:LC532604000,"MATT FISCHER REALTOR, L.L.C.","ERA-MATT FISCHER, REALTOR",43,https://services.azre.gov/PdbWeb/List/DownloadList/1 ; https://services.azre.gov/PdbWeb/List/DownloadList/2,people = Active real estate licensees whose EmployerLicNumber is the firm,AZ,2755 SOUTH 4TH AVE #100,YUMA,AZ,85364,,(928) 344-2550,(928) 341-0553,2026-10-09
AZ:CO702995002,HILTON RESORTS CORPORATION,,40,https://services.azre.gov/PdbWeb/List/DownloadList/1 ; https://services.azre.gov/PdbWeb/List/DownloadList/2,people = Active real estate licensees whose EmployerLicNumber is the firm,AZ,160 PORTAL LANE,SEDONA,AZ,86336,,480-473-1180,,2026-10-09
AZ:LC693902000,"BORTLOCK, LLC",THE BROKERY,56,https://services.azre.gov/PdbWeb/List/DownloadList/1 ; https://services.azre.gov/PdbWeb/List/DownloadList/2,people = Active real estate licensees whose EmployerLicNumber is the firm,AZ,4546 N 40TH ST,PHOENIX,AZ,85018,,602-561-0445,,2026-10-09
AZ:LC645362001,HS ADVANTAGE LLC,HOMESMART ADVANTAGE GROUP,37,https://services.azre.gov/PdbWeb/List/DownloadList/1 ; https://services.azre.gov/PdbWeb/List/DownloadList/2,people = Active real estate licensees whose EmployerLicNumber is the firm,AZ,7481 E TANQUE VERDE,TUCSON,AZ,85715,,5205053000,,2026-10-09
AZ:CO660545000,KIDDER MATHEWS INC.,KIDDER MATHEWS,63,https://services.azre.gov/PdbWeb/List/DownloadList/1 ; https://services.azre.gov/PdbWeb/List/DownloadList/2,people = Active real estate licensees whose EmployerLicNumber is the firm,AZ,12886 INTERURBAN AVE S,SEATTLE,WA,98168,,(206) 248-7337,(206) 248-7342,2026-10-09
AZ:LC634213030,"EXP REALTY, LLC",EXP REALTY,55,https://services.azre.gov/PdbWeb/List/DownloadList/1 ; https://services.azre.gov/PdbWeb/List/DownloadList/2,people = Active real estate licensees whose EmployerLicNumber is the firm,AZ,"16165 83RD AVE, STE 200",PEORIA,AZ,85382,,888-897-7821,,2026-10-09
AZ:LC696416000,"BLACK MOUNTAIN VALLEY REALTY, LLC",,36,https://services.azre.gov/PdbWeb/List/DownloadList/1 ; https://services.azre.gov/PdbWeb/List/DownloadList/2,people = Active real estate licensees whose EmployerLicNumber is the firm,AZ,5455 S. HIGHWAY 95,FT. MOHAVE,AZ,86426,,928-577-2349,,2026-10-09
AZ:LC656651003,"BLISS REAL ESTATE, LLC",BLISS REALTY & INVESTMENTS,36,https://services.azre.gov/PdbWeb/List/DownloadList/1 ; https://services.azre.gov/PdbWeb/List/DownloadList/2,people = Active real estate licensees whose EmployerLicNumber is the firm,AZ,1530 E WILLIAMS FIELD RD,GILBERT,AZ,85295,,480-235-3617,,2026-10-09
AZ:LC697355000,"MARICOPA PREMIER REALTY, LLC",HOMESMART PREMIER,40,https://services.azre.gov/PdbWeb/List/DownloadList/1 ; https://services.azre.gov/PdbWeb/List/DownloadList/2,people = Active real estate licensees whose EmployerLicNumber is the firm,AZ,43954 W PALO ABETO DRIVE,MARICOPA,AZ,85138,,480-251-4231,,2026-10-09
AZ:LC514790000,"US SOUTHWEST, L.L.C.",US SOUTHWEST,43,https://services.azre.gov/PdbWeb/List/DownloadList/1 ; https://services.azre.gov/PdbWeb/List/DownloadList/2,people = Active real estate licensees whose EmployerLicNumber is the firm,AZ,3767 HIGHWAY 95,BULLHEAD CITY,AZ,86442,,(928) 763-2288,(928) 763-1631,2026-10-09
AZ:LC534270019,"GO BIG, LLC",KELLER WILLIAMS ARIZONA REALTY,48,https://services.azre.gov/PdbWeb/List/DownloadList/1 ; https://services.azre.gov/PdbWeb/List/DownloadList/2,people = Active real estate licensees whose EmployerLicNumber is the firm,AZ,503 E GURLEY ST,PRESCOTT,AZ,86301,,928-421-4550,,2026-10-09
AZ:LC662093007,"LAUNCH REAL ESTATE, LLC",COMPASS,42,https://services.azre.gov/PdbWeb/List/DownloadList/1 ; https://services.azre.gov/PdbWeb/List/DownloadList/2,people = Active real estate licensees whose EmployerLicNumber is the firm,AZ,"4222 N MARSHALL WAY, STE A",SCOTTSDALE,AZ,85251,,480-776-1555,,2026-10-09
AZ:LC709568000,"MCO3, LLC",MCO REALTY,41,https://services.azre.gov/PdbWeb/List/DownloadList/1 ; https://services.azre.gov/PdbWeb/List/DownloadList/2,people = Active real estate licensees whose EmployerLicNumber is the firm,AZ,9617 N SAGUARO BLVD,FOUNTAIN HILLS,AZ,85268,,480-263-3606,,2026-10-09
AZ:LC572205000,"ERN, L.L.C.",EARN REFERRAL NETWORK,58,https://services.azre.gov/PdbWeb/List/DownloadList/1 ; https://services.azre.gov/PdbWeb/List/DownloadList/2,people = Active real estate licensees whose EmployerLicNumber is the firm,AZ,"18444 N 25TH AVE, SUITE #420",PHOENIX,AZ,85023,,(928) 777-8838,(928) 775-3577,2026-10-09
AZ:LC572205001,"ERN, L.L.C.",EARN REFERRAL NETWORK,36,https://services.azre.gov/PdbWeb/List/DownloadList/1 ; https://services.azre.gov/PdbWeb/List/DownloadList/2,people = Active real estate licensees whose EmployerLicNumber is the firm,AZ,"18444 N 25TH AVE, SUITE #420",PHOENIX,AZ,85023,,928-777-8838,928-717-2636,2026-10-09
AZ:CO002091000,ALLIANCE GROUP REAL ESTATE CORPORATION,RE/MAX PREMIER,38,https://services.azre.gov/PdbWeb/List/DownloadList/1 ; https://services.azre.gov/PdbWeb/List/DownloadList/2,people = Active real estate licensees whose EmployerLicNumber is the firm,AZ,890 W. ELLIOT RD.,GILBERT,AZ,85233,,(480) 892-5300,(480) 813-1111,2026-10-09
AZ:LC675960001,SANDOVAL LIFESTYLE LLC,HOMESMART LIFESTYLES,44,https://services.azre.gov/PdbWeb/List/DownloadList/1 ; https://services.azre.gov/PdbWeb/List/DownloadList/2,people = Active real estate licensees whose EmployerLicNumber is the firm,AZ,22243 S ELLSWORTH RD,QUEEN CREEK,AZ,85142,,(480) 390-6683,,2026-10-09
AZ:LC627335019,NRT ARIZONA LLC,COLDWELL BANKER REALTY,57,https://services.azre.gov/PdbWeb/List/DownloadList/1 ; https://services.azre.gov/PdbWeb/List/DownloadList/2,people = Active real estate licensees whose EmployerLicNumber is the firm,AZ,450 S. LAKE HAVASU AVE.,LAKE HAVASU CITY,AZ,86403,,(928) 855-2191,(928) 855-8668,2026-10-09
AZ:CO002474000,LEE & ASSOCIATES ARIZONA COMMERCIAL R E SERVICES,,62,https://services.azre.gov/PdbWeb/List/DownloadList/1 ; https://services.azre.gov/PdbWeb/List/DownloadList/2,people = Active real estate licensees whose EmployerLicNumber is the firm,AZ,"5090 N. 40TH STREET, SUITE 300",PHOENIX,AZ,85018,,(602) 956-7777,(602) 954-0510,2026-10-09
AZ:LC701608000,"MY REFERRAL NETWORK, LLC",MY REFERRAL NETWORK,72,https://services.azre.gov/PdbWeb/List/DownloadList/1 ; https://services.azre.gov/PdbWeb/List/DownloadList/2,people = Active real estate licensees whose EmployerLicNumber is the firm,AZ,8360 E RAINTREE DRIVE SUITE 120,SCOTTSDALE,AZ,85260,,480-685-2960,,2026-10-09
AZ:LC718701006,"SOVEREIGN REALTY PARTNERS, LLC",FATHOM REALTY ELITE,38,https://services.azre.gov/PdbWeb/List/DownloadList/1 ; https://services.azre.gov/PdbWeb/List/DownloadList/2,people = Active real estate licensees whose EmployerLicNumber is the firm,AZ,2133 E WARNER ROAD,TEMPE,AZ,85284,,480.681.1233,,2026-10-09
AZ:LC626894000,"SEQUOIA HOLDINGS, LLC",ARIZONA ELITE PROPERTIES,72,https://services.azre.gov/PdbWeb/List/DownloadList/1 ; https://services.azre.gov/PdbWeb/List/DownloadList/2,people = Active real estate licensees whose EmployerLicNumber is the firm,AZ,2425 S. STEARMAN DR.,CHANDLER,AZ,85286,,(480) 899-9010,(480) 899-4918,2026-10-09
AZ:LC709891000,"AMG II, LLC",COLLIERS,39,https://services.azre.gov/PdbWeb/List/DownloadList/1 ; https://services.azre.gov/PdbWeb/List/DownloadList/2,people = Active real estate licensees whose EmployerLicNumber is the firm,AZ,P.O. BOX 10,SCOTTSDALE,AZ,85252,,602-725-5271,,2026-10-09
AZ:LC571257000,"GREP SOUTHWEST, LLC",GREYSTAR,47,https://services.azre.gov/PdbWeb/List/DownloadList/1 ; https://services.azre.gov/PdbWeb/List/DownloadList/2,people = Active real estate licensees whose EmployerLicNumber is the firm,AZ,2525 E. CAMELBACK ROAD,PHOENIX,AZ,85016,,(602) 522-1200,(602) 522-1225,2026-10-09
AZ:LC713785000,THE AVENUE COLLECTIVE AZ LLC,THE AVE COLLECTIVE,41,https://services.azre.gov/PdbWeb/List/DownloadList/1 ; https://services.azre.gov/PdbWeb/List/DownloadList/2,people = Active real estate licensees whose EmployerLicNumber is the firm,AZ,"6617 N SCOTTSDALE RD, SUITE 104",SCOTTSDALE,AZ,85250,,480-268-6471,,2026-10-09
AZ:LC706800000,INTEGRITY REAL ESTATE AGENTS LLC,LONG REALTY UNLIMITED,36,https://services.azre.gov/PdbWeb/List/DownloadList/1 ; https://services.azre.gov/PdbWeb/List/DownloadList/2,people = Active real estate licensees whose EmployerLicNumber is the firm,AZ,11340 W BELL RD SUITE 123,SURPRISE,AZ,85378,,602-619-7467,,2026-10-09
AZ:LC635438006,BLUEBONNET VENTURES L.L.C.,KELLER WILLIAMS SOUTHERN ARIZONA,37,https://services.azre.gov/PdbWeb/List/DownloadList/1 ; https://services.azre.gov/PdbWeb/List/DownloadList/2,people = Active real estate licensees whose EmployerLicNumber is the firm,AZ,1730 E RIVER ROAD,TUCSON,AZ,85718,,(520) 378-1000,(520) 378-1030,2026-10-09
AZ:LC692550000,LOCALITY REAL ESTATE LLC,LOCALITY REAL ESTATE,57,https://services.azre.gov/PdbWeb/List/DownloadList/1 ; https://services.azre.gov/PdbWeb/List/DownloadList/2,people = Active real estate licensees whose EmployerLicNumber is the firm,AZ,3133 W FRYE ROAD SUITE 101 - PMB 1187,CHANDLER,AZ,85226,,602-758-6007,,2026-10-09
AZ:CO000336000,DEAN REALTY COMPANY,PULTE HOMES / DEL WEBB / PGI REALTY / CENTEX,50,https://services.azre.gov/PdbWeb/List/DownloadList/1 ; https://services.azre.gov/PdbWeb/List/DownloadList/2,people = Active real estate licensees whose EmployerLicNumber is the firm,AZ,8605 E. RAINTREE DRIVE,SCOTTSDALE,AZ,85260,,(480) 391-6000,(480) 391-6296,2026-10-09
AZ:CO714115000,"SIMPLIHOM, INC",SIMPLIHOM; CANYON CR REAL ESTATE,38,https://services.azre.gov/PdbWeb/List/DownloadList/1 ; https://services.azre.gov/PdbWeb/List/DownloadList/2,people = Active real estate licensees whose EmployerLicNumber is the firm,AZ,"118 SAUNDERSVILLE RD, #150",HENDERSONVILLE,TN,37075,,520-349-8766,,2026-10-09
AZ:CO711836000,MOREL REAL ESTATE SOLUTION INC,PAK HOME REALTY,66,https://services.azre.gov/PdbWeb/List/DownloadList/1 ; https://services.azre.gov/PdbWeb/List/DownloadList/2,people = Active real estate licensees whose EmployerLicNumber is the firm,AZ,"9121 HAVEN AVE, STE 280",RANCHO CUCAMONGA,CA,91730,,909-351-5105,,2026-10-09
AZ:CO540455000,"HYLAND BAY SYSTEMS, INC.",HYLAND BAY,47,https://services.azre.gov/PdbWeb/List/DownloadList/1 ; https://services.azre.gov/PdbWeb/List/DownloadList/2,people = Active real estate licensees whose EmployerLicNumber is the firm,AZ,3240 E. UNION HILLS DRIVE,PHOENIX,AZ,85050,,(602) 663-5753,,2026-10-09
AZ:CO002287000,"JOEL S SELMAN, INC.",SELMAN AND ASSOCIATES,40,https://services.azre.gov/PdbWeb/List/DownloadList/1 ; https://services.azre.gov/PdbWeb/List/DownloadList/2,people = Active real estate licensees whose EmployerLicNumber is the firm,AZ,864 DEEPWATER DR.,LAKE HAVASU CITY,AZ,86403,,928-855-5555,(928) 855-0167,2026-10-09
AZ:LC659722004,"OMNI HOMES INTERNATIONAL, LLC",OMNI HOMES INTERNATIONAL,37,https://services.azre.gov/PdbWeb/List/DownloadList/1 ; https://services.azre.gov/PdbWeb/List/DownloadList/2,people = Active real estate licensees whose EmployerLicNumber is the firm,AZ,7445 N ORACLE RD,TUCSON,AZ,85704,,520-275-4077,,2026-10-09
AZ:LC545034000,"K. HOVNANIAN GREAT WESTERN HOMES, LLC",K. HOVNANIAN HOMES,39,https://services.azre.gov/PdbWeb/List/DownloadList/1 ; https://services.azre.gov/PdbWeb/List/DownloadList/2,people = Active real estate licensees whose EmployerLicNumber is the firm,AZ,8800 EAST RAINTREE DRIVE,SCOTTSDALE,AZ,85260,,(480) 824-4200,(480) 824-4201,2026-10-09
AZ:CO002532000,VDH INVESTMENTS CORP.,RE/MAX EXCALIBUR,69,https://services.azre.gov/PdbWeb/List/DownloadList/1 ; https://services.azre.gov/PdbWeb/List/DownloadList/2,people = Active real estate licensees whose EmployerLicNumber is the firm,AZ,"15160 N HAYDEN ROAD, SUITE 205",SCOTTSDALE,AZ,85260,,480-355-3500,480-355-5505,2026-10-09
AZ:LC654895000,I REFER REAL ESTATE LLC,,38,https://services.azre.gov/PdbWeb/List/DownloadList/1 ; https://services.azre.gov/PdbWeb/List/DownloadList/2,people = Active real estate licensees whose EmployerLicNumber is the firm,AZ,1763 N SANDAL,MESA,AZ,85205,,623-826-3050,,2026-10-09
AZ:CO107155000,"ARI/AWARD REALTY, INC.",AWARD REALTY,55,https://services.azre.gov/PdbWeb/List/DownloadList/1 ; https://services.azre.gov/PdbWeb/List/DownloadList/2,people = Active real estate licensees whose EmployerLicNumber is the firm,AZ,13606 W CAMINO DEL SOL,SUN CITY WEST,AZ,85375,,(623) 544-4663,(623) 322-4379,2026-10-09
AZ:LC712824000,FATHOM REALTY AZ LLC,FATHOM REALTY,40,https://services.azre.gov/PdbWeb/List/DownloadList/1 ; https://services.azre.gov/PdbWeb/List/DownloadList/2,people = Active real estate licensees whose EmployerLicNumber is the firm,AZ,24800 CHRISANTA DR.,MISSION VIEJO,CA,92691,,(877) 661-1977 x3,,2026-10-09
AZ:LC676821000,"LIBERTAS REAL ESTATE, LLC",,70,https://services.azre.gov/PdbWeb/List/DownloadList/1 ; https://services.azre.gov/PdbWeb/List/DownloadList/2,people = Active real estate licensees whose EmployerLicNumber is the firm,AZ,250 N. LITCHFIELD RD. SUITE 261,GOODYEAR,AZ,85338,,623-271-9742,,2026-10-09
AZ:LC568984000,ARIZONA PREMIER REALTY HOMES & LAND L.L.C.,,70,https://services.azre.gov/PdbWeb/List/DownloadList/1 ; https://services.azre.gov/PdbWeb/List/DownloadList/2,people = Active real estate licensees whose EmployerLicNumber is the firm,AZ,20325 N. 51ST AVE STE 134,GLENDALE,AZ,85308,,(623) 594-7680,(623) 594-7682,2026-10-09
AZ:LC681755000,"BALBOA REALTY, LLC",BALBOA REALTY,41,https://services.azre.gov/PdbWeb/List/DownloadList/1 ; https://services.azre.gov/PdbWeb/List/DownloadList/2,people = Active real estate licensees whose EmployerLicNumber is the firm,AZ,7098 S PORTLAND AVE,GILBERT,AZ,85298,,602-432-2028,,2026-10-09
AZ:LC718266000,"AXEN REALTY, LLC",,55,https://services.azre.gov/PdbWeb/List/DownloadList/1 ; https://services.azre.gov/PdbWeb/List/DownloadList/2,people = Active real estate licensees whose EmployerLicNumber is the firm,AZ,5559 S SOSSAMAN RD,MESA,AZ,85212,,480-399-1218,,2026-10-09
WV:005245,OLD COLONY COMPANY OF GREATER TEAYS VALLEY,,38,https://rec.wv.gov/media/8/download?inline ; https://rec.wv.gov/media/9/download?inline ; https://rec.wv.gov/media/10/download?inline,people = salespersons + associate brokers + brokers on the active rosters under the CompanyNumber,WV,3751 TEAYS VALLEY RD.,SCOTT DEPOT,WV,25560,,,,2026-10-09
WV:005372,"BLUE ROCK SELECT, LLC DBA PROFESSIONAL REALTY",,52,https://rec.wv.gov/media/8/download?inline ; https://rec.wv.gov/media/9/download?inline ; https://rec.wv.gov/media/10/download?inline,people = salespersons + associate brokers + brokers on the active rosters under the CompanyNumber,WV,1337 VIRGINIA ST. EAST,CHARLESTON,WV,25301,,,,2026-10-09
WV:005246,OLD COLONY COMPANY OF GREATER KANAWHA VALLEY,,57,https://rec.wv.gov/media/8/download?inline ; https://rec.wv.gov/media/9/download?inline ; https://rec.wv.gov/media/10/download?inline,people = salespersons + associate brokers + brokers on the active rosters under the CompanyNumber,WV,3751 TEAYS VALLEY ROAD,HURRICANE,WV,25526,,,,2026-10-09
WV:001258,OLD COLONY COMPANY OF HUNTINGTON,,42,https://rec.wv.gov/media/8/download?inline ; https://rec.wv.gov/media/9/download?inline ; https://rec.wv.gov/media/10/download?inline,people = salespersons + associate brokers + brokers on the active rosters under the CompanyNumber,WV,372 DAVIS CREEK ROAD,BARBOURSVILLE,WV,25504,,,,2026-10-09
WV:005256,"ALLEGHENY VENTURES, LLC DBA KELLER WILLIAMS REALTY ADVANTAGE",,59,https://rec.wv.gov/media/8/download?inline ; https://rec.wv.gov/media/9/download?inline ; https://rec.wv.gov/media/10/download?inline,people = salespersons + associate brokers + brokers on the active rosters under the CompanyNumber,WV,3684 SHEPHERDSTOWN ROAD,MARTINSBURG,WV,25404,,,,2026-10-09
WV:004733,PREMIER PROPERTIES LLC DBA COLDWELL BANKER PREMIER,,61,https://rec.wv.gov/media/8/download?inline ; https://rec.wv.gov/media/9/download?inline ; https://rec.wv.gov/media/10/download?inline,people = salespersons + associate brokers + brokers on the active rosters under the CompanyNumber,WV,200 SOUTH WASHINGTON STREET,BERKLEY SPRINGS,WV,25411,,,,2026-10-09
WV:001149,"LONG & FOSTER REAL ESTATE, INC",,75,https://rec.wv.gov/media/8/download?inline ; https://rec.wv.gov/media/9/download?inline ; https://rec.wv.gov/media/10/download?inline,people = salespersons + associate brokers + brokers on the active rosters under the CompanyNumber,WV,976 FOXCROFT AVENUE,MARTINSBURG,WV,25401,,,,2026-10-09
WV:010392,ARCK LTD CENTURY 21 EXCELLENCE REALTY,,43,https://rec.wv.gov/media/8/download?inline ; https://rec.wv.gov/media/9/download?inline ; https://rec.wv.gov/media/10/download?inline,people = salespersons + associate brokers + brokers on the active rosters under the CompanyNumber,WV,4 STONECREST DRIVE,HUNTINGTON,WV,25701,,,,2026-10-09
WV:010032,FATHOM REALTY WV LLC DBA FATHOM REALTY LLC,,50,https://rec.wv.gov/media/8/download?inline ; https://rec.wv.gov/media/9/download?inline ; https://rec.wv.gov/media/10/download?inline,people = salespersons + associate brokers + brokers on the active rosters under the CompanyNumber,WV,1034 WASHINGTON ST. E,LEWISBURG,WV,24901,,,,2026-10-09
WV:010235,"REAL BROKER, LLC DBA REAL BROKER",,50,https://rec.wv.gov/media/8/download?inline ; https://rec.wv.gov/media/9/download?inline ; https://rec.wv.gov/media/10/download?inline,people = salespersons + associate brokers + brokers on the active rosters under the CompanyNumber,WV,"232 CAPITOL STREET, SUITE F",CHARLESTON,WV,25301,,,,2026-10-09
WV:004899,"BROADWATER PROPERTIES, LLC DBA RE/MAX BROADWATER",,38,https://rec.wv.gov/media/8/download?inline ; https://rec.wv.gov/media/9/download?inline ; https://rec.wv.gov/media/10/download?inline,people = salespersons + associate brokers + brokers on the active rosters under the CompanyNumber,WV,520 NATIONAL ROAD,WHEELING,WV,26003,,,,2026-10-09
