brokerage_name,phone,phone_confidence,verified_headcount,headcount_source,state,city,address,website,phone_source,date_collected,phone_flag
"21,000 HOLDINGS, LLC",(928) 774-0066,high,44,https://services.azre.gov/PdbWeb/List/DownloadList/1 ; https://services.azre.gov/PdbWeb/List/DownloadList/2,AZ,FLAGSTAFF,24 W ROUTE 66,http://www.arizonafineliving.co/,regulator firm record (https://services.azre.gov/PdbWeb/List/DownloadList/2) + Overture Maps place 9f7265c8-9e99-468f-aacf-fc4d787ae480 (name match 100.0),2026-10-09,
"21,000 HOLDINGS, LLC",(623) 643-1000,medium,68,https://services.azre.gov/PdbWeb/List/DownloadList/1 ; https://services.azre.gov/PdbWeb/List/DownloadList/2,AZ,GLENDALE,"20241 N 67TH AVENUE, SUITE A1",,regulator firm record (https://services.azre.gov/PdbWeb/List/DownloadList/2),2026-10-09,
"21,000 HOLDINGS, LLC",(480) 792-9500,medium,41,https://services.azre.gov/PdbWeb/List/DownloadList/1 ; https://services.azre.gov/PdbWeb/List/DownloadList/2,AZ,GILBERT,355 E GERMANN ROAD,,regulator firm record (https://services.azre.gov/PdbWeb/List/DownloadList/2),2026-10-09,
3CB INVESTMENTS LLC,(623) 979-8888,high,43,https://services.azre.gov/PdbWeb/List/DownloadList/1 ; https://services.azre.gov/PdbWeb/List/DownloadList/2,AZ,PEORIA,14155 N 83RD STE 120,http://www.BuyPhoenixAZHomes.com/,regulator firm record (https://services.azre.gov/PdbWeb/List/DownloadList/2) + firm website http://www.BuyPhoenixAZHomes.com/,2026-10-09,
ALLIANCE GROUP REAL ESTATE CORPORATION,(480) 892-5300,medium,38,https://services.azre.gov/PdbWeb/List/DownloadList/1 ; https://services.azre.gov/PdbWeb/List/DownloadList/2,AZ,GILBERT,890 W. ELLIOT RD.,,regulator firm record (https://services.azre.gov/PdbWeb/List/DownloadList/2),2026-10-09,
"AMERICAN FREEDOM REALTY, LLC",(602) 612-2791,medium,36,https://services.azre.gov/PdbWeb/List/DownloadList/1 ; https://services.azre.gov/PdbWeb/List/DownloadList/2,AZ,LAVEEN,4909 W SIESTA WAY,,regulator firm record (https://services.azre.gov/PdbWeb/List/DownloadList/2),2026-10-09,
"AMERICANA ARIZONA, LLC",(623) 266-3550,high,51,https://services.azre.gov/PdbWeb/List/DownloadList/1 ; https://services.azre.gov/PdbWeb/List/DownloadList/2,AZ,GOODYEAR,1616 N. LITCHFIELD ROAD SUITE 115,http://www.bhhsaz.com/,regulator firm record (https://services.azre.gov/PdbWeb/List/DownloadList/2) + Overture Maps place 686a1a60-2069-42ac-a823-6f8c18e8e44e (name match 100.0),2026-10-09,
"AMERICANA ARIZONA, LLC",(623) 298-2200,medium,75,https://services.azre.gov/PdbWeb/List/DownloadList/1 ; https://services.azre.gov/PdbWeb/List/DownloadList/2,AZ,PEORIA,16155 N. 83RD AVE STE 140,,regulator firm record (https://services.azre.gov/PdbWeb/List/DownloadList/2),2026-10-09,
"AMERICANA ARIZONA, LLC",(480) 467-4900,medium,60,https://services.azre.gov/PdbWeb/List/DownloadList/1 ; https://services.azre.gov/PdbWeb/List/DownloadList/2,AZ,GILBERT,"2680 S VAL VISTA DR, BLDG 10, STE 152",,regulator firm record (https://services.azre.gov/PdbWeb/List/DownloadList/2),2026-10-09,
"AMERICANA ARIZONA, LLC",(928) 778-3400,medium,47,https://services.azre.gov/PdbWeb/List/DownloadList/1 ; https://services.azre.gov/PdbWeb/List/DownloadList/2,AZ,PRESCOTT,172 E. SHELDON,http://www.terriatkins.com/,regulator firm record (https://services.azre.gov/PdbWeb/List/DownloadList/2),2026-10-09,
"AMG II, LLC",(602) 725-5271,medium,39,https://services.azre.gov/PdbWeb/List/DownloadList/1 ; https://services.azre.gov/PdbWeb/List/DownloadList/2,AZ,SCOTTSDALE,P.O. BOX 10,,regulator firm record (https://services.azre.gov/PdbWeb/List/DownloadList/2),2026-10-09,
"APEX RESIDENTIAL, LLC",(602) 341-5153,high,49,https://services.azre.gov/PdbWeb/List/DownloadList/1 ; https://services.azre.gov/PdbWeb/List/DownloadList/2,AZ,SCOTTSDALE,6263 N SCOTTSDALE RD,http://apexre.io/,regulator firm record (https://services.azre.gov/PdbWeb/List/DownloadList/2) + firm website http://apexre.io/,2026-10-09,
"ARI/AWARD REALTY, INC.",(623) 544-4663,high,55,https://services.azre.gov/PdbWeb/List/DownloadList/1 ; https://services.azre.gov/PdbWeb/List/DownloadList/2,AZ,SUN CITY WEST,13606 W CAMINO DEL SOL,https://www.awardrealty.com,regulator firm record (https://services.azre.gov/PdbWeb/List/DownloadList/2) + firm website https://www.awardrealty.com,2026-10-09,
"ARIZONA FOOTHILLS REALTY, INC.",(480) 704-8000,medium,55,https://services.azre.gov/PdbWeb/List/DownloadList/1 ; https://services.azre.gov/PdbWeb/List/DownloadList/2,AZ,PHOENIX,3930 E CHANDLER SUITE 1,,regulator firm record (https://services.azre.gov/PdbWeb/List/DownloadList/2),2026-10-09,
"ARIZONA FOOTHILLS REALTY, INC.",(480) 776-0001,medium,48,https://services.azre.gov/PdbWeb/List/DownloadList/1 ; https://services.azre.gov/PdbWeb/List/DownloadList/2,AZ,GILBERT,"7400 S POWER RD, BLD 1, STE 101",,regulator firm record (https://services.azre.gov/PdbWeb/List/DownloadList/2),2026-10-09,
"ARIZONA LIVING REALTY, LLC",(928) 718-6211,medium,47,https://services.azre.gov/PdbWeb/List/DownloadList/1 ; https://services.azre.gov/PdbWeb/List/DownloadList/2,AZ,KINGMAN,2800 HUALAPAI MOUNTAIN RD.,,regulator firm record (https://services.azre.gov/PdbWeb/List/DownloadList/2),2026-10-09,
ARIZONA PREMIER REALTY HOMES & LAND L.L.C.,(623) 594-7680,high,70,https://services.azre.gov/PdbWeb/List/DownloadList/1 ; https://services.azre.gov/PdbWeb/List/DownloadList/2,AZ,GLENDALE,20325 N. 51ST AVE STE 134,http://www.azpremierrealty.com/,regulator firm record (https://services.azre.gov/PdbWeb/List/DownloadList/2) + firm website http://www.azpremierrealty.com/,2026-10-09,
"ARROWHEAD 112, LLC",(623) 939-8900,medium,35,https://services.azre.gov/PdbWeb/List/DownloadList/1 ; https://services.azre.gov/PdbWeb/List/DownloadList/2,AZ,PEORIA,16165 N 83RD AVENUE,,regulator firm record (https://services.azre.gov/PdbWeb/List/DownloadList/2),2026-10-09,
"AXEN REALTY, LLC",(480) 399-1218,medium,55,https://services.azre.gov/PdbWeb/List/DownloadList/1 ; https://services.azre.gov/PdbWeb/List/DownloadList/2,AZ,MESA,5559 S SOSSAMAN RD,https://axenrealty.com/,regulator firm record (https://services.azre.gov/PdbWeb/List/DownloadList/2),2026-10-09,
"BALBOA REALTY, LLC",(602) 432-2028,medium,41,https://services.azre.gov/PdbWeb/List/DownloadList/1 ; https://services.azre.gov/PdbWeb/List/DownloadList/2,AZ,GILBERT,7098 S PORTLAND AVE,,regulator firm record (https://services.azre.gov/PdbWeb/List/DownloadList/2),2026-10-09,
"BELLO SOL, INC.",(928) 777-8331,medium,54,https://services.azre.gov/PdbWeb/List/DownloadList/1 ; https://services.azre.gov/PdbWeb/List/DownloadList/2,AZ,PRESCOTT,231 N. MARINA STREET,blusolspa.com,regulator firm record (https://services.azre.gov/PdbWeb/List/DownloadList/2),2026-10-09,
"BENCHMARK ONE REALTY, L.L.C.",(928) 442-2121,high,43,https://services.azre.gov/PdbWeb/List/DownloadList/1 ; https://services.azre.gov/PdbWeb/List/DownloadList/2,AZ,PRESCOTT,140 N MONTEZUMA STREET STE-201,homesmartfinehomesandland.com,regulator firm record (https://services.azre.gov/PdbWeb/List/DownloadList/2) + Overture Maps place bf9b7cfb-9a48-4273-880a-adf1a246845d (name match 95.0),2026-10-09,
"BLACK MOUNTAIN VALLEY REALTY, LLC",(928) 577-2349,high,36,https://services.azre.gov/PdbWeb/List/DownloadList/1 ; https://services.azre.gov/PdbWeb/List/DownloadList/2,AZ,FT. MOHAVE,5455 S. HIGHWAY 95,https://www.BlackMountainValleyRealty.com/,regulator firm record (https://services.azre.gov/PdbWeb/List/DownloadList/2) + Overture Maps place feaddd73-adbb-4e64-8a7c-c30597847af5 (name match 100.0),2026-10-09,
"BLISS REAL ESTATE, LLC",(214) 683-6303,high,36,https://services.azre.gov/PdbWeb/List/DownloadList/1 ; https://services.azre.gov/PdbWeb/List/DownloadList/2,AZ,GILBERT,1530 E WILLIAMS FIELD RD,agilebronco.com,firm website agilebronco.com (text on /); Overture Maps place 993c6b3e-2976-43ce-96c0-8cafceda63ac (name match 100.0),2026-10-09,
BLUEBONNET VENTURES L.L.C.,(520) 378-1000,high,37,https://services.azre.gov/PdbWeb/List/DownloadList/1 ; https://services.azre.gov/PdbWeb/List/DownloadList/2,AZ,TUCSON,1730 E RIVER ROAD,http://www.1kwsa.com/,regulator firm record (https://services.azre.gov/PdbWeb/List/DownloadList/2) + firm website http://www.1kwsa.com/,2026-10-09,
"BLUEGREEN VACATIONS UNLIMITED, INC.",(623) 889-6726,medium,42,https://services.azre.gov/PdbWeb/List/DownloadList/1 ; https://services.azre.gov/PdbWeb/List/DownloadList/2,AZ,PEORIA,27501 N LAKE PLEASANT PKWY,,regulator firm record (https://services.azre.gov/PdbWeb/List/DownloadList/2),2026-10-09,
"BORTLOCK, LLC",(602) 892-4444,high,56,https://services.azre.gov/PdbWeb/List/DownloadList/1 ; https://services.azre.gov/PdbWeb/List/DownloadList/2,AZ,PHOENIX,4546 N 40TH ST,https://www.thebrokery.com,firm website https://www.thebrokery.com (tel on /); Overture Maps place 93016931-2f76-41ca-b2a2-a54b7e270a56 (name match 100.0),2026-10-09,
"BORTLOCK, LLC",(602) 391-3571,medium,35,https://services.azre.gov/PdbWeb/List/DownloadList/1 ; https://services.azre.gov/PdbWeb/List/DownloadList/2,AZ,SCOTTSDALE,7440 E PINNACLE PEAK RD 20,,regulator firm record (https://services.azre.gov/PdbWeb/List/DownloadList/2),2026-10-09,
"CACTUS MOUNTAIN PROPERTIES, LLC",(480) 688-8444,medium,69,https://services.azre.gov/PdbWeb/List/DownloadList/1 ; https://services.azre.gov/PdbWeb/List/DownloadList/2,AZ,MARICOPA,P O BOX 1541,,regulator firm record (https://services.azre.gov/PdbWeb/List/DownloadList/2),2026-10-09,
"CAMBRIDGE PROPERTIES, INC.",(602) 493-5100,high,42,https://services.azre.gov/PdbWeb/List/DownloadList/1 ; https://services.azre.gov/PdbWeb/List/DownloadList/2,AZ,PHOENIX,1515 E MISSOURI AVE SUITE 201,http://www.cambridgeproperties.com/,regulator firm record (https://services.azre.gov/PdbWeb/List/DownloadList/2) + firm website http://www.cambridgeproperties.com/,2026-10-09,
"CAPITAL ASSET MANAGEMENT, LLC",(602) 489-7990,high,50,https://services.azre.gov/PdbWeb/List/DownloadList/1 ; https://services.azre.gov/PdbWeb/List/DownloadList/2,AZ,PHOENIX,2701 E CAMELBACK SUITE 170,https://camcre.com,regulator firm record (https://services.azre.gov/PdbWeb/List/DownloadList/2) + firm website https://camcre.com,2026-10-09,
"CENTURION INVESTMENTS, INC.",(480) 947-7000,medium,68,https://services.azre.gov/PdbWeb/List/DownloadList/1 ; https://services.azre.gov/PdbWeb/List/DownloadList/2,AZ,GLENDALE,16040 N 59TH AVE,http://caraarnott.c21.com/,regulator firm record (https://services.azre.gov/PdbWeb/List/DownloadList/2),2026-10-09,
"CENTURY COMMUNITIES OF ARIZONA, LLC",(678) 794-4380,medium,42,https://services.azre.gov/PdbWeb/List/DownloadList/1 ; https://services.azre.gov/PdbWeb/List/DownloadList/2,AZ,ALPHARETTA,2325 LAKEVIEW PARKWAY,,regulator firm record (https://services.azre.gov/PdbWeb/List/DownloadList/2),2026-10-09,
"DALLAS REAL ESTATE, INC.",(928) 776-1166,medium,68,https://services.azre.gov/PdbWeb/List/DownloadList/1 ; https://services.azre.gov/PdbWeb/List/DownloadList/2,AZ,PRESCOTT,"914 E GURLEY STREET, SUITE 200",,regulator firm record (https://services.azre.gov/PdbWeb/List/DownloadList/2),2026-10-09,
"DALLAS REAL ESTATE, INC.",(928) 526-5309,medium,39,https://services.azre.gov/PdbWeb/List/DownloadList/1 ; https://services.azre.gov/PdbWeb/List/DownloadList/2,AZ,FLAGSTAFF,5200 E CORTLAND SUITE D-1,,regulator firm record (https://services.azre.gov/PdbWeb/List/DownloadList/2),2026-10-09,
DEAN REALTY COMPANY,(480) 391-6000,medium,50,https://services.azre.gov/PdbWeb/List/DownloadList/1 ; https://services.azre.gov/PdbWeb/List/DownloadList/2,AZ,SCOTTSDALE,8605 E. RAINTREE DRIVE,,regulator firm record (https://services.azre.gov/PdbWeb/List/DownloadList/2),2026-10-09,
"DELEX REALTY, LLC",(602) 910-3002,high,57,https://services.azre.gov/PdbWeb/List/DownloadList/1 ; https://services.azre.gov/PdbWeb/List/DownloadList/2,AZ,GLENDALE,20359 N 59TH AVE SUITE 103,http://www.JoinDeLex.com/,regulator firm record (https://services.azre.gov/PdbWeb/List/DownloadList/2) + Overture Maps place 8745bba4-6726-4c29-8eea-05ae3c57a246 (name match 100.0),2026-10-09,
"DRH PROPERTIES, INC.",(480) 405-5313,medium,35,https://services.azre.gov/PdbWeb/List/DownloadList/1 ; https://services.azre.gov/PdbWeb/List/DownloadList/2,AZ,SCOTTSDALE,"7689 E. PINNACLE PEAK RD., SUITE 105",,regulator firm record (https://services.azre.gov/PdbWeb/List/DownloadList/2),2026-10-09,
E & G REALTY LLC,(480) 550-8500,high,39,https://services.azre.gov/PdbWeb/List/DownloadList/1 ; https://services.azre.gov/PdbWeb/List/DownloadList/2,AZ,TEMPE,1949 E BROADWAY RD,,regulator firm record (https://services.azre.gov/PdbWeb/List/DownloadList/2) + Overture Maps place f6880cb0-84fc-430d-9ba1-bdc24c5b613e (name match 100.0),2026-10-09,
"EMG HOMES REAL ESTATE, LLC",(602) 314-6224,medium,40,https://services.azre.gov/PdbWeb/List/DownloadList/1 ; https://services.azre.gov/PdbWeb/List/DownloadList/2,AZ,AVONDALE,11435 W BUCKEYE RD,,regulator firm record (https://services.azre.gov/PdbWeb/List/DownloadList/2),2026-10-09,
"ERN, L.L.C.",(928) 777-8838,medium,58,https://services.azre.gov/PdbWeb/List/DownloadList/1 ; https://services.azre.gov/PdbWeb/List/DownloadList/2,AZ,PHOENIX,"18444 N 25TH AVE, SUITE #420",,regulator firm record (https://services.azre.gov/PdbWeb/List/DownloadList/2),2026-10-09,
"GO BIG, LLC",(480) 767-3000,high,48,https://services.azre.gov/PdbWeb/List/DownloadList/1 ; https://services.azre.gov/PdbWeb/List/DownloadList/2,AZ,PHOENIX,15333 N PIMA ROAD #130,https://kwarizona.com/,regulator firm record (https://services.azre.gov/PdbWeb/List/DownloadList/2) + firm website https://kwarizona.com/,2026-10-09,
"GO BIG, LLC",(928) 421-4550,medium,48,https://services.azre.gov/PdbWeb/List/DownloadList/1 ; https://services.azre.gov/PdbWeb/List/DownloadList/2,AZ,PRESCOTT,503 E GURLEY ST,,regulator firm record (https://services.azre.gov/PdbWeb/List/DownloadList/2),2026-10-09,
"GO BIG, LLC",(623) 208-8251,medium,44,https://services.azre.gov/PdbWeb/List/DownloadList/1 ; https://services.azre.gov/PdbWeb/List/DownloadList/2,AZ,BUCKEYE,"4236 N VERRADO WAY, STUIE 102",,regulator firm record (https://services.azre.gov/PdbWeb/List/DownloadList/2),2026-10-09,
"GOLD TRUST INVESTMENT, INC.",(480) 722-9888,medium,50,https://services.azre.gov/PdbWeb/List/DownloadList/1 ; https://services.azre.gov/PdbWeb/List/DownloadList/2,AZ,CHANDLER,200 S. DOBSON RD,,regulator firm record (https://services.azre.gov/PdbWeb/List/DownloadList/2),2026-10-09,
"GREP SOUTHWEST, LLC",(602) 522-1200,high,47,https://services.azre.gov/PdbWeb/List/DownloadList/1 ; https://services.azre.gov/PdbWeb/List/DownloadList/2,AZ,PHOENIX,2525 E. CAMELBACK ROAD,,regulator firm record (https://services.azre.gov/PdbWeb/List/DownloadList/2) + Overture Maps place 74998e46-9938-471a-a6ce-f44614f75447 (name match 100.0),2026-10-09,
"HAYMORE REAL ESTATE, LLC",(520) 458-2711,high,40,https://services.azre.gov/PdbWeb/List/DownloadList/1 ; https://services.azre.gov/PdbWeb/List/DownloadList/2,AZ,SIERRA VISTA,500 E FRY BLVD,https://haymorerealestate.com/,regulator firm record (https://services.azre.gov/PdbWeb/List/DownloadList/2) + firm website https://haymorerealestate.com/,2026-10-09,
HILTON RESORTS CORPORATION,(480) 473-1180,medium,40,https://services.azre.gov/PdbWeb/List/DownloadList/1 ; https://services.azre.gov/PdbWeb/List/DownloadList/2,AZ,SEDONA,160 PORTAL LANE,,regulator firm record (https://services.azre.gov/PdbWeb/List/DownloadList/2),2026-10-09,
HS ADVANTAGE LLC,(520) 505-3000,medium,37,https://services.azre.gov/PdbWeb/List/DownloadList/1 ; https://services.azre.gov/PdbWeb/List/DownloadList/2,AZ,TUCSON,7481 E TANQUE VERDE,https://reidbroderick.reagentnow.me/,regulator firm record (https://services.azre.gov/PdbWeb/List/DownloadList/2),2026-10-09,
"HYLAND BAY SYSTEMS, INC.",(602) 663-5753,medium,47,https://services.azre.gov/PdbWeb/List/DownloadList/1 ; https://services.azre.gov/PdbWeb/List/DownloadList/2,AZ,PHOENIX,3240 E. UNION HILLS DRIVE,,regulator firm record (https://services.azre.gov/PdbWeb/List/DownloadList/2),2026-10-09,
I REFER REAL ESTATE LLC,(623) 826-3050,medium,38,https://services.azre.gov/PdbWeb/List/DownloadList/1 ; https://services.azre.gov/PdbWeb/List/DownloadList/2,AZ,MESA,1763 N SANDAL,,regulator firm record (https://services.azre.gov/PdbWeb/List/DownloadList/2),2026-10-09,
IANNELLI AND ASSOCIATES REAL ESTATE LLC,(928) 848-6911,medium,41,https://services.azre.gov/PdbWeb/List/DownloadList/1 ; https://services.azre.gov/PdbWeb/List/DownloadList/2,AZ,PRESCOTT,201 N ALARCON SUITE F,,regulator firm record (https://services.azre.gov/PdbWeb/List/DownloadList/2),2026-10-09,
"INDIE REALTY, LLC",(520) 777-8973,high,49,https://services.azre.gov/PdbWeb/List/DownloadList/1 ; https://services.azre.gov/PdbWeb/List/DownloadList/2,AZ,TUCSON,7255 E TANQUE VERDE RD,http://www.indie-realty.com/,regulator firm record (https://services.azre.gov/PdbWeb/List/DownloadList/2) + Overture Maps place 18273cba-836d-4aae-9762-d6be08d93b34 (name match 100.0),2026-10-09,
"INTEGRITY LIVING, LLC",(520) 447-5922,medium,71,https://services.azre.gov/PdbWeb/List/DownloadList/1 ; https://services.azre.gov/PdbWeb/List/DownloadList/2,AZ,TUCSON,8387 N. ORACLE ROAD,https://linktr.ee/desertluxegroup,regulator firm record (https://services.azre.gov/PdbWeb/List/DownloadList/2),2026-10-09,
INTEGRITY REAL ESTATE AGENTS LLC,(602) 619-7467,medium,36,https://services.azre.gov/PdbWeb/List/DownloadList/1 ; https://services.azre.gov/PdbWeb/List/DownloadList/2,AZ,SURPRISE,11340 W BELL RD SUITE 123,,regulator firm record (https://services.azre.gov/PdbWeb/List/DownloadList/2),2026-10-09,
"INTERNATIONAL INTEGRITY FIRST, LLC",(520) 225-0020,medium,41,https://services.azre.gov/PdbWeb/List/DownloadList/1 ; https://services.azre.gov/PdbWeb/List/DownloadList/2,AZ,TUCSON,2102 N COUNTRY CLUB #9,,regulator firm record (https://services.azre.gov/PdbWeb/List/DownloadList/2),2026-10-09,
IVY REALTY LLC,(623) 299-4954,medium,41,https://services.azre.gov/PdbWeb/List/DownloadList/1 ; https://services.azre.gov/PdbWeb/List/DownloadList/2,AZ,GLENDALE,20325 N 51ST AVE,,regulator firm record (https://services.azre.gov/PdbWeb/List/DownloadList/2),2026-10-09,
"JK REALTY, LLC",(480) 733-8500,medium,66,https://services.azre.gov/PdbWeb/List/DownloadList/1 ; https://services.azre.gov/PdbWeb/List/DownloadList/2,AZ,GILBERT,1760 E PECOS RD #501,,regulator firm record (https://services.azre.gov/PdbWeb/List/DownloadList/2),2026-10-09,
"JOEL S SELMAN, INC.",(928) 855-9781,high,40,https://services.azre.gov/PdbWeb/List/DownloadList/1 ; https://services.azre.gov/PdbWeb/List/DownloadList/2,AZ,LAKE HAVASU CITY,864 DEEPWATER DR.,http://www.buyhavasu.com/,firm website http://www.buyhavasu.com/ (tel on /); Overture Maps place bbf634e7-839e-4a6f-8477-86f4c44da12f (name match 100.0),2026-10-09,
"K. HOVNANIAN GREAT WESTERN HOMES, LLC",(480) 824-4200,medium,39,https://services.azre.gov/PdbWeb/List/DownloadList/1 ; https://services.azre.gov/PdbWeb/List/DownloadList/2,AZ,SCOTTSDALE,8800 EAST RAINTREE DRIVE,https://www.khov.com/find-new-homes/arizona/scottsdale/85257/k-hovnanian-homes/skye,regulator firm record (https://services.azre.gov/PdbWeb/List/DownloadList/2),2026-10-09,
KIDDER MATHEWS INC.,(206) 248-7337,medium,63,https://services.azre.gov/PdbWeb/List/DownloadList/1 ; https://services.azre.gov/PdbWeb/List/DownloadList/2,AZ,SEATTLE,12886 INTERURBAN AVE S,,regulator firm record (https://services.azre.gov/PdbWeb/List/DownloadList/2),2026-10-09,
"LAUNCH REAL ESTATE, LLC",(480) 776-1555,medium,42,https://services.azre.gov/PdbWeb/List/DownloadList/1 ; https://services.azre.gov/PdbWeb/List/DownloadList/2,AZ,SCOTTSDALE,"4222 N MARSHALL WAY, STE A",,regulator firm record (https://services.azre.gov/PdbWeb/List/DownloadList/2),2026-10-09,
LEE & ASSOCIATES ARIZONA COMMERCIAL R E SERVICES,(602) 956-7777,medium,62,https://services.azre.gov/PdbWeb/List/DownloadList/1 ; https://services.azre.gov/PdbWeb/List/DownloadList/2,AZ,PHOENIX,"5090 N. 40TH STREET, SUITE 300",,regulator firm record (https://services.azre.gov/PdbWeb/List/DownloadList/2),2026-10-09,
"LEGACY III, LLC",(520) 836-9301,high,38,https://services.azre.gov/PdbWeb/List/DownloadList/1 ; https://services.azre.gov/PdbWeb/List/DownloadList/2,AZ,CASA GRANDE,475 E COTTONWOOD LANE,https://advhometeam.com,regulator firm record (https://services.azre.gov/PdbWeb/List/DownloadList/2) + firm website https://advhometeam.com,2026-10-09,
LENNAR SALES CORP.,(480) 476-8470,medium,58,https://services.azre.gov/PdbWeb/List/DownloadList/1 ; https://services.azre.gov/PdbWeb/List/DownloadList/2,AZ,TEMPE,1665 W. ALAMEDA DR.,,regulator firm record (https://services.azre.gov/PdbWeb/List/DownloadList/2),2026-10-09,
"LEVROSE REAL ESTATE, LLC",(480) 947-0600,high,35,https://services.azre.gov/PdbWeb/List/DownloadList/1 ; https://services.azre.gov/PdbWeb/List/DownloadList/2,AZ,SCOTTSDALE,4414 N CIVIC CENTER PLAZA STE 100,levrose.com,Overture Maps place cc7014e1-354a-4750-aa56-681fec68d1c6 (name match 100.0) + firm website levrose.com,2026-10-09,
"LIBERTAS REAL ESTATE, LLC",(623) 271-9742,high,70,https://services.azre.gov/PdbWeb/List/DownloadList/1 ; https://services.azre.gov/PdbWeb/List/DownloadList/2,AZ,GOODYEAR,250 N. LITCHFIELD RD. SUITE 261,http://www.libertasrealestate.com/,regulator firm record (https://services.azre.gov/PdbWeb/List/DownloadList/2) + Overture Maps place c41d7c9a-8943-4915-adfb-920c27734021 (name match 100.0),2026-10-09,
LOCAL LUXURY REAL ESTATE LLC,(480) 450-1518,medium,62,https://services.azre.gov/PdbWeb/List/DownloadList/1 ; https://services.azre.gov/PdbWeb/List/DownloadList/2,AZ,PHOENIX,3545 E INDIAN SCHOOL RD,,regulator firm record (https://services.azre.gov/PdbWeb/List/DownloadList/2),2026-10-09,
LOCALITY REAL ESTATE LLC,(602) 758-6007,high,57,https://services.azre.gov/PdbWeb/List/DownloadList/1 ; https://services.azre.gov/PdbWeb/List/DownloadList/2,AZ,CHANDLER,3133 W FRYE ROAD SUITE 101 - PMB 1187,http://www.localityaz.com/,regulator firm record (https://services.azre.gov/PdbWeb/List/DownloadList/2) + firm website http://www.localityaz.com/,2026-10-09,
"LUXURY TUCSON, INC.",(520) 954-5800,medium,49,https://services.azre.gov/PdbWeb/List/DownloadList/1 ; https://services.azre.gov/PdbWeb/List/DownloadList/2,AZ,TUCSON,6151 E. GRANT ROAD,,regulator firm record (https://services.azre.gov/PdbWeb/List/DownloadList/2),2026-10-09,
"MARCUS & MILLICHAP REAL ESTATE INVESTMENT SERVICES, INC",(602) 687-6700,medium,55,https://services.azre.gov/PdbWeb/List/DownloadList/1 ; https://services.azre.gov/PdbWeb/List/DownloadList/2,AZ,PHOENIX,"2398 EAST CAMELBACK ROAD, SUITE 300",,regulator firm record (https://services.azre.gov/PdbWeb/List/DownloadList/2),2026-10-09,
"MARICOPA PREMIER REALTY, LLC",(480) 251-4231,medium,40,https://services.azre.gov/PdbWeb/List/DownloadList/1 ; https://services.azre.gov/PdbWeb/List/DownloadList/2,AZ,MARICOPA,43954 W PALO ABETO DRIVE,,regulator firm record (https://services.azre.gov/PdbWeb/List/DownloadList/2),2026-10-09,
"MARK-TAYLOR RESIDENTIAL, INC.",(480) 991-9111,medium,46,https://services.azre.gov/PdbWeb/List/DownloadList/1 ; https://services.azre.gov/PdbWeb/List/DownloadList/2,AZ,SCOTTSDALE,4343 N. SCOTTSDALE RD.,,regulator firm record (https://services.azre.gov/PdbWeb/List/DownloadList/2),2026-10-09,
"MARRIOTT OWNERSHIP RESORTS, INC.",(480) 637-4510,medium,36,https://services.azre.gov/PdbWeb/List/DownloadList/1 ; https://services.azre.gov/PdbWeb/List/DownloadList/2,AZ,PHOENIX,5220 EAST MARRIOTT DRIVE,,regulator firm record (https://services.azre.gov/PdbWeb/List/DownloadList/2),2026-10-09,
"MATT FISCHER REALTOR, L.L.C.",(928) 344-2550,medium,43,https://services.azre.gov/PdbWeb/List/DownloadList/1 ; https://services.azre.gov/PdbWeb/List/DownloadList/2,AZ,YUMA,2755 SOUTH 4TH AVE #100,,regulator firm record (https://services.azre.gov/PdbWeb/List/DownloadList/2),2026-10-09,
"MCO3, LLC",(480) 263-3606,medium,41,https://services.azre.gov/PdbWeb/List/DownloadList/1 ; https://services.azre.gov/PdbWeb/List/DownloadList/2,AZ,FOUNTAIN HILLS,9617 N SAGUARO BLVD,,regulator firm record (https://services.azre.gov/PdbWeb/List/DownloadList/2),2026-10-09,
MOREL REAL ESTATE SOLUTION INC,(909) 351-5105,medium,66,https://services.azre.gov/PdbWeb/List/DownloadList/1 ; https://services.azre.gov/PdbWeb/List/DownloadList/2,AZ,RANCHO CUCAMONGA,"9121 HAVEN AVE, STE 280",,regulator firm record (https://services.azre.gov/PdbWeb/List/DownloadList/2),2026-10-09,
"MOUNTAIN DESERT LIVING, LLC",(928) 862-4035,medium,64,https://services.azre.gov/PdbWeb/List/DownloadList/1 ; https://services.azre.gov/PdbWeb/List/DownloadList/2,AZ,LAKE HAVASU CITY,251 SWANSON AVE,,regulator firm record (https://services.azre.gov/PdbWeb/List/DownloadList/2),2026-10-09,
"MY REFERRAL NETWORK, LLC",(480) 685-2960,medium,72,https://services.azre.gov/PdbWeb/List/DownloadList/1 ; https://services.azre.gov/PdbWeb/List/DownloadList/2,AZ,SCOTTSDALE,8360 E RAINTREE DRIVE SUITE 120,,regulator firm record (https://services.azre.gov/PdbWeb/List/DownloadList/2),2026-10-09,
"NEWMARK REAL ESTATE OF ARIZONA, LLC",(602) 952-3800,high,39,https://services.azre.gov/PdbWeb/List/DownloadList/1 ; https://services.azre.gov/PdbWeb/List/DownloadList/2,AZ,PHOENIX,"2555 E. CAMELBACK ROAD, STE 600",https://www.nmrk.com,regulator firm record (https://services.azre.gov/PdbWeb/List/DownloadList/2) + Overture Maps place 224c32e7-8f11-422c-bc6f-02c9391763bf (name match 100.0),2026-10-09,
NRT ARIZONA LLC,(928) 855-2191,high,57,https://services.azre.gov/PdbWeb/List/DownloadList/1 ; https://services.azre.gov/PdbWeb/List/DownloadList/2,AZ,LAKE HAVASU CITY,450 S. LAKE HAVASU AVE.,https://www.coldwellbankerhomes.com/az/lake-havasu-city/office/lake-havasu/oid_3130/,regulator firm record (https://services.azre.gov/PdbWeb/List/DownloadList/2) + Overture Maps place a55d45da-df39-48ab-b25b-68642a806bf6 (name match 100.0),2026-10-09,
NRT ARIZONA LLC,(520) 625-1112,high,51,https://services.azre.gov/PdbWeb/List/DownloadList/1 ; https://services.azre.gov/PdbWeb/List/DownloadList/2,AZ,GREEN VALLEY,180 W. CONTINENTAL RD SUITE 100,http://whycb.com/contact-us/,regulator firm record (https://services.azre.gov/PdbWeb/List/DownloadList/2) + Overture Maps place db7b95f2-c222-418a-83f9-01a6c5cd49b2 (name match 100.0),2026-10-09,
NRT ARIZONA LLC,(623) 344-1000,medium,39,https://services.azre.gov/PdbWeb/List/DownloadList/1 ; https://services.azre.gov/PdbWeb/List/DownloadList/2,AZ,GOODYEAR,1616 N. LITCHFIELD RD SUITE 170,,regulator firm record (https://services.azre.gov/PdbWeb/List/DownloadList/2),2026-10-09,
"OMNI HOMES INTERNATIONAL, LLC",(520) 275-4077,medium,37,https://services.azre.gov/PdbWeb/List/DownloadList/1 ; https://services.azre.gov/PdbWeb/List/DownloadList/2,AZ,TUCSON,7445 N ORACLE RD,https://www.omnihomesinternational.com,regulator firm record (https://services.azre.gov/PdbWeb/List/DownloadList/2),2026-10-09,
"ORION INVESTMENT REAL ESTATE, LLC",(480) 634-6934,high,47,https://services.azre.gov/PdbWeb/List/DownloadList/1 ; https://services.azre.gov/PdbWeb/List/DownloadList/2,AZ,SCOTTSDALE,"7150 EAST CAMELBACK ROAD, SUITE 425",http://orionprop.com/,regulator firm record (https://services.azre.gov/PdbWeb/List/DownloadList/2) + firm website http://orionprop.com/,2026-10-09,
"PICOR COMMERCIAL REAL ESTATE SERVICES, INC.",(520) 748-7100,medium,35,https://services.azre.gov/PdbWeb/List/DownloadList/1 ; https://services.azre.gov/PdbWeb/List/DownloadList/2,AZ,TUCSON,5151 E BROADWAY SUITE 115,,regulator firm record (https://services.azre.gov/PdbWeb/List/DownloadList/2),2026-10-09,
PRISTINE DESERT PROPERTIES LLC,(480) 563-9511,high,61,https://services.azre.gov/PdbWeb/List/DownloadList/1 ; https://services.azre.gov/PdbWeb/List/DownloadList/2,AZ,SCOTTSDALE,7450 E PINNACLE PEAK RD SUITE 256,https://www.instagram.com/successpropertybrokers/,regulator firm record (https://services.azre.gov/PdbWeb/List/DownloadList/2) + Overture Maps place 91c0ab3e-eedf-4fdf-81f4-5393e23cdca3 (name match 100.0),2026-10-09,
"PRO-FORMANCE REALTY CONCEPTS, LLC",(623) 570-9971,medium,37,https://services.azre.gov/PdbWeb/List/DownloadList/1 ; https://services.azre.gov/PdbWeb/List/DownloadList/2,AZ,SURPRISE,15331 W BELL RD #302,http://www.prorealtyconcepts.com,regulator firm record (https://services.azre.gov/PdbWeb/List/DownloadList/2),2026-10-09,
"REAL BROKER AZ, LLC",(480) 442-9868,medium,64,https://services.azre.gov/PdbWeb/List/DownloadList/1 ; https://services.azre.gov/PdbWeb/List/DownloadList/2,AZ,SCOTTSDALE,"14201 N HAYDEN RD, STE C-4",,regulator firm record (https://services.azre.gov/PdbWeb/List/DownloadList/2),2026-10-09,
"REAL BROKER AZ, LLC",(623) 223-1663,medium,49,https://services.azre.gov/PdbWeb/List/DownloadList/1 ; https://services.azre.gov/PdbWeb/List/DownloadList/2,AZ,GILBERT,1543 W ELLIOT RD,,regulator firm record (https://services.azre.gov/PdbWeb/List/DownloadList/2),2026-10-09,
REALTY OF AMERICA LLC,(602) 955-6606,high,59,https://services.azre.gov/PdbWeb/List/DownloadList/1 ; https://services.azre.gov/PdbWeb/List/DownloadList/2,AZ,PHOENIX,"3030 N CENTRAL AVE, SUITE 704",http://www.americanrealtybrokers.com,Overture Maps place c148b967-541a-490c-8dd1-f7e0703fc21e (name match 93.33333333333333) + firm website http://www.americanrealtybrokers.com,2026-10-09,
"REALTY USA SOUTHWEST, INC",(602) 435-1456,high,35,https://services.azre.gov/PdbWeb/List/DownloadList/1 ; https://services.azre.gov/PdbWeb/List/DownloadList/2,AZ,PHOENIX,P.O. BOX 42328,http://realtyusasouthwest.com,regulator firm record (https://services.azre.gov/PdbWeb/List/DownloadList/2) + firm website http://realtyusasouthwest.com,2026-10-09,
"ROOSTED AZ, LLC",(703) 303-8876,medium,63,https://services.azre.gov/PdbWeb/List/DownloadList/1 ; https://services.azre.gov/PdbWeb/List/DownloadList/2,AZ,APOLLO BEACH,5184 WILDWIND DR.,,regulator firm record (https://services.azre.gov/PdbWeb/List/DownloadList/2),2026-10-09,
"ROY H. LONG REALTY COMPANY, INC.",(520) 574-0952,medium,55,https://services.azre.gov/PdbWeb/List/DownloadList/1 ; https://services.azre.gov/PdbWeb/List/DownloadList/2,AZ,TUCSON,10222 E RITA RD. STE.170,,regulator firm record (https://services.azre.gov/PdbWeb/List/DownloadList/2),2026-10-09,
"RUSS LYON, LLC",(928) 699-9707,high,40,https://services.azre.gov/PdbWeb/List/DownloadList/1 ; https://services.azre.gov/PdbWeb/List/DownloadList/2,AZ,FLAGSTAFF,317 N HUMPHREYS ST,http://tyvandyke.com/,firm website http://tyvandyke.com/ (text on /); Overture Maps place 59a038e8-34e1-44e6-a4d4-d220ef38ed8f (name match 100.0),2026-10-09,
"RUSS LYON, LLC",(480) 750-7424,medium,63,https://services.azre.gov/PdbWeb/List/DownloadList/1 ; https://services.azre.gov/PdbWeb/List/DownloadList/2,AZ,GILBERT,275 E RIVULON BLVD,,regulator firm record (https://services.azre.gov/PdbWeb/List/DownloadList/2),2026-10-09,
"RUSS LYON, LLC",(928) 282-5966,medium,38,https://services.azre.gov/PdbWeb/List/DownloadList/1 ; https://services.azre.gov/PdbWeb/List/DownloadList/2,AZ,SEDONA,20 ROADRUNNER DRIVE,,regulator firm record (https://services.azre.gov/PdbWeb/List/DownloadList/2),2026-10-09,
"S. J. FOWLER REAL ESTATE, INC.",(480) 649-3536,medium,67,https://services.azre.gov/PdbWeb/List/DownloadList/1 ; https://services.azre.gov/PdbWeb/List/DownloadList/2,AZ,MESA,"6360 E BROWN RD., STE 103",,regulator firm record (https://services.azre.gov/PdbWeb/List/DownloadList/2),2026-10-09,
"S. MURRAY TIERRA RICA, LLC",(520) 350-1091,high,45,https://services.azre.gov/PdbWeb/List/DownloadList/1 ; https://services.azre.gov/PdbWeb/List/DownloadList/2,AZ,MARICOPA,21300 N JOHN WAYNE PKWY,https://tmreco.com/,Overture Maps place c7e80e71-b8e5-4385-90f0-9ae993e0f471 (name match 100.0) + firm website https://tmreco.com/,2026-10-09,
SANDOVAL LIFESTYLE LLC,(480) 390-6683,medium,44,https://services.azre.gov/PdbWeb/List/DownloadList/1 ; https://services.azre.gov/PdbWeb/List/DownloadList/2,AZ,QUEEN CREEK,22243 S ELLSWORTH RD,,regulator firm record (https://services.azre.gov/PdbWeb/List/DownloadList/2),2026-10-09,
"SEKISUI HOUSE ARIZONA, INC.",(480) 624-0224,medium,55,https://services.azre.gov/PdbWeb/List/DownloadList/1 ; https://services.azre.gov/PdbWeb/List/DownloadList/2,AZ,SCOTTSDALE,16427 N SCOTTSDALE RD,,regulator firm record (https://services.azre.gov/PdbWeb/List/DownloadList/2),2026-10-09,
"SEQUOIA HOLDINGS, LLC",(480) 899-9010,medium,72,https://services.azre.gov/PdbWeb/List/DownloadList/1 ; https://services.azre.gov/PdbWeb/List/DownloadList/2,AZ,CHANDLER,2425 S. STEARMAN DR.,,regulator firm record (https://services.azre.gov/PdbWeb/List/DownloadList/2),2026-10-09,
SFRE SCOTTSDALE LLC,(480) 518-2222,high,57,https://services.azre.gov/PdbWeb/List/DownloadList/1 ; https://services.azre.gov/PdbWeb/List/DownloadList/2,AZ,SCOTTSDALE,20875 N PIMA RD #C102,http://robertmelikianrealty.com,Overture Maps place 111b202e-9b39-4b87-878f-aea36fbd9aea (name match 98.11320754716981) + firm website http://robertmelikianrealty.com,2026-10-09,
SFRE SCOTTSDALE LLC,(602) 610-3713,medium,42,https://services.azre.gov/PdbWeb/List/DownloadList/1 ; https://services.azre.gov/PdbWeb/List/DownloadList/2,AZ,PARK CITY,PO BOX 680717,,regulator firm record (https://services.azre.gov/PdbWeb/List/DownloadList/2),2026-10-09,
"SIMPLIHOM, INC",(520) 349-8766,medium,38,https://services.azre.gov/PdbWeb/List/DownloadList/1 ; https://services.azre.gov/PdbWeb/List/DownloadList/2,AZ,HENDERSONVILLE,"118 SAUNDERSVILLE RD, #150",,regulator firm record (https://services.azre.gov/PdbWeb/List/DownloadList/2),2026-10-09,
"SMITH & WARREN DEVELOPEMENT, L.L.C.",(520) 820-9253,medium,45,https://services.azre.gov/PdbWeb/List/DownloadList/1 ; https://services.azre.gov/PdbWeb/List/DownloadList/2,AZ,TUCSON,655 W VISTOSO HIGHLANDS DR. - OFFICE,,regulator firm record (https://services.azre.gov/PdbWeb/List/DownloadList/2),2026-10-09,
"SOUTHERN ARIZONA BROKERAGE, LLC",(520) 440-6342,high,61,https://services.azre.gov/PdbWeb/List/DownloadList/1 ; https://services.azre.gov/PdbWeb/List/DownloadList/2,AZ,TUCSON,6444 E TANQUE VERDE RD,http://tucsonmgmt.com/,firm website http://tucsonmgmt.com/ (text on /); Overture Maps place 9f7647b8-1586-4d5d-a35f-629225fbf2e7 (name match 100.0),2026-10-09,
"SOVEREIGN REALTY PARTNERS, LLC",(480) 681-1233,medium,38,https://services.azre.gov/PdbWeb/List/DownloadList/1 ; https://services.azre.gov/PdbWeb/List/DownloadList/2,AZ,TEMPE,2133 E WARNER ROAD,,regulator firm record (https://services.azre.gov/PdbWeb/List/DownloadList/2),2026-10-09,
"TENBAR, INC.",(480) 518-9910,high,47,https://services.azre.gov/PdbWeb/List/DownloadList/1 ; https://services.azre.gov/PdbWeb/List/DownloadList/2,AZ,GILBERT,1011 N VAL VISTA DR,https://www.onqpm.com,regulator firm record (https://services.azre.gov/PdbWeb/List/DownloadList/2) + firm website https://www.onqpm.com,2026-10-09,
"THE AGENCY RE, LLC",(480) 878-3000,medium,46,https://services.azre.gov/PdbWeb/List/DownloadList/1 ; https://services.azre.gov/PdbWeb/List/DownloadList/2,AZ,SCOTTSDALE,6710 N SCOTTSDALE RD #180,,regulator firm record (https://services.azre.gov/PdbWeb/List/DownloadList/2),2026-10-09,
THE AVENUE COLLECTIVE AZ LLC,(480) 268-6471,high,41,https://services.azre.gov/PdbWeb/List/DownloadList/1 ; https://services.azre.gov/PdbWeb/List/DownloadList/2,AZ,SCOTTSDALE,"6617 N SCOTTSDALE RD, SUITE 104",http://www.theavecollective.com/,regulator firm record (https://services.azre.gov/PdbWeb/List/DownloadList/2) + firm website http://www.theavecollective.com/,2026-10-09,
THE REALTY AGENCY LLC,(928) 257-0502,medium,60,https://services.azre.gov/PdbWeb/List/DownloadList/1 ; https://services.azre.gov/PdbWeb/List/DownloadList/2,AZ,YUMA,2052 S 4TH AVE,https://www.therealtyagency.com/,regulator firm record (https://services.azre.gov/PdbWeb/List/DownloadList/2),2026-10-09,
"TM HOMES OF ARIZONA, INC.",(480) 344-7000,medium,68,https://services.azre.gov/PdbWeb/List/DownloadList/1 ; https://services.azre.gov/PdbWeb/List/DownloadList/2,AZ,SCOTTSDALE,4900 N. SCOTTSDALE RD,,regulator firm record (https://services.azre.gov/PdbWeb/List/DownloadList/2),2026-10-09,
"TOLL BROTHERS REAL ESTATE, INC.",(480) 951-0782,medium,39,https://services.azre.gov/PdbWeb/List/DownloadList/1 ; https://services.azre.gov/PdbWeb/List/DownloadList/2,AZ,SCOTTSDALE,8767 E. VIA DE VENTURA SUITE 390,,regulator firm record (https://services.azre.gov/PdbWeb/List/DownloadList/2),2026-10-09,
"TOMA PARTNERS, LLC",(602) 954-2000,high,55,https://services.azre.gov/PdbWeb/List/DownloadList/1 ; https://services.azre.gov/PdbWeb/List/DownloadList/2,AZ,PEORIA,8325 W HAPPY VALLEY RD #120,https://tomapartners.c21.com/,regulator firm record (https://services.azre.gov/PdbWeb/List/DownloadList/2) + Overture Maps place bd7ba5f6-f60f-4893-b946-f31d03a8e66f (name match 100.0),2026-10-09,
"TRAVEL + LEISURE RESORT DEVELOPMENT, INC",(602) 305-6320,medium,65,https://services.azre.gov/PdbWeb/List/DownloadList/1 ; https://services.azre.gov/PdbWeb/List/DownloadList/2,AZ,PHOENIX,"6808 S. 32ND STREET, BLDG 14",,regulator firm record (https://services.azre.gov/PdbWeb/List/DownloadList/2),2026-10-09,
"UNLIMITED RE, LLC",(928) 699-1962,medium,69,https://services.azre.gov/PdbWeb/List/DownloadList/1 ; https://services.azre.gov/PdbWeb/List/DownloadList/2,AZ,FLAGSTAFF,513 BEAVER ST,,regulator firm record (https://services.azre.gov/PdbWeb/List/DownloadList/2),2026-10-09,
"US SOUTHWEST, L.L.C.",(928) 763-2288,high,43,https://services.azre.gov/PdbWeb/List/DownloadList/1 ; https://services.azre.gov/PdbWeb/List/DownloadList/2,AZ,BULLHEAD CITY,3767 HIGHWAY 95,http://www.ussw.net/,regulator firm record (https://services.azre.gov/PdbWeb/List/DownloadList/2) + Overture Maps place e28b421d-60dd-4386-9b42-304209a39db9 (name match 100.0),2026-10-09,
"VALLEY METRO INVESTMENTS, INC.",(480) 948-4711,high,51,https://services.azre.gov/PdbWeb/List/DownloadList/1 ; https://services.azre.gov/PdbWeb/List/DownloadList/2,AZ,SCOTTSDALE,11333 N SCOTTSDALE RD STE 100,http://www.arizonabest.com/,regulator firm record (https://services.azre.gov/PdbWeb/List/DownloadList/2) + Overture Maps place 23f96fc6-2f51-48fa-8e5f-5f233917805a (name match 100.0),2026-10-09,
VDH INVESTMENTS CORP.,(480) 355-3500,medium,69,https://services.azre.gov/PdbWeb/List/DownloadList/1 ; https://services.azre.gov/PdbWeb/List/DownloadList/2,AZ,SCOTTSDALE,"15160 N HAYDEN ROAD, SUITE 205",http://www.excaliburrealestate.com/,regulator firm record (https://services.azre.gov/PdbWeb/List/DownloadList/2),2026-10-09,
YUMA GATEWAY LLC,(928) 325-1111,high,60,https://services.azre.gov/PdbWeb/List/DownloadList/1 ; https://services.azre.gov/PdbWeb/List/DownloadList/2,AZ,YUMA,128 W 32ND ST,https://gateway.myrealtyonegroup.com/,regulator firm record (https://services.azre.gov/PdbWeb/List/DownloadList/2) + Overture Maps place 2a92c0d7-fad2-4315-87fe-12fd39b45528 (name match 100.0),2026-10-09,
24 HOUR REAL ESTATE,(562) 861-7257,medium,53,https://secure.dre.ca.gov/datafile/CurrList.zip ; https://secure.dre.ca.gov/datafile/broker_associates_list.xls,CA,DOWNEY,8635 FLORENCE AVE STE 101,http://www.24hour-RealEstate.com/,Overture Maps place 92795001-c479-47cb-ac8c-47f32a18d4d1 (name match 100.0),2026-10-09,
ABACUS PROPERTIES INC,(858) 674-6648,medium,53,https://secure.dre.ca.gov/datafile/CurrList.zip ; https://secure.dre.ca.gov/datafile/broker_associates_list.xls,CA,SAN DIEGO,16870 W BERNARDO DR #400,https://www.ateamrealestate.net,Overture Maps place b3be6420-f3da-40a7-9c14-36e08fcbe6d2 (name match 100.0),2026-10-09,
"ALTATERA, INC.",(858) 910-2313,medium,35,https://secure.dre.ca.gov/datafile/CurrList.zip ; https://secure.dre.ca.gov/datafile/broker_associates_list.xls,CA,LA JOLLA,1025 PROSPECT ST UNIT 390,http://www.ARGhome.net/,Overture Maps place 61291f42-e7be-49f8-9b3e-c01115412cbe (name match 94.11764705882352),2026-10-09,
AMERICAN MARKETING SYSTEMS INC,(415) 447-2000,medium,63,https://secure.dre.ca.gov/datafile/CurrList.zip ; https://secure.dre.ca.gov/datafile/broker_associates_list.xls,CA,SAN FRANCISCO,2800 VAN NESS AVE,https://www.amsires.com,Overture Maps place 97c5e25c-956d-4e92-8fc5-96eb0bf192bf (name match 100.0),2026-10-09,
ARAMIS REALTY GROUP INC.,(714) 941-6031,medium,40,https://secure.dre.ca.gov/datafile/CurrList.zip ; https://secure.dre.ca.gov/datafile/broker_associates_list.xls,CA,ANAHEIM,436 N. LAKEVIEW AVE,https://aramisrealtygroup.com,Overture Maps place 3784daff-64b9-481e-bd61-e898f6f7372f (name match 100.0),2026-10-09,
ATLANTIC REALTY,(209) 668-0501,high,57,https://secure.dre.ca.gov/datafile/CurrList.zip ; https://secure.dre.ca.gov/datafile/broker_associates_list.xls,CA,TURLOCK,2100 GEER RD STE B,http://www.homesatatlantic.com,Overture Maps place 603d6191-d7a8-44f8-aae9-6853455779c6 (name match 100.0) + firm website http://www.homesatatlantic.com,2026-10-09,
AVEDIAN PROPERTIES COMPANY,(559) 739-1200,high,58,https://secure.dre.ca.gov/datafile/CurrList.zip ; https://secure.dre.ca.gov/datafile/broker_associates_list.xls,CA,VISALIA,219 W MAIN ST,http://www.avedianpropertiesre.com/,Overture Maps place 8f0ec8f1-2762-4764-acbd-483f7042bcf8 (name match 100.0) + firm website http://www.avedianpropertiesre.com/,2026-10-09,
"BAY CAPITAL REAL ESTATE, INC.",(207) 415-7511,high,47,https://secure.dre.ca.gov/datafile/CurrList.zip ; https://secure.dre.ca.gov/datafile/broker_associates_list.xls,CA,SALINAS,233 MONTEREY ST,woodworthmaker.com,firm website woodworthmaker.com (text on /contact); Overture Maps place 02956ec9-70ce-4b68-946b-527d6e3a4464 (name match 100.0),2026-10-09,
BAY HOME INVESTMENTS AND LOANS,(925) 980-8868,medium,50,https://secure.dre.ca.gov/datafile/CurrList.zip ; https://secure.dre.ca.gov/datafile/broker_associates_list.xls,CA,PLEASANTON,3958 VALLEY AVE STE B,http://www.yourbayhome.com/,Overture Maps place 52002789-ceb4-495f-81ba-1b1ee8489447 (name match 100.0),2026-10-09,
BAYONE REAL ESTATE INVESTMENT,(510) 378-8462,high,45,https://secure.dre.ca.gov/datafile/CurrList.zip ; https://secure.dre.ca.gov/datafile/broker_associates_list.xls,CA,SAN JOSE,1754 TECHNOLOGY DR STE 108,https://www.bayonere.com,firm website https://www.bayonere.com (text on /); Overture Maps place 633dbda4-8b1e-4621-a625-df8abd887707 (name match 100.0),2026-10-09,
"BLOOM GROUP, INC.",(559) 500-4162,medium,74,https://secure.dre.ca.gov/datafile/CurrList.zip ; https://secure.dre.ca.gov/datafile/broker_associates_list.xls,CA,VISALIA,720 W. ACEQUIA AVE,http://www.thegarciaregroup.com/,Overture Maps place 433f7184-4d10-4ea0-9eae-d24f772de6a0 (name match 100.0),2026-10-09,
BROADPOINT PROPERTIES INC,(760) 839-3838,high,39,https://secure.dre.ca.gov/datafile/CurrList.zip ; https://secure.dre.ca.gov/datafile/broker_associates_list.xls,CA,ESCONDIDO,451 S ESCONDIDO BLVD,http://www.broadpointproperties.com/,Overture Maps place b53fc6b0-299d-4748-890f-3e1ad6d309ed (name match 100.0) + firm website http://www.broadpointproperties.com/,2026-10-09,
"BUCKINGHAM INVESTMENTS, INC.",(310) 982-7055,high,37,https://secure.dre.ca.gov/datafile/CurrList.zip ; https://secure.dre.ca.gov/datafile/broker_associates_list.xls,CA,TORRANCE,1304 EL PRADO AVE STE C,http://www.buckinghaminvestments.com/,Overture Maps place d92dbd49-c662-467a-991d-4d072614fa73 (name match 100.0) + firm website http://www.buckinghaminvestments.com/,2026-10-09,
CALIFORNIA OUTDOOR PROPERTIES INC,(707) 455-4444,high,43,https://secure.dre.ca.gov/datafile/CurrList.zip ; https://secure.dre.ca.gov/datafile/broker_associates_list.xls,CA,VACAVILLE,707 MERCHANT ST,http://www.californiaoutdoorproperties.com,Overture Maps place dbb4a564-9cbe-4773-8202-d417c96c894d (name match 100.0) + firm website http://www.californiaoutdoorproperties.com,2026-10-09,
CAPITAL INVESTMENT REALTY GROUP INC,(310) 275-3915,medium,38,https://secure.dre.ca.gov/datafile/CurrList.zip ; https://secure.dre.ca.gov/datafile/broker_associates_list.xls,CA,BEVERLY HILLS,9800 WILSHIRE BLVD,cirgonline.com,Overture Maps place e5194e54-9f12-4bf9-89d6-18127eb47b12 (name match 100.0),2026-10-09,
CAPITOL CITY REAL ESTATE INC,(916) 716-8226,medium,37,https://secure.dre.ca.gov/datafile/CurrList.zip ; https://secure.dre.ca.gov/datafile/broker_associates_list.xls,CA,SACRAMENTO,917 7TH STREET,,Overture Maps place 1e61b40f-5fa0-4ba1-b708-32342b27ad5e (name match 100.0),2026-10-09,
"CHAMPION REAL ESTATE, INC.",(805) 349-7777,medium,36,https://secure.dre.ca.gov/datafile/CurrList.zip ; https://secure.dre.ca.gov/datafile/broker_associates_list.xls,CA,ORCUTT,225 S FIRST ST,http://www.cornerstonesantamaria.com/,Overture Maps place ceead160-661a-4572-b0ff-e541fc3be498 (name match 100.0),2026-10-09,
CHARLES DUNN REAL ESTATE SERVICES,(213) 683-0500,high,37,https://secure.dre.ca.gov/datafile/CurrList.zip ; https://secure.dre.ca.gov/datafile/broker_associates_list.xls,CA,LOS ANGELES,800 W 6TH ST STE#600,charlesdunn.com,firm website charlesdunn.com (tel on /); Overture Maps place dea44914-9972-49c4-b5f7-747301aa4c2a (name match 100.0),2026-10-09,
CLASSIC ESTATES CORPORATION,(714) 356-2369,low,62,https://secure.dre.ca.gov/datafile/CurrList.zip ; https://secure.dre.ca.gov/datafile/broker_associates_list.xls,CA,CERRITOS,13217 SOUTH ST,https://www.century21.com,Overture Maps place f85ef424-1630-4e48-ac31-3f6c6414399c (address match 93),2026-10-09,Overture listing name includes extra words (may be an individual agent's listing / personal cell)
"COACHELLA VISTA REALTY, INC.",(760) 349-8080,medium,36,https://secure.dre.ca.gov/datafile/CurrList.zip ; https://secure.dre.ca.gov/datafile/broker_associates_list.xls,CA,PALM DESERT,75108 GERALD FORD DR STE 2,https://www.coachellavistarealty.com,Overture Maps place b9eda2a8-753f-4103-a557-1b7c645ec588 (name match 100.0),2026-10-09,
COLLIERS TINGEY INTERNATIONAL INC,(559) 221-1271,low,43,https://secure.dre.ca.gov/datafile/CurrList.zip ; https://secure.dre.ca.gov/datafile/broker_associates_list.xls,CA,FRESNO,7485 N PALM AVE STE 110,https://www.colliers.com,Overture Maps place a765dbe4-b61e-4b37-aa9e-40b2a796e55e (address match 79),2026-10-09,Overture listing name includes extra words (may be an individual agent's listing / personal cell)
CONAM MANAGEMENT CORPORATION,(858) 614-7200,medium,41,https://secure.dre.ca.gov/datafile/CurrList.zip ; https://secure.dre.ca.gov/datafile/broker_associates_list.xls,CA,SAN DIEGO,8620 SPECTRUM CENTER BLVD,https://conam.com/properties/,Overture Maps place 2d08fd2d-3591-4d6b-87c5-a9ecfd2a1025 (name match 100.0),2026-10-09,
CORE REAL ESTATE GROUP,(310) 203-8300,high,67,https://secure.dre.ca.gov/datafile/CurrList.zip ; https://secure.dre.ca.gov/datafile/broker_associates_list.xls,CA,BEVERLY HILLS,9663 SANTA MONICA BLVD STE 359,http://corerealestategroup.com/,Overture Maps place 34d87bd8-15a0-460d-838c-fb923bc1c66a (name match 100.0) + firm website http://corerealestategroup.com/,2026-10-09,
CRESTICO INC,(818) 784-2929,high,38,https://secure.dre.ca.gov/datafile/CurrList.zip ; https://secure.dre.ca.gov/datafile/broker_associates_list.xls,CA,WOODLAND HILLS,22935 VENTURA BLVD STE 201,http://www.crestico.com/,Overture Maps place 5191e9f2-e11e-4d40-906d-b9f41d26c556 (name match 100.0) + firm website http://www.crestico.com/,2026-10-09,
DIAMOND REALTY CORP,(909) 595-3000,medium,63,https://secure.dre.ca.gov/datafile/CurrList.zip ; https://secure.dre.ca.gov/datafile/broker_associates_list.xls,CA,DIAMOND BAR,1411 S DIAMOND BAR BLVD,https://ismartrealty.com,Overture Maps place 27514e42-7eaa-4e14-b82a-90887c72cd5d (name match 100.0),2026-10-09,
ESTATEX INC.,(310) 378-9494,high,53,https://secure.dre.ca.gov/datafile/CurrList.zip ; https://secure.dre.ca.gov/datafile/broker_associates_list.xls,CA,LOS ANGELES,12100 WILSHIRE BLVD 8TH FLOOR,https://estateproperties.com/,firm website https://estateproperties.com/ (text on /); Overture Maps place a7ff38a5-2593-4d9f-b4da-c8fb2ed9335f (name match 92.3076923076923),2026-10-09,
"GENTILE REAL ESTATE, INC.",(559) 434-4999,medium,49,https://secure.dre.ca.gov/datafile/CurrList.zip ; https://secure.dre.ca.gov/datafile/broker_associates_list.xls,CA,FRESNO,7575 N DEL MAR #108,https://gentilerealestate.com,Overture Maps place a0343ebc-de40-40dc-b468-8d9d4bf1fdb9 (name match 100.0),2026-10-09,
"HOLMES BURRELL, INC.",(415) 446-9444,high,41,https://secure.dre.ca.gov/datafile/CurrList.zip ; https://secure.dre.ca.gov/datafile/broker_associates_list.xls,CA,SAN RAFAEL,181 3RD ST #225,http://holmesburrell.com/,Overture Maps place 8dae055b-c165-4508-9eb5-606df38554e1 (name match 100.0) + firm website http://holmesburrell.com/,2026-10-09,
HOME STAR INC,(559) 224-7867,medium,41,https://secure.dre.ca.gov/datafile/CurrList.zip ; https://secure.dre.ca.gov/datafile/broker_associates_list.xls,CA,FRESNO,4678 N 1ST ST,http://www.hmestar.com,Overture Maps place 72e9ec4d-1532-4690-bf53-fe33f11272f4 (name match 100.0),2026-10-09,
KEEGAN & COPPIN COMPANY INC,(707) 528-1400,high,53,https://secure.dre.ca.gov/datafile/CurrList.zip ; https://secure.dre.ca.gov/datafile/broker_associates_list.xls,CA,SANTA ROSA,1355 N DUTTON AVENUE,http://www.keegancoppin.com/,Overture Maps place d127d404-a2c3-4bcd-a5b1-2c02ef774d01 (name match 100.0) + firm website http://www.keegancoppin.com/,2026-10-09,possible cell (labelled cell/mobile/direct on site)
LAGUNA PREMIER REALTY INC.,(949) 900-6930,medium,40,https://secure.dre.ca.gov/datafile/CurrList.zip ; https://secure.dre.ca.gov/datafile/broker_associates_list.xls,CA,LAGUNA WOODS,24371 EL TORO RD STE A,http://www.LagunaPremierRealty.com/,Overture Maps place a9b61c76-804c-4a4a-af6d-62b86bfbe5dc (name match 100.0),2026-10-09,
LEE & ASSOCIATES COMMERCIAL REAL,(909) 989-7771,low,66,https://secure.dre.ca.gov/datafile/CurrList.zip ; https://secure.dre.ca.gov/datafile/broker_associates_list.xls,CA,ONTARIO,3535 INLAND EMPIRE BLVD,http://www.lee-assoc.com/,Overture Maps place fe562bb0-2152-4bc4-91e3-3840c525a542 (address match 100),2026-10-09,Overture listing name includes extra words (may be an individual agent's listing / personal cell)
LIBERTY BUSINESS ADVISORS OF SAN,(415) 781-9304,medium,43,https://secure.dre.ca.gov/datafile/CurrList.zip ; https://secure.dre.ca.gov/datafile/broker_associates_list.xls,CA,WALNUT CREEK,675 YGNACIO VALLEY RD STE B201,,Overture Maps place ef909c19-a381-484d-b5f9-2e532e402d91 (name match 92.5925925925926),2026-10-09,
LUXE REALTY GROUP,(925) 421-7227,high,47,https://secure.dre.ca.gov/datafile/CurrList.zip ; https://secure.dre.ca.gov/datafile/broker_associates_list.xls,CA,PLEASANT HILL,21 MASSOLO DR STE C,http://www.luxegroup.com,Overture Maps place 8752c62d-0e55-4dfd-8618-fde8b74a969e (name match 100.0) + firm website http://www.luxegroup.com,2026-10-09,
"MAYA TEAM, INC",(562) 762-9634,medium,35,https://secure.dre.ca.gov/datafile/CurrList.zip ; https://secure.dre.ca.gov/datafile/broker_associates_list.xls,CA,CERRITOS,18000 STUDEBAKER RD,http://nas.io/mayateaminc,Overture Maps place 6475e8d6-23fe-4a5a-b180-24a0d773ee23 (name match 100.0),2026-10-09,
MEDIA WEST REALTY INC,(818) 845-9700,medium,38,https://secure.dre.ca.gov/datafile/CurrList.zip ; https://secure.dre.ca.gov/datafile/broker_associates_list.xls,CA,BURBANK,1300 W MAGNOLIA BLVD,http://www.mediawestrealty.com,Overture Maps place db760039-c167-4354-a6e3-0d6e5773c992 (name match 100.0),2026-10-09,
MELSON REALTY INC,(559) 788-2222,medium,42,https://secure.dre.ca.gov/datafile/CurrList.zip ; https://secure.dre.ca.gov/datafile/broker_associates_list.xls,CA,PORTERVILLE,444 N PROSPECT STE B,http://www.jackiehillen.com,Overture Maps place 865a2d75-5db9-4e9d-acbb-120ab96c08a4 (name match 100.0),2026-10-09,
MI & IS INC,(209) 833-4000,medium,47,https://secure.dre.ca.gov/datafile/CurrList.zip ; https://secure.dre.ca.gov/datafile/broker_associates_list.xls,CA,TRACY,"672 W. 11TH STREET, STE 380",,Overture Maps place fd37a2f3-f07f-4fd8-94a4-f8096886e073 (name match 100.0),2026-10-09,
"MORGAN REAL ESTATE & FINANCIAL, INC.",(408) 320-8080,high,70,https://secure.dre.ca.gov/datafile/CurrList.zip ; https://secure.dre.ca.gov/datafile/broker_associates_list.xls,CA,SAN JOSE,2051 JUNCTION AVE #237,https://www.morganhomeloan.com,Overture Maps place e0601348-521c-4a02-8579-e01218e3a823 (name match 100.0) + firm website https://www.morganhomeloan.com,2026-10-09,
NORTH HILLS REALTY CORP,(714) 731-5900,medium,58,https://secure.dre.ca.gov/datafile/CurrList.zip ; https://secure.dre.ca.gov/datafile/broker_associates_list.xls,CA,TUSTIN,17771 17TH STREET,http://www.northhillsrealty.com/,Overture Maps place de1f7f86-9e90-4ba5-aa31-499fde4a5aad (name match 100.0),2026-10-09,
"OMARSHALL, INC",(650) 873-6844,high,40,https://secure.dre.ca.gov/datafile/CurrList.zip ; https://secure.dre.ca.gov/datafile/broker_associates_list.xls,CA,SAN BRUNO,683 JENEVEIN AVE,https://www.omarsh.com,Overture Maps place a3885d02-745f-4aa0-bb8a-626ab1e01030 (name match 100.0) + firm website https://www.omarsh.com,2026-10-09,
PARK PLACE PARTNERS INC,(949) 852-8288,medium,37,https://secure.dre.ca.gov/datafile/CurrList.zip ; https://secure.dre.ca.gov/datafile/broker_associates_list.xls,CA,IRVINE,100 SPECTRUM CENTER DR SUITE 1400,,Overture Maps place a09da456-edf1-495a-b98d-782725e12aa5 (name match 100.0),2026-10-09,
PEARSON REALTY,(559) 432-6200,medium,53,https://secure.dre.ca.gov/datafile/CurrList.zip ; https://secure.dre.ca.gov/datafile/broker_associates_list.xls,CA,FRESNO,7480 N PALM AVE STE 101,https://linktr.ee/pearsonrealty,Overture Maps place 7261363f-1a1c-4815-9dad-6c3e7c668634 (name match 100.0),2026-10-09,
PENINSULA REALTY INC,(310) 938-4989,high,43,https://secure.dre.ca.gov/datafile/CurrList.zip ; https://secure.dre.ca.gov/datafile/broker_associates_list.xls,CA,TORRANCE,23024 CRENSHAW BLVD,https://www.peninsularealtyinc.com,Overture Maps place 8628718e-9d2f-4a4d-adfc-88d7726723df (name match 100.0) + firm website https://www.peninsularealtyinc.com,2026-10-09,
PERSON REALTY INC,(310) 325-8700,medium,55,https://secure.dre.ca.gov/datafile/CurrList.zip ; https://secure.dre.ca.gov/datafile/broker_associates_list.xls,CA,TORRANCE,21171 S WESTERN AVE STE 2633,personrealtyhp.com,Overture Maps place ba3adc9e-3833-43e7-8f3a-83d40a04de67 (name match 100.0),2026-10-09,
PLATINUM STAR PROPERTIES,(760) 424-8027,high,57,https://secure.dre.ca.gov/datafile/CurrList.zip ; https://secure.dre.ca.gov/datafile/broker_associates_list.xls,CA,PALM SPRINGS,4741 E PALM CANYON DR STE B,https://PlatinumStarProperties.com/,Overture Maps place 9731bc4c-2d78-43a9-9f79-2b288619d533 (name match 100.0) + firm website https://PlatinumStarProperties.com/,2026-10-09,
PLG ESTATES INC.,(310) 788-0700,high,38,https://secure.dre.ca.gov/datafile/CurrList.zip ; https://secure.dre.ca.gov/datafile/broker_associates_list.xls,CA,BEVERLY HILLS,9800 WILSHIRE BLVD,http://www.plgestatesinc.com,Overture Maps place 6ad5e3d4-0391-411f-8748-eb3bbb82d633 (name match 100.0) + firm website http://www.plgestatesinc.com,2026-10-09,
PRESIDENTIAL INCORPORATED,(949) 654-2626,medium,62,https://secure.dre.ca.gov/datafile/CurrList.zip ; https://secure.dre.ca.gov/datafile/broker_associates_list.xls,CA,IRVINE,14785 JEFFREY RD #103,,Overture Maps place d868b5aa-0fd9-4a8a-b2ed-4c48f4c75d11 (name match 100.0),2026-10-09,
QUALITY REAL ESTATE CORP.,(909) 282-8144,medium,50,https://secure.dre.ca.gov/datafile/CurrList.zip ; https://secure.dre.ca.gov/datafile/broker_associates_list.xls,CA,MONTCLAIR,4795 HOLT BLVD,http://qualityre.org/,Overture Maps place ab9bf777-65a1-49a1-bfcc-74cb8da5c0bf (name match 100.0),2026-10-09,
"RELIANT REALTY, INC.",(916) 529-4111,high,55,https://secure.dre.ca.gov/datafile/CurrList.zip ; https://secure.dre.ca.gov/datafile/broker_associates_list.xls,CA,SACRAMENTO,2100 NORTHROP AVE STE 900,http://www.1reliant.com,Overture Maps place 8ba67fda-39e9-4d1e-a097-dce35b033b6b (name match 100.0) + firm website http://www.1reliant.com,2026-10-09,
ROGER V MAGANA,(661) 323-7000,high,64,https://secure.dre.ca.gov/datafile/CurrList.zip ; https://secure.dre.ca.gov/datafile/broker_associates_list.xls,CA,BAKERSFIELD,4700 STOCKDALE HWY SUITE 110,http://www.goldenvalleygroup.com/,firm website http://www.goldenvalleygroup.com/ (tel on /); Overture Maps place de4d1d64-8ea8-4673-bc86-650b59bcbcf6 (name match 100.0),2026-10-09,
ROSSMOOR PROPERTIES INC,(925) 932-1162,medium,35,https://secure.dre.ca.gov/datafile/CurrList.zip ; https://secure.dre.ca.gov/datafile/broker_associates_list.xls,CA,WALNUT CREEK,1641 TICE VALLEY BLVD,,Overture Maps place 7d281cf9-d878-41c3-ac4f-9ab7fbda6dff (name match 100.0),2026-10-09,
SADEK REAL ESTATE,(916) 768-1222,medium,45,https://secure.dre.ca.gov/datafile/CurrList.zip ; https://secure.dre.ca.gov/datafile/broker_associates_list.xls,CA,ROSEVILLE,PO BOX 432,http://sadekre.com,Overture Maps place 744de786-8d98-47cf-9470-604ff6b06911 (name match 100.0),2026-10-09,
SAN FERNANDO REALTY INC,(818) 365-5671,medium,62,https://secure.dre.ca.gov/datafile/CurrList.zip ; https://secure.dre.ca.gov/datafile/broker_associates_list.xls,CA,SAN FERNANDO,458 N MACLAY AVE,http://Ramiroestrada.com/,Overture Maps place 73972149-e0b4-49f0-ae04-7fc4f3e453e1 (name match 100.0),2026-10-09,
SHEA HOMES MARKETING COMPANY,(909) 594-9500,low,69,https://secure.dre.ca.gov/datafile/CurrList.zip ; https://secure.dre.ca.gov/datafile/broker_associates_list.xls,CA,WALNUT,655 BREA CANYON RD,,Overture Maps place ee207663-be63-4545-a3d2-bf5dc0907dc3 (address match 100),2026-10-09,Overture listing name includes extra words (may be an individual agent's listing / personal cell)
SHORE CAPITAL CORPORATION,(714) 625-8938,high,52,https://secure.dre.ca.gov/datafile/CurrList.zip ; https://secure.dre.ca.gov/datafile/broker_associates_list.xls,CA,HUNTINGTON BEACH,9114 ADAMS AVE #165,https://www.shorecapital.net,firm website https://www.shorecapital.net (tel on /contact); Overture Maps place 57137d38-5f15-4a23-ae53-8b34596ad391 (name match 100.0),2026-10-09,
"SIGNATURE REALTY, INC.",(951) 651-5338,low,61,https://secure.dre.ca.gov/datafile/CurrList.zip ; https://secure.dre.ca.gov/datafile/broker_associates_list.xls,CA,TEMECULA,42575 DEVANT CIR,http://www.signaturerealtynetwork.com/,Overture Maps place 336fa2ee-d37b-4a1c-b2ec-6e0af411c61a (address match 100),2026-10-09,Overture listing name includes extra words (may be an individual agent's listing / personal cell)
SONORA REALTY GROUP INC.,(650) 465-3694,medium,37,https://secure.dre.ca.gov/datafile/CurrList.zip ; https://secure.dre.ca.gov/datafile/broker_associates_list.xls,CA,SONORA,8 S WASHINGTON ST,http://sonorare.org/,Overture Maps place 46f2699e-4062-490a-90e6-e4a18e280c3b (name match 100.0),2026-10-09,
SOUTHLAND PROPERTIES REAL ESTATE,(626) 914-6999,high,35,https://secure.dre.ca.gov/datafile/CurrList.zip ; https://secure.dre.ca.gov/datafile/broker_associates_list.xls,CA,GLENDORA,211 N GLENDORA AVE,http://www.southlandproperties.net,Overture Maps place c39bfa9b-b330-4a1c-a3e8-995656dc06b4 (name match 100.0) + firm website http://www.southlandproperties.net,2026-10-09,
STANFLES REALTY INC.,(323) 640-0774,medium,68,https://secure.dre.ca.gov/datafile/CurrList.zip ; https://secure.dre.ca.gov/datafile/broker_associates_list.xls,CA,LOS ANGELES,123 S FIGUEROA ST STE 108A,http://www.mashon1realtor.com/,Overture Maps place 54adef41-3335-4ba3-ac63-9986447b66c9 (name match 100.0),2026-10-09,
STRAND HILL PROPERTIES,(310) 545-0707,high,68,https://secure.dre.ca.gov/datafile/CurrList.zip ; https://secure.dre.ca.gov/datafile/broker_associates_list.xls,CA,MANHATTAN BEACH,"1141 HIGHLAND AVENUE, 2ND FLOOR",http://strandhillproperties.com,Overture Maps place 5b20fbb3-e640-4964-b59c-45df9352140f (name match 100.0) + firm website http://strandhillproperties.com,2026-10-09,
SUPREME INVESTMENT CORP.,(626) 618-7100,medium,69,https://secure.dre.ca.gov/datafile/CurrList.zip ; https://secure.dre.ca.gov/datafile/broker_associates_list.xls,CA,TEMPLE CITY,4509 TEMPLE CITY BLVD,http://www.supremeinvestment.com/,Overture Maps place 1a4446bb-62a8-4e7f-9ebb-aa53fa80583e (name match 100.0),2026-10-09,
"SWELL PROPERTY, INC.",(760) 452-2345,high,38,https://secure.dre.ca.gov/datafile/CurrList.zip ; https://secure.dre.ca.gov/datafile/broker_associates_list.xls,CA,ENCINITAS,1967 N COAST HWY 101,https://swellproperty.com/,Overture Maps place b4dee838-5abe-4ab1-bea0-bdff42183623 (name match 100.0) + firm website https://swellproperty.com/,2026-10-09,
SYNERGY REAL ESTATE,(562) 696-6515,medium,47,https://secure.dre.ca.gov/datafile/CurrList.zip ; https://secure.dre.ca.gov/datafile/broker_associates_list.xls,CA,WHITTIER,PO BOX 5427,,Overture Maps place 4c153d94-5b24-4194-a145-84c4887e6d36 (name match 100.0),2026-10-09,
TAYLOR MORRISON SERVICES INC,(916) 355-8900,medium,68,https://secure.dre.ca.gov/datafile/CurrList.zip ; https://secure.dre.ca.gov/datafile/broker_associates_list.xls,CA,FOLSOM,81 BLUE RAVINE RD STE 220,https://www.taylormorrison.com,Overture Maps place 26c08e0a-45af-4262-a8bb-c6de90e7a7f1 (name match 100.0),2026-10-09,
THE ADAME GROUP,(714) 364-8882,high,41,https://secure.dre.ca.gov/datafile/CurrList.zip ; https://secure.dre.ca.gov/datafile/broker_associates_list.xls,CA,SANTA ANA,603 N PARKCENTER DR,https://adamegroup.com/contact-us,firm website https://adamegroup.com/contact-us (tel on /); Overture Maps place cb98223e-01f5-4bbb-9970-529c7043f6b1 (name match 100.0),2026-10-09,
THE ART IN REAL ESTATE INC,(818) 241-3000,high,43,https://secure.dre.ca.gov/datafile/CurrList.zip ; https://secure.dre.ca.gov/datafile/broker_associates_list.xls,CA,GLENDALE,1155 N CENTRAL AVE #101,http://theartinrealestate.com/,Overture Maps place 29c180eb-4d8d-43f2-9fac-a69c25c94692 (name match 100.0) + firm website http://theartinrealestate.com/,2026-10-09,
THE BAISERI PROPERTY COMPANY,(626) 609-2130,medium,57,https://secure.dre.ca.gov/datafile/CurrList.zip ; https://secure.dre.ca.gov/datafile/broker_associates_list.xls,CA,GLENDORA,158 N GLENDORA AVE STE M,,Overture Maps place d22e1e8b-8afe-4297-9e3a-402bd3e6f39b (name match 100.0),2026-10-09,
THE COLLECTIVE REALTY. INC.,(310) 569-1335,medium,45,https://secure.dre.ca.gov/datafile/CurrList.zip ; https://secure.dre.ca.gov/datafile/broker_associates_list.xls,CA,WEST HOLLYWOOD,8278 1/2 SANTA MONICA BLVD,http://www.thecollectiverealty.com/,Overture Maps place eab50139-0a0e-4872-ada3-0413e03a4685 (name match 100.0),2026-10-09,
"THE NETWORK REALTY GROUP, INC.",(949) 335-5435,low,40,https://secure.dre.ca.gov/datafile/CurrList.zip ; https://secure.dre.ca.gov/datafile/broker_associates_list.xls,CA,TUSTIN,1541 PARKWAY LOOP STE D,http://www.UseTheNetwork.com/,Overture Maps place 526d63a6-bd16-4a11-bd5f-f83818379723 (address match 100),2026-10-09,Overture listing name includes extra words (may be an individual agent's listing / personal cell)
THE REAL ESTATE STORE INC,(562) 464-9994,medium,40,https://secure.dre.ca.gov/datafile/CurrList.zip ; https://secure.dre.ca.gov/datafile/broker_associates_list.xls,CA,WHITTIER,13225 PHILADELPHIA ST STE E,https://www.ezeepost4realestate.com,Overture Maps place 901b1688-3e26-42cc-833f-c9767c45dd7e (name match 100.0),2026-10-09,
TOWN & COUNTRY HOME AND INVESTMENT,(530) 222-3800,medium,41,https://secure.dre.ca.gov/datafile/CurrList.zip ; https://secure.dre.ca.gov/datafile/broker_associates_list.xls,CA,REDDING,2535 SHASTA VIEW DRIVE,tandconline.com,Overture Maps place 9fcfe9c2-18c7-4ce2-844d-2efc2e98aa4d (name match 100.0),2026-10-09,
TRI COMMERCIAL REAL ESTATE SERVICES,(925) 296-3305,low,40,https://secure.dre.ca.gov/datafile/CurrList.zip ; https://secure.dre.ca.gov/datafile/broker_associates_list.xls,CA,WALNUT CREEK,1777 OAKLAND BLVD,http://www.tricommercial.com/,Overture Maps place a6b2cce1-c9e6-49a1-be36-57d4640b33e6 (address match 100),2026-10-09,Overture listing name includes extra words (may be an individual agent's listing / personal cell)
UNITED BROKERS REAL ESTATE,(510) 346-7900,medium,38,https://secure.dre.ca.gov/datafile/CurrList.zip ; https://secure.dre.ca.gov/datafile/broker_associates_list.xls,CA,SAN LEANDRO,2408 MERCED ST,http://www.ubre.com/,Overture Maps place ab3f7c18-4672-4714-93db-5899bdee8820 (name match 100.0),2026-10-09,
VALLEYVENTURES REALTY INC.,(925) 413-0269,high,58,https://secure.dre.ca.gov/datafile/CurrList.zip ; https://secure.dre.ca.gov/datafile/broker_associates_list.xls,CA,DUBLIN,7209 OAK RIDGE CT,http://www.RealtorSunny.com/,Overture Maps place 8e682657-8328-4489-9b7e-02945570fe12 (name match 100.0) + firm website http://www.RealtorSunny.com/,2026-10-09,
VASTREE REAL ESTATE INC.,(626) 294-9900,medium,62,https://secure.dre.ca.gov/datafile/CurrList.zip ; https://secure.dre.ca.gov/datafile/broker_associates_list.xls,CA,MONROVIA,220 S MYRTLE AVE,https://vastree.com,Overture Maps place 5c27edeb-5bb4-45da-a4a4-61754cd2b362 (name match 100.0),2026-10-09,
VILLAGE ASSOCIATES REAL ESTATE,(925) 254-0505,high,35,https://secure.dre.ca.gov/datafile/CurrList.zip ; https://secure.dre.ca.gov/datafile/broker_associates_list.xls,CA,ORINDA,51 MORAGA WAY,http://www.villageassociates.com/,Overture Maps place 38c69efa-6713-4177-b6b1-bc504da55c45 (name match 100.0) + firm website http://www.villageassociates.com/,2026-10-09,
ATLAS REAL ESTATE GROUP LLC,(303) 242-8980,high,57,https://apps2.colorado.gov/dre/licensing/Lookup/GenerateRoster.aspx (Active Associate Brokers + Active Responsible Brokers + Active Real Estate Companies rosters),CO,DENVER,970 YUMA ST,https://www.RealAtlas.com/,regulator firm record (https://apps2.colorado.gov/dre/licensing/Lookup/GenerateRoster.aspx) + firm website https://www.RealAtlas.com/,2026-10-09,
BITTER CREEK FINANCE LLC,(307) 530-3880,medium,57,https://apps2.colorado.gov/dre/licensing/Lookup/GenerateRoster.aspx (Active Associate Brokers + Active Responsible Brokers + Active Real Estate Companies rosters),CO,LOVELAND,201 E 4TH ST,https://homesmart.com/real-estate-agent/colorado/loveland/41393-ellen-lake/Welcome,regulator firm record (https://apps2.colorado.gov/dre/licensing/Lookup/GenerateRoster.aspx),2026-10-09,
BRAY AND COMPANY,(970) 242-3647,high,54,https://apps2.colorado.gov/dre/licensing/Lookup/GenerateRoster.aspx (Active Associate Brokers + Active Responsible Brokers + Active Real Estate Companies rosters),CO,GRAND JUNCTION,1015 N 7TH STREET,http://www.brayandco.com/,regulator firm record (https://apps2.colorado.gov/dre/licensing/Lookup/GenerateRoster.aspx) + firm website http://www.brayandco.com/,2026-10-09,
"CHERRY CREEK METRO REALTY, INC",(303) 320-1556,medium,58,https://apps2.colorado.gov/dre/licensing/Lookup/GenerateRoster.aspx (Active Associate Brokers + Active Responsible Brokers + Active Real Estate Companies rosters),CO,DENVER,100 JACKSON ST,,regulator firm record (https://apps2.colorado.gov/dre/licensing/Lookup/GenerateRoster.aspx),2026-10-09,
CHRISTIE'S INTERNATIONAL REAL ESTATE ASPEN SNOWMASS LLC,(727) 510-7153,medium,60,https://apps2.colorado.gov/dre/licensing/Lookup/GenerateRoster.aspx (Active Associate Brokers + Active Responsible Brokers + Active Real Estate Companies rosters),CO,ASPEN,520 E DURANT AVE STE 205,http://linktr.ee/christiesaspenre,regulator firm record (https://apps2.colorado.gov/dre/licensing/Lookup/GenerateRoster.aspx),2026-10-09,
CODE OF THE WEST REAL ESTATE LLC,(719) 742-3626,high,40,https://apps2.colorado.gov/dre/licensing/Lookup/GenerateRoster.aspx (Active Associate Brokers + Active Responsible Brokers + Active Real Estate Companies rosters),CO,LA VETA,215 S MAIN ST,https://www.cotwrealestate.com,regulator firm record (https://apps2.colorado.gov/dre/licensing/Lookup/GenerateRoster.aspx) + firm website https://www.cotwrealestate.com,2026-10-09,
COLLIERS BENNETT AND KAHNWEILER INC,(303) 745-5800,medium,40,https://apps2.colorado.gov/dre/licensing/Lookup/GenerateRoster.aspx (Active Associate Brokers + Active Responsible Brokers + Active Real Estate Companies rosters),CO,DENVER,4643 S ULSTER ST STE 1000,,regulator firm record (https://apps2.colorado.gov/dre/licensing/Lookup/GenerateRoster.aspx),2026-10-09,
"COLORADO SPRINGS REAL ESTATE GROUP, LLC",(719) 445-0234,high,72,https://apps2.colorado.gov/dre/licensing/Lookup/GenerateRoster.aspx (Active Associate Brokers + Active Responsible Brokers + Active Real Estate Companies rosters),CO,COLORADO SPRINGS,25 N SPRUCE ST STE 200,http://www.kwcolosprings.com/,regulator firm record (https://apps2.colorado.gov/dre/licensing/Lookup/GenerateRoster.aspx) + Overture Maps place f68d3803-a475-46e3-8d51-8447892b1dbf (name match 100.0),2026-10-09,
"CONIFER PARTNERS, LLC",(303) 838-3000,high,55,https://apps2.colorado.gov/dre/licensing/Lookup/GenerateRoster.aspx (Active Associate Brokers + Active Responsible Brokers + Active Real Estate Companies rosters),CO,CONIFER,26719 PLEASANT PARK RD,https://kellerwilliamsfoothillsrealty.yourkwoffice.com,regulator firm record (https://apps2.colorado.gov/dre/licensing/Lookup/GenerateRoster.aspx) + Overture Maps place 901cfaf4-2308-420d-a724-4e3759992f1f (name match 100.0),2026-10-09,
D N & G INC,(303) 457-4800,medium,45,https://apps2.colorado.gov/dre/licensing/Lookup/GenerateRoster.aspx (Active Associate Brokers + Active Responsible Brokers + Active Real Estate Companies rosters),CO,DENVER,12000 PECOS ST STE 200,,regulator firm record (https://apps2.colorado.gov/dre/licensing/Lookup/GenerateRoster.aspx),2026-10-09,
DENVER GOLD LLC,(303) 345-3000,high,35,https://apps2.colorado.gov/dre/licensing/Lookup/GenerateRoster.aspx (Active Associate Brokers + Active Responsible Brokers + Active Real Estate Companies rosters),CO,AURORA,3151 S VAUGHN WAY STE 520,http://www.portico-group.com/,regulator firm record (https://apps2.colorado.gov/dre/licensing/Lookup/GenerateRoster.aspx) + Overture Maps place c1910826-771c-4739-bb26-5843345393ff (name match 100.0),2026-10-09,
DISTINCT REAL ESTATE LLC,(720) 441-4440,high,35,https://apps2.colorado.gov/dre/licensing/Lookup/GenerateRoster.aspx (Active Associate Brokers + Active Responsible Brokers + Active Real Estate Companies rosters),CO,WESTMINSTER,1511 W 124TH AVE STE 100,https://www.distinctre.com,Overture Maps place 7118b309-5310-41a3-bf88-234bd2b036c7 (name match 100.0) + firm website https://www.distinctre.com,2026-10-09,
DOUGLAS COUNTY PARTNERS LLC,(303) 688-8300,high,38,https://apps2.colorado.gov/dre/licensing/Lookup/GenerateRoster.aspx (Active Associate Brokers + Active Responsible Brokers + Active Real Estate Companies rosters),CO,CASTLE ROCK,205 4TH ST,https://kellerwilliamsactionrealty.kw.com/,regulator firm record (https://apps2.colorado.gov/dre/licensing/Lookup/GenerateRoster.aspx) + Overture Maps place ea925e07-335c-48d3-a32a-353c9accac17 (name match 100.0),2026-10-09,
DOUGLAS ELLIMAN OF COLORADO LLC,(970) 925-8810,high,49,https://apps2.colorado.gov/dre/licensing/Lookup/GenerateRoster.aspx (Active Associate Brokers + Active Responsible Brokers + Active Real Estate Companies rosters),CO,ASPEN,520 E DURANT AVE,http://www.elliman.com/colorado,regulator firm record (https://apps2.colorado.gov/dre/licensing/Lookup/GenerateRoster.aspx) + Overture Maps place bae9db6b-c09c-49d1-9bf9-e56ae887559c (name match 100.0),2026-10-09,
ELEVATE REAL ESTATE LLC,(970) 258-9300,high,40,https://apps2.colorado.gov/dre/licensing/Lookup/GenerateRoster.aspx (Active Associate Brokers + Active Responsible Brokers + Active Real Estate Companies rosters),CO,MONTROSE,300 E MAIN ST,https://www.nexthomevirtual.com/,regulator firm record (https://apps2.colorado.gov/dre/licensing/Lookup/GenerateRoster.aspx) + Overture Maps place 8c8055d6-06eb-42e0-b024-c53ec6c090a3 (name match 100.0),2026-10-09,
"ELEVATED REAL ESTATE, LLC",(303) 800-4700,high,44,https://apps2.colorado.gov/dre/licensing/Lookup/GenerateRoster.aspx (Active Associate Brokers + Active Responsible Brokers + Active Real Estate Companies rosters),CO,DENVER,1001 BANNOCK ST,https://elevateres.com,Overture Maps place f0c0197a-e6de-4e1a-b79b-fe17b2d49cf1 (name match 93.33333333333333) + firm website https://elevateres.com,2026-10-09,
EQUITY COLORADO FRONT RANGE LLC,(303) 416-8363,medium,73,https://apps2.colorado.gov/dre/licensing/Lookup/GenerateRoster.aspx (Active Associate Brokers + Active Responsible Brokers + Active Real Estate Companies rosters),CO,LONGMONT,710 KIMBARK ST,,regulator firm record (https://apps2.colorado.gov/dre/licensing/Lookup/GenerateRoster.aspx),2026-10-09,
"FOURPOINTS 2.0, LLC",(970) 405-2839,medium,46,https://apps2.colorado.gov/dre/licensing/Lookup/GenerateRoster.aspx (Active Associate Brokers + Active Responsible Brokers + Active Real Estate Companies rosters),CO,LOVELAND,1389 SCULPTOR DR,,regulator firm record (https://apps2.colorado.gov/dre/licensing/Lookup/GenerateRoster.aspx),2026-10-09,
"GRAND JUNCTION REALTY, LLC",(970) 256-9100,medium,69,https://apps2.colorado.gov/dre/licensing/Lookup/GenerateRoster.aspx (Active Associate Brokers + Active Responsible Brokers + Active Real Estate Companies rosters),CO,GRAND JUNCTION,2474 PATTERSON RD STE 100,https://andreahaitz.kw.com/,regulator firm record (https://apps2.colorado.gov/dre/licensing/Lookup/GenerateRoster.aspx),2026-10-09,
"GREP SOUTHWEST, LLC",(719) 243-1002,medium,47,https://apps2.colorado.gov/dre/licensing/Lookup/GenerateRoster.aspx (Active Associate Brokers + Active Responsible Brokers + Active Real Estate Companies rosters),CO,GREENWOOD VILLAGE,"5445 DTC PARKWAY, PENTHOUSE 1",,regulator firm record (https://apps2.colorado.gov/dre/licensing/Lookup/GenerateRoster.aspx),2026-10-09,
HAYDEN OUTDOORS LLC,(970) 674-1990,high,65,https://apps2.colorado.gov/dre/licensing/Lookup/GenerateRoster.aspx (Active Associate Brokers + Active Responsible Brokers + Active Real Estate Companies rosters),CO,WINDSOR,501 MAIN ST,http://www.haydenoutdoors.com/,regulator firm record (https://apps2.colorado.gov/dre/licensing/Lookup/GenerateRoster.aspx) + firm website http://www.haydenoutdoors.com/,2026-10-09,
IMG28 INC.,(720) 271-8938,medium,45,https://apps2.colorado.gov/dre/licensing/Lookup/GenerateRoster.aspx (Active Associate Brokers + Active Responsible Brokers + Active Real Estate Companies rosters),CO,DENVER,4600 S ULSTER ST,https://www.realestate-denver.com/,regulator firm record (https://apps2.colorado.gov/dre/licensing/Lookup/GenerateRoster.aspx),2026-10-09,
IRE INC,(720) 692-6563,medium,52,https://apps2.colorado.gov/dre/licensing/Lookup/GenerateRoster.aspx (Active Associate Brokers + Active Responsible Brokers + Active Real Estate Companies rosters),CO,DENVER,1041 S GAYLORD ST,http://denver.evrealestate.com/,regulator firm record (https://apps2.colorado.gov/dre/licensing/Lookup/GenerateRoster.aspx),2026-10-09,
JLB KLB LLC,(303) 521-5025,medium,71,https://apps2.colorado.gov/dre/licensing/Lookup/GenerateRoster.aspx (Active Associate Brokers + Active Responsible Brokers + Active Real Estate Companies rosters),CO,DENVER,"255 CLAYTON ST, STE 110",https://www.theagencyre.com/denver,regulator firm record (https://apps2.colorado.gov/dre/licensing/Lookup/GenerateRoster.aspx),2026-10-09,
JOH STEAMBOAT LLC,(970) 879-8100,high,75,https://apps2.colorado.gov/dre/licensing/Lookup/GenerateRoster.aspx (Active Associate Brokers + Active Responsible Brokers + Active Real Estate Companies rosters),CO,STEAMBOAT SPRINGS,610 MARKETPLACE PLZ,http://www.steamboatrentaldivision.com/,regulator firm record (https://apps2.colorado.gov/dre/licensing/Lookup/GenerateRoster.aspx) + Overture Maps place 91e4dabc-e7c8-4293-af2d-47d33a048a4e (name match 100.0),2026-10-09,
JONES LANG LASALLE BROKERAGE INC,(303) 260-6500,high,64,https://apps2.colorado.gov/dre/licensing/Lookup/GenerateRoster.aspx (Active Associate Brokers + Active Responsible Brokers + Active Real Estate Companies rosters),CO,DENVER,1225 17TH ST STE 1900,https://www.us.jll.com/en/locations/west/denver,regulator firm record (https://apps2.colorado.gov/dre/licensing/Lookup/GenerateRoster.aspx) + Overture Maps place d6c852c4-bcd2-430a-89e1-97c24efe40cc (name match 100.0),2026-10-09,
KCWL REAL ESTATE BROKERAGE GROUP LLC,(303) 704-5840,medium,37,https://apps2.colorado.gov/dre/licensing/Lookup/GenerateRoster.aspx (Active Associate Brokers + Active Responsible Brokers + Active Real Estate Companies rosters),CO,DENVER,2570 LAWRENCE ST,,regulator firm record (https://apps2.colorado.gov/dre/licensing/Lookup/GenerateRoster.aspx),2026-10-09,
"KENTWOOD REAL ESTATE SERVICES, LLC",(303) 773-3399,high,36,https://apps2.colorado.gov/dre/licensing/Lookup/GenerateRoster.aspx (Active Associate Brokers + Active Responsible Brokers + Active Real Estate Companies rosters),CO,DENVER,"4949 S. NIAGARA STREET, SUITE 400",https://www.kentwood.com/,regulator firm record (https://apps2.colorado.gov/dre/licensing/Lookup/GenerateRoster.aspx) + Overture Maps place 32a2b41b-d47e-4544-8970-6685f675516f (name match 100.0),2026-10-09,
KEY TEAM REAL ESTATE CORP,(720) 280-8311,medium,69,https://apps2.colorado.gov/dre/licensing/Lookup/GenerateRoster.aspx (Active Associate Brokers + Active Responsible Brokers + Active Real Estate Companies rosters),CO,BRIGHTON,25 S 3RD AVE,https://www.thekey.team/,regulator firm record (https://apps2.colorado.gov/dre/licensing/Lookup/GenerateRoster.aspx),2026-10-09,
LEGACY REFERRALS LLC,(303) 797-6500,medium,42,https://apps2.colorado.gov/dre/licensing/Lookup/GenerateRoster.aspx (Active Associate Brokers + Active Responsible Brokers + Active Real Estate Companies rosters),CO,DENVER,2755 S LOCUST ST,,regulator firm record (https://apps2.colorado.gov/dre/licensing/Lookup/GenerateRoster.aspx),2026-10-09,
"LICENSE PARK REALTY, LLC",(703) 762-6218,medium,36,https://apps2.colorado.gov/dre/licensing/Lookup/GenerateRoster.aspx (Active Associate Brokers + Active Responsible Brokers + Active Real Estate Companies rosters),CO,RESTON,1818 LIBRARY ST,,regulator firm record (https://apps2.colorado.gov/dre/licensing/Lookup/GenerateRoster.aspx),2026-10-09,
"MARCUS & MILLICHAP REAL ESTATE INVESTMENT SERVICES, INC.",(303) 328-2000,medium,47,https://apps2.colorado.gov/dre/licensing/Lookup/GenerateRoster.aspx (Active Associate Brokers + Active Responsible Brokers + Active Real Estate Companies rosters),CO,CALABASAS,23975 PARK SORRENTO,,regulator firm record (https://apps2.colorado.gov/dre/licensing/Lookup/GenerateRoster.aspx),2026-10-09,
MCKK LIMITED,(719) 593-1000,high,73,https://apps2.colorado.gov/dre/licensing/Lookup/GenerateRoster.aspx (Active Associate Brokers + Active Responsible Brokers + Active Real Estate Companies rosters),CO,COLORADO SPRINGS,6385 CORPORATE DR #301,https://erashields.com,regulator firm record (https://apps2.colorado.gov/dre/licensing/Lookup/GenerateRoster.aspx) + firm website https://erashields.com,2026-10-09,
MODERN REAL ESTATE CO LLC,(303) 433-3158,medium,61,https://apps2.colorado.gov/dre/licensing/Lookup/GenerateRoster.aspx (Active Associate Brokers + Active Responsible Brokers + Active Real Estate Companies rosters),CO,ARVADA,5601 OLDE WADSWORTH BLVD STE 220,https://michellevancleave.jparmodernre.com/,regulator firm record (https://apps2.colorado.gov/dre/licensing/Lookup/GenerateRoster.aspx),2026-10-09,
"MODUS REAL ESTATE, LLC",(303) 974-4717,medium,72,https://apps2.colorado.gov/dre/licensing/Lookup/GenerateRoster.aspx (Active Associate Brokers + Active Responsible Brokers + Active Real Estate Companies rosters),CO,DENVER,2079 W 44TH AVE,https://www.modusrealestate.com,regulator firm record (https://apps2.colorado.gov/dre/licensing/Lookup/GenerateRoster.aspx),2026-10-09,
MOUNTAIN PARTNERS REAL ESTATE LLC,(970) 476-1600,medium,65,https://apps2.colorado.gov/dre/licensing/Lookup/GenerateRoster.aspx (Active Associate Brokers + Active Responsible Brokers + Active Real Estate Companies rosters),CO,EDWARDS,56 EDWARDS VILLAGE BLVD UNIT 113,,regulator firm record (https://apps2.colorado.gov/dre/licensing/Lookup/GenerateRoster.aspx),2026-10-09,
MOUNTAIN REFERRALS INC,(970) 845-2002,medium,71,https://apps2.colorado.gov/dre/licensing/Lookup/GenerateRoster.aspx (Active Associate Brokers + Active Responsible Brokers + Active Real Estate Companies rosters),CO,AVON,PO BOX 2820,,regulator firm record (https://apps2.colorado.gov/dre/licensing/Lookup/GenerateRoster.aspx),2026-10-09,
PEAK 8 PROPERTIES LLC,(970) 236-6236,high,47,https://apps2.colorado.gov/dre/licensing/Lookup/GenerateRoster.aspx (Active Associate Brokers + Active Responsible Brokers + Active Real Estate Companies rosters),CO,BRECKENRIDGE,100 S MAIN ST,http://www.breckenridgehappyhomes.com/,Overture Maps place dfddb8fb-5e5b-4570-ac98-0b49f1f5c41b (address match 84) + firm website http://www.breckenridgehappyhomes.com/,2026-10-09,
PINK REALTY INC,(719) 393-7465,medium,37,https://apps2.colorado.gov/dre/licensing/Lookup/GenerateRoster.aspx (Active Associate Brokers + Active Responsible Brokers + Active Real Estate Companies rosters),CO,COLORADO SPRINGS,4783 FARMINGDALE DR,,regulator firm record (https://apps2.colorado.gov/dre/licensing/Lookup/GenerateRoster.aspx),2026-10-09,
PINNACLE REAL ESTATE ADVISORS LLC,(303) 962-9555,high,58,https://apps2.colorado.gov/dre/licensing/Lookup/GenerateRoster.aspx (Active Associate Brokers + Active Responsible Brokers + Active Real Estate Companies rosters),CO,DENVER,1 N BROADWAY STE 300A,https://www.pinnaclerea.com,regulator firm record (https://apps2.colorado.gov/dre/licensing/Lookup/GenerateRoster.aspx) + firm website https://www.pinnaclerea.com,2026-10-09,
"PPTA, LLC",(303) 895-9002,medium,40,https://apps2.colorado.gov/dre/licensing/Lookup/GenerateRoster.aspx (Active Associate Brokers + Active Responsible Brokers + Active Real Estate Companies rosters),CO,COLORADO SPRINGS,2748 N GATE BLVD,,regulator firm record (https://apps2.colorado.gov/dre/licensing/Lookup/GenerateRoster.aspx),2026-10-09,
PUEBLO REAL ESTATE ASSOCIATES LLC,(719) 647-5828,high,45,https://apps2.colorado.gov/dre/licensing/Lookup/GenerateRoster.aspx (Active Associate Brokers + Active Responsible Brokers + Active Real Estate Companies rosters),CO,PUEBLO,1310 US HWY 50 WEST,https://pueblopropertiesllc.com/contact-us.html,Overture Maps place c811604f-bc92-4246-bb67-931bf3de43e6 (name match 100.0) + firm website https://pueblopropertiesllc.com/contact-us.html,2026-10-09,
"RE/MAX OF PUEBLO, INC",(719) 546-1717,high,53,https://apps2.colorado.gov/dre/licensing/Lookup/GenerateRoster.aspx (Active Associate Brokers + Active Responsible Brokers + Active Real Estate Companies rosters),CO,PUEBLO,511 W 29TH ST STE A,https://www.puebloareahomes.com/,regulator firm record (https://apps2.colorado.gov/dre/licensing/Lookup/GenerateRoster.aspx) + Overture Maps place fd1b2bde-41c8-415c-a559-3794be61cd24 (name match 100.0),2026-10-09,
REALTY LEADERS LLC,(303) 834-1144,high,46,https://apps2.colorado.gov/dre/licensing/Lookup/GenerateRoster.aspx (Active Associate Brokers + Active Responsible Brokers + Active Real Estate Companies rosters),CO,CENTENNIAL,12600 E ARAPAHOE RD STE B,,regulator firm record (https://apps2.colorado.gov/dre/licensing/Lookup/GenerateRoster.aspx) + Overture Maps place 003496d7-3d0b-4d28-ac71-a2c37c78f9ef (name match 100.0),2026-10-09,
REMAX PROPERTIES OF THE SUMMIT,(970) 453-7000,medium,40,https://apps2.colorado.gov/dre/licensing/Lookup/GenerateRoster.aspx (Active Associate Brokers + Active Responsible Brokers + Active Real Estate Companies rosters),CO,BRECKENRIDGE,224 S MAIN ST,,regulator firm record (https://apps2.colorado.gov/dre/licensing/Lookup/GenerateRoster.aspx),2026-10-09,
ROB KITTLE INC,(970) 460-4444,medium,51,https://apps2.colorado.gov/dre/licensing/Lookup/GenerateRoster.aspx (Active Associate Brokers + Active Responsible Brokers + Active Real Estate Companies rosters),CO,FORT COLLINS,300 S HOWES ST,,regulator firm record (https://apps2.colorado.gov/dre/licensing/Lookup/GenerateRoster.aspx),2026-10-09,
ROSS REAL ESTATE LTD,(303) 892-1111,high,55,https://apps2.colorado.gov/dre/licensing/Lookup/GenerateRoster.aspx (Active Associate Brokers + Active Responsible Brokers + Active Real Estate Companies rosters),CO,DENVER,1800 LARIMER ST STE 1700,https://www.nmrk.com,regulator firm record (https://apps2.colorado.gov/dre/licensing/Lookup/GenerateRoster.aspx) + Overture Maps place f98987c8-3dc6-452d-a764-1a750fea9227 (name match 100.0),2026-10-09,
SEARS INVESTMENT CORP,(970) 330-7700,high,35,https://apps2.colorado.gov/dre/licensing/Lookup/GenerateRoster.aspx (Active Associate Brokers + Active Responsible Brokers + Active Real Estate Companies rosters),CO,GREELEY,2021 CLUBHOUSE DR STE 100,https://www.searsrealestate.com/results-gallery/?feature=OH&userid=all,regulator firm record (https://apps2.colorado.gov/dre/licensing/Lookup/GenerateRoster.aspx) + firm website https://www.searsrealestate.com/results-gallery/?feature=OH&userid=all,2026-10-09,
"SFRE ASPEN, LLC",(970) 925-8400,high,61,https://apps2.colorado.gov/dre/licensing/Lookup/GenerateRoster.aspx (Active Associate Brokers + Active Responsible Brokers + Active Real Estate Companies rosters),CO,ASPEN,533 E HOPKINS AVE,http://aspen.evrealestate.com/,regulator firm record (https://apps2.colorado.gov/dre/licensing/Lookup/GenerateRoster.aspx) + Overture Maps place 18b2c388-0581-456e-9a47-851f6bca458b (name match 94.91525423728814),2026-10-09,
SIGNATURE REAL ESTATE CORPORATION,(303) 219-0210,medium,37,https://apps2.colorado.gov/dre/licensing/Lookup/GenerateRoster.aspx (Active Associate Brokers + Active Responsible Brokers + Active Real Estate Companies rosters),CO,LAKEWOOD,550 S WADSWORTH BLVD UNIT 520,,regulator firm record (https://apps2.colorado.gov/dre/licensing/Lookup/GenerateRoster.aspx),2026-10-09,
SMART CITY LOCATING INC.,(412) 706-2264,medium,51,https://apps2.colorado.gov/dre/licensing/Lookup/GenerateRoster.aspx (Active Associate Brokers + Active Responsible Brokers + Active Real Estate Companies rosters),CO,DALLAS,4000 E SIDE AVE,,regulator firm record (https://apps2.colorado.gov/dre/licensing/Lookup/GenerateRoster.aspx),2026-10-09,
"SPM REALTY, INC",(719) 369-2178,medium,38,https://apps2.colorado.gov/dre/licensing/Lookup/GenerateRoster.aspx (Active Associate Brokers + Active Responsible Brokers + Active Real Estate Companies rosters),CO,PUEBLO,201 N MAIN ST,https://rmrbrokers.com,regulator firm record (https://apps2.colorado.gov/dre/licensing/Lookup/GenerateRoster.aspx),2026-10-09,
TELLURIDE PROPERTIES LLC,(970) 728-0808,high,70,https://apps2.colorado.gov/dre/licensing/Lookup/GenerateRoster.aspx (Active Associate Brokers + Active Responsible Brokers + Active Real Estate Companies rosters),CO,TELLURIDE,PO BOX 37,http://tellurideproperties.com/,Overture Maps place 8daf5e00-611c-4176-b9fe-d216d740a6f1 (name match 100.0) + firm website http://tellurideproperties.com/,2026-10-09,
THE GRAND JUNCTION R E GROUP INC,(970) 241-4000,medium,69,https://apps2.colorado.gov/dre/licensing/Lookup/GenerateRoster.aspx (Active Associate Brokers + Active Responsible Brokers + Active Real Estate Companies rosters),CO,GRAND JUNCTION,120 W PARK DR STE 200,,regulator firm record (https://apps2.colorado.gov/dre/licensing/Lookup/GenerateRoster.aspx),2026-10-09,
THE PLATINUM GROUP LLC,(719) 536-4444,medium,71,https://apps2.colorado.gov/dre/licensing/Lookup/GenerateRoster.aspx (Active Associate Brokers + Active Responsible Brokers + Active Real Estate Companies rosters),CO,COLORADO SPRINGS,6760 CORPORATE DR STE 300,,regulator firm record (https://apps2.colorado.gov/dre/licensing/Lookup/GenerateRoster.aspx),2026-10-09,
"THE WELLS GROUP OF DURANGO, LLC",(970) 259-6680,high,46,https://apps2.colorado.gov/dre/licensing/Lookup/GenerateRoster.aspx (Active Associate Brokers + Active Responsible Brokers + Active Real Estate Companies rosters),CO,DURANGO,1130 MAIN AVE,http://www.wellsgroupdurango.com/,regulator firm record (https://apps2.colorado.gov/dre/licensing/Lookup/GenerateRoster.aspx) + firm website http://www.wellsgroupdurango.com/,2026-10-09,
TRANSWORLD BUSINESS ADVISORS OF CO LLC,(720) 259-5099,medium,35,https://apps2.colorado.gov/dre/licensing/Lookup/GenerateRoster.aspx (Active Associate Brokers + Active Responsible Brokers + Active Real Estate Companies rosters),CO,GREENWOOD VILLAGE,5261 S QUEBEC STREET,,regulator firm record (https://apps2.colorado.gov/dre/licensing/Lookup/GenerateRoster.aspx),2026-10-09,
"UNITED COUNTRY REALQUEST REALTY, INC.",(970) 256-9700,medium,41,https://apps2.colorado.gov/dre/licensing/Lookup/GenerateRoster.aspx (Active Associate Brokers + Active Responsible Brokers + Active Real Estate Companies rosters),CO,GRAND JUNCTION,428 MAIN ST,,regulator firm record (https://apps2.colorado.gov/dre/licensing/Lookup/GenerateRoster.aspx),2026-10-09,
"UNITED INVESTEXUSA 13, LLC",(201) 901-1033,high,40,https://apps2.colorado.gov/dre/licensing/Lookup/GenerateRoster.aspx (Active Associate Brokers + Active Responsible Brokers + Active Real Estate Companies rosters),CO,DENVER,"ANNEX, 2000 S COLORADO BLVD STE 305",https://www.newwestern.com/office/denver-co/?utm_source=Google-My-Business&utm_medium=organic&utm_campaign=Google-My-Business&utm_content=denver-co,firm website https://www.newwestern.com/office/denver-co/?utm_source=Google-My-Business&utm_medium=organic&utm_campaign=Google-My-Business&utm_content=denver-co (text on /); Overture Maps place c429c213-71eb-40ad-a32e-96e46b0d6f02 (name match 100.0),2026-10-09,
"WESTERN SLOPE RE HOLDINGS, LLC",(970) 314-3884,medium,37,https://apps2.colorado.gov/dre/licensing/Lookup/GenerateRoster.aspx (Active Associate Brokers + Active Responsible Brokers + Active Real Estate Companies rosters),CO,GRAND JUNCTION,734 MAIN ST,http://rogwesternslope.com/,regulator firm record (https://apps2.colorado.gov/dre/licensing/Lookup/GenerateRoster.aspx),2026-10-09,
"WESTGATE COLORADO REALTY, INC",(303) 800-9601,high,40,https://apps2.colorado.gov/dre/licensing/Lookup/GenerateRoster.aspx (Active Associate Brokers + Active Responsible Brokers + Active Real Estate Companies rosters),CO,BOULDER,1938 PEARL ST STE 200,https://www.livewestrealty.com,Overture Maps place 165b113c-a9c8-4327-9726-d5f369860365 (name match 100.0) + firm website https://www.livewestrealty.com,2026-10-09,
"WORTH CLARK, INC.",(720) 358-2323,medium,71,https://apps2.colorado.gov/dre/licensing/Lookup/GenerateRoster.aspx (Active Associate Brokers + Active Responsible Brokers + Active Real Estate Companies rosters),CO,DENVER,100 FILLMORE ST FL 5,https://www.worthclark.com,Overture Maps place 5a9cde78-6fda-40da-9910-e19af0cf7bcf (name match 100.0),2026-10-09,
WRIGHT KINGDOM INC,(303) 443-2240,medium,64,https://apps2.colorado.gov/dre/licensing/Lookup/GenerateRoster.aspx (Active Associate Brokers + Active Responsible Brokers + Active Real Estate Companies rosters),CO,BOULDER,4875 PEARL EAST CIR STE 100,,regulator firm record (https://apps2.colorado.gov/dre/licensing/Lookup/GenerateRoster.aspx),2026-10-09,
YOU 1ST REALTY LLC,(720) 949-5525,high,46,https://apps2.colorado.gov/dre/licensing/Lookup/GenerateRoster.aspx (Active Associate Brokers + Active Responsible Brokers + Active Real Estate Companies rosters),CO,GREENWOOD VILLAGE,"5690 DTC BLVD., #530W",https://www.coloradohomefinder.com,regulator firm record (https://apps2.colorado.gov/dre/licensing/Lookup/GenerateRoster.aspx) + firm website https://www.coloradohomefinder.com,2026-10-09,
BROOKE TEAM AT EXP REALTY,(860) 323-8020,high,45,https://data.ct.gov/api/views/eqtn-rppv/rows.csv?accessType=DOWNLOAD ; https://data.ct.gov/api/views/fwpc-pgqj/rows.csv?accessType=DOWNLOAD,CT,PLANTSVILLE,409 CANAL ST (from Overture),https://www.brookegrouprealestate.com/?utm_source=Google+My+Business&utm_medium=GMB&utm_campaign=GMB+Clicks,Overture Maps place 8881f7a5-c865-42d3-a6ce-e81ae984867e (name_statewide_unique match 100) + firm website https://www.brookegrouprealestate.com/?utm_source=Google+My+Business&utm_medium=GMB&utm_campaign=GMB+Clicks,2026-10-09,
CALCAGNI REAL ESTATE INC,(203) 265-1821,high,37,https://data.ct.gov/api/views/eqtn-rppv/rows.csv?accessType=DOWNLOAD ; https://data.ct.gov/api/views/fwpc-pgqj/rows.csv?accessType=DOWNLOAD,CT,WALLINGFORD,36 N MAIN ST (from Overture),http://www.calcagni.com/,Overture Maps place adec00fa-075c-486e-bc9e-c60329faa93d (name match 100.0) + firm website http://www.calcagni.com/,2026-10-09,
CBRE INC,(203) 329-7900,medium,57,https://data.ct.gov/api/views/eqtn-rppv/rows.csv?accessType=DOWNLOAD ; https://data.ct.gov/api/views/fwpc-pgqj/rows.csv?accessType=DOWNLOAD,CT,STAMFORD,201 TRESSER BLVD (from Overture),https://www.cbre.com,Overture Maps place bc3eb789-ffd7-4053-aff1-b7570deb29b1 (name match 100.0),2026-10-09,
CT HOMETOWN REALTY LLC,(860) 623-7900,medium,35,https://data.ct.gov/api/views/eqtn-rppv/rows.csv?accessType=DOWNLOAD ; https://data.ct.gov/api/views/fwpc-pgqj/rows.csv?accessType=DOWNLOAD,CT,ENFIELD,699B ENFIELD ST (from Overture),,Overture Maps place d55ed4ec-9f84-456a-8d8e-e582cdad9ec8 (name match 100.0),2026-10-09,
REGENCY REAL ESTATE LLC,(860) 945-9868,high,63,https://data.ct.gov/api/views/eqtn-rppv/rows.csv?accessType=DOWNLOAD ; https://data.ct.gov/api/views/fwpc-pgqj/rows.csv?accessType=DOWNLOAD,CT,WATERTOWN,424 MAIN ST (from Overture),https://www.RegencyHomesCT.com/,firm website https://www.RegencyHomesCT.com/ (text on /); Overture Maps place 1411ff63-080a-4958-b30e-5bc35ae7fd61 (name match 100.0),2026-10-09,
SCALZO REAL ESTATE COMPANY LLC,(203) 826-2464,high,35,https://data.ct.gov/api/views/eqtn-rppv/rows.csv?accessType=DOWNLOAD ; https://data.ct.gov/api/views/fwpc-pgqj/rows.csv?accessType=DOWNLOAD,CT,BETHEL,2 STONY HILL RD (from Overture),https://scalzo.com,firm website https://scalzo.com (text on /); Overture Maps place b29c3e12-ae02-405c-b77a-4a77bd09aa18 (name match 100.0),2026-10-09,
TIER 1 REAL ESTATE LLC,(860) 578-2016,high,37,https://data.ct.gov/api/views/eqtn-rppv/rows.csv?accessType=DOWNLOAD ; https://data.ct.gov/api/views/fwpc-pgqj/rows.csv?accessType=DOWNLOAD,CT,BRISTOL,985 FARMINGTON AVE (from Overture),https://www.tier1realestate.com,Overture Maps place 7e0403ea-9cb4-4ead-b37f-7ce3f6ba9939 (name match 100.0) + firm website https://www.tier1realestate.com,2026-10-09,
YELLOWBRICK REAL ESTATE LLC,(203) 445-6949,medium,60,https://data.ct.gov/api/views/eqtn-rppv/rows.csv?accessType=DOWNLOAD ; https://data.ct.gov/api/views/fwpc-pgqj/rows.csv?accessType=DOWNLOAD,CT,MILFORD,185 PLAINS RD  STE 101E (from Overture),,Overture Maps place 4ea962bf-fafc-4c5b-83f9-3e7bd4aed5a4 (name match 100.0),2026-10-09,
27N REALTY LLC,(813) 645-4663,medium,73,https://www2.myfloridalicense.com/sto/file_download/extracts//REALESTATE2501LICENSE_1.csv ; https://www2.myfloridalicense.com/sto/file_download/extracts//RealEstateCorpLicense.csv,FL,APOLLO BEACH,6138 US HWY 41,https://www.youtube.com/@ShawnaCalvert27North,Overture Maps place ff8834c3-59e8-43af-b856-6a0421da091e (name match 100.0),2026-10-09,Overture listing name includes extra words (may be an individual agent's listing / personal cell)
30A LOCAL PROPERTIES INC,(850) 213-3048,medium,45,https://www2.myfloridalicense.com/sto/file_download/extracts//REALESTATE2501LICENSE_1.csv ; https://www2.myfloridalicense.com/sto/file_download/extracts//RealEstateCorpLicense.csv,FL,SANTA ROSA BEACH,35 CLAYTON LANE,https://linktr.ee/30alocal,Overture Maps place 449ce3ad-82d4-4256-be53-6fa1afd52369 (name match 100.0),2026-10-09,
4 POINT REALTY LLC,(904) 733-3003,high,48,https://www2.myfloridalicense.com/sto/file_download/extracts//REALESTATE2501LICENSE_1.csv ; https://www2.myfloridalicense.com/sto/file_download/extracts//RealEstateCorpLicense.csv,FL,JACKSONVILLE,13529 BEACH BLVD SUITE 307A,https://www.exitonestop.com/,Overture Maps place 27b03501-5685-4a33-addc-95f18c76163b (name match 100.0) + firm website https://www.exitonestop.com/,2026-10-09,
A G REAL ESTATE TEAM LLC,(305) 395-5757,high,57,https://www2.myfloridalicense.com/sto/file_download/extracts//REALESTATE2501LICENSE_1.csv ; https://www2.myfloridalicense.com/sto/file_download/extracts//RealEstateCorpLicense.csv,FL,MIAMI LAKES,15050 NW 79 COURT,http://www.miamiluxuryproperties.com/,Overture Maps place 04dacc7a-0286-46f4-ab48-4ca4518a7bd1 (name match 100.0) + firm website http://www.miamiluxuryproperties.com/,2026-10-09,
ACE FLORIDA REALTY LLC,(786) 267-2471,high,46,https://www2.myfloridalicense.com/sto/file_download/extracts//REALESTATE2501LICENSE_1.csv ; https://www2.myfloridalicense.com/sto/file_download/extracts//RealEstateCorpLicense.csv,FL,MIAMI,12595 SW 137 AVE,https://www.aceflrealty.com,firm website https://www.aceflrealty.com (text on /); Overture Maps place 2e03a6ed-87d4-4a6b-8af4-d95ba81a8d07 (name match 100.0),2026-10-09,
ADOOR REAL ESTATE LLC,(850) 637-1880,high,39,https://www2.myfloridalicense.com/sto/file_download/extracts//REALESTATE2501LICENSE_1.csv ; https://www2.myfloridalicense.com/sto/file_download/extracts//RealEstateCorpLicense.csv,FL,PENSACOLA,201 E GOVERNMENT STREET,http://www.adoorproperties.com/,Overture Maps place ad8bae86-59e5-499f-943d-08f686d93bb4 (name match 100.0) + firm website http://www.adoorproperties.com/,2026-10-09,
AEROSPACE REAL ESTATE INC,(321) 631-5511,medium,47,https://www2.myfloridalicense.com/sto/file_download/extracts//REALESTATE2501LICENSE_1.csv ; https://www2.myfloridalicense.com/sto/file_download/extracts//RealEstateCorpLicense.csv,FL,COCOA BEACH,240 N ORLANDO AVE,https://www.aerospacerealty.com,Overture Maps place 5084492c-c209-4c73-83f7-d37425f2e59e (name match 100.0),2026-10-09,Overture listing name includes extra words (may be an individual agent's listing / personal cell)
AG REAL ESTATE ADVISORS LLC,(305) 794-2655,high,45,https://www2.myfloridalicense.com/sto/file_download/extracts//REALESTATE2501LICENSE_1.csv ; https://www2.myfloridalicense.com/sto/file_download/extracts//RealEstateCorpLicense.csv,FL,MIAMI,40 SW 13 STREET SUITE 202,http://www.ag-advisors.com/,firm website http://www.ag-advisors.com/ (text on /); Overture Maps place 8d4d595a-b2aa-462c-8a46-7d59a0967389 (name match 100.0),2026-10-09,
ALIGN RIGHT REALTY LLC,(727) 264-6800,low,38,https://www2.myfloridalicense.com/sto/file_download/extracts//REALESTATE2501LICENSE_1.csv ; https://www2.myfloridalicense.com/sto/file_download/extracts//RealEstateCorpLicense.csv,FL,NEW PORT RICHEY,6113 GRAND BLVD,http://www.alignrightrealty.com/,Overture Maps place e6445d28-b17b-49be-a3df-95e054331eb2 (address match 100),2026-10-09,Overture listing name includes extra words (may be an individual agent's listing / personal cell)
ALLIANCE ENTERPRISES OF THE NATURE COAST INC,(352) 686-0000,high,39,https://www2.myfloridalicense.com/sto/file_download/extracts//REALESTATE2501LICENSE_1.csv ; https://www2.myfloridalicense.com/sto/file_download/extracts//RealEstateCorpLicense.csv,FL,SPRING HILL,13179 SPRING HILL DRIVE,https://c21alliancerealty.com,Overture Maps place e60660d5-0da3-48aa-9c19-ec8f846dd071 (name match 100.0) + firm website https://c21alliancerealty.com,2026-10-09,
"AMERISOUTH REALTY PARTNERS, LLC",(850) 478-6800,high,42,https://www2.myfloridalicense.com/sto/file_download/extracts//REALESTATE2501LICENSE_1.csv ; https://www2.myfloridalicense.com/sto/file_download/extracts//RealEstateCorpLicense.csv,FL,PENSACOLA,2400 NINE MILE RD,https://www.century21amerisouth.com,Overture Maps place 78bd2ddd-4275-4289-9b42-79eccd21cf11 (name match 100.0) + firm website https://www.century21amerisouth.com,2026-10-09,
ANABASIS REALTY LLC,(904) 351-0765,high,41,https://www2.myfloridalicense.com/sto/file_download/extracts//REALESTATE2501LICENSE_1.csv ; https://www2.myfloridalicense.com/sto/file_download/extracts//RealEstateCorpLicense.csv,FL,JACKSONVILLE,103 CENTURY 21 DRIVE,https://anabasisrealty.com,Overture Maps place 466fa43e-6007-486c-b2a2-922baf3f2a3a (name match 100.0) + firm website https://anabasisrealty.com,2026-10-09,
ANGIE HOMES REALTY INC,(305) 926-6137,medium,45,https://www2.myfloridalicense.com/sto/file_download/extracts//REALESTATE2501LICENSE_1.csv ; https://www2.myfloridalicense.com/sto/file_download/extracts//RealEstateCorpLicense.csv,FL,MIAMI,1460 NORTH WEST 107 AVENUE,,Overture Maps place 771c2892-f347-4bde-8d0f-4cf5b94d1213 (name match 100.0),2026-10-09,
ANNA LEE WILLIAMS PA,(941) 822-0890,high,43,https://www2.myfloridalicense.com/sto/file_download/extracts//REALESTATE2501LICENSE_1.csv ; https://www2.myfloridalicense.com/sto/file_download/extracts//RealEstateCorpLicense.csv,FL,SARASOTA,6539 GATEWAY AVE,http://ShowtimeRealtyFlorida.com/,Overture Maps place 7bb3b37b-7538-4577-836d-0d5fb0a7a66d (name match 100.0) + firm website http://ShowtimeRealtyFlorida.com/,2026-10-09,
ARG DBJ LLC,(239) 274-6637,high,38,https://www2.myfloridalicense.com/sto/file_download/extracts//REALESTATE2501LICENSE_1.csv ; https://www2.myfloridalicense.com/sto/file_download/extracts//RealEstateCorpLicense.csv,FL,FORT MYERS,14090 METROPOLIS AVENUE,http://www.argfl.com/,Overture Maps place c3469a03-6529-4820-96c9-a288e635b8c8 (name match 100.0) + firm website http://www.argfl.com/,2026-10-09,
"ARMADA REAL ESTATE, INC",(239) 785-1312,high,43,https://www2.myfloridalicense.com/sto/file_download/extracts//REALESTATE2501LICENSE_1.csv ; https://www2.myfloridalicense.com/sto/file_download/extracts//RealEstateCorpLicense.csv,FL,FORT MYERS,2431 FIRST STREET,http://ArmadaTeam.com/,firm website http://ArmadaTeam.com/ (tel on /); Overture Maps place 4fd7c08c-6ba6-4480-9644-e6b8d3c4c2b1 (name match 100.0),2026-10-09,
AROD EQUITY CAPITAL CORP,(689) 242-5418,high,57,https://www2.myfloridalicense.com/sto/file_download/extracts//REALESTATE2501LICENSE_1.csv ; https://www2.myfloridalicense.com/sto/file_download/extracts//RealEstateCorpLicense.csv,FL,ORLANDO,2151 CONSULA CONSULATE DRIVE STE 2,https://www.arodpartnersrealty.com/,Overture Maps place f9dcb2d9-cc9d-44d0-8041-1c398acd2885 (name match 100.0) + firm website https://www.arodpartnersrealty.com/,2026-10-09,
ATCHLEY INTERNATIONAL REALTY LLC,(941) 556-9100,medium,49,https://www2.myfloridalicense.com/sto/file_download/extracts//REALESTATE2501LICENSE_1.csv ; https://www2.myfloridalicense.com/sto/file_download/extracts//RealEstateCorpLicense.csv,FL,BRADENTON,6113 EXCHANGE WAY,https://www.atchleyrealty.com/,Overture Maps place b533e24e-9529-48a8-aa7d-dcb90afd81f3 (name match 100.0),2026-10-09,Overture listing name includes extra words (may be an individual agent's listing / personal cell)
ATLANTIC COAST TEAM LLC,(772) 320-9678,high,37,https://www2.myfloridalicense.com/sto/file_download/extracts//REALESTATE2501LICENSE_1.csv ; https://www2.myfloridalicense.com/sto/file_download/extracts//RealEstateCorpLicense.csv,FL,PALM CITY,3383 SW MAPP ROAD,http://www.c21movewithus.com/,Overture Maps place 29482ac1-deb3-44b9-8fe0-52cd6521325e (name match 100.0) + firm website http://www.c21movewithus.com/,2026-10-09,
ATLANTIC PROPERTIES INTERNATIONAL INC,(954) 205-7197,high,42,https://www2.myfloridalicense.com/sto/file_download/extracts//REALESTATE2501LICENSE_1.csv ; https://www2.myfloridalicense.com/sto/file_download/extracts//RealEstateCorpLicense.csv,FL,FT LAUDERDALE,3556 N OCEAN BLVD,http://atlanticprop.com/,firm website http://atlanticprop.com/ (text on /); Overture Maps place 6abed302-141e-4be2-a019-223a127bf6d0 (name match 100.0),2026-10-09,
AURA HOMES LLC,(786) 479-9937,medium,51,https://www2.myfloridalicense.com/sto/file_download/extracts//REALESTATE2501LICENSE_1.csv ; https://www2.myfloridalicense.com/sto/file_download/extracts//RealEstateCorpLicense.csv,FL,MIAMI,850 NW 42 AVE,,Overture Maps place 1bdee92d-8777-4f91-927b-fdb9b63d36b6 (name match 100.0),2026-10-09,
AVENEW SERVICES CORP,(786) 888-0198,high,40,https://www2.myfloridalicense.com/sto/file_download/extracts//REALESTATE2501LICENSE_1.csv ; https://www2.myfloridalicense.com/sto/file_download/extracts//RealEstateCorpLicense.csv,FL,MIAMI,8180 NW 36TH ST #308-1,http://www.avenewmiami.com/,Overture Maps place 2eb6af5c-934c-4ae6-8cd9-9a42f8b74936 (name match 100.0) + firm website http://www.avenewmiami.com/,2026-10-09,
AVISON YOUNG FLORIDA LLC,(954) 903-1800,medium,49,https://www2.myfloridalicense.com/sto/file_download/extracts//REALESTATE2501LICENSE_1.csv ; https://www2.myfloridalicense.com/sto/file_download/extracts//RealEstateCorpLicense.csv,FL,FORT LAUDERDALE,333 E. LAS OLAS BLVD.,https://www.avisonyoung.us/web/fort-lauderdale,Overture Maps place e53629ac-37c6-4878-81fa-085f6db46051 (name match 100.0),2026-10-09,Overture listing name includes extra words (may be an individual agent's listing / personal cell)
BEACH FRONT MANN REALTY & MANAGEMENT INC,(772) 229-1111,high,44,https://www2.myfloridalicense.com/sto/file_download/extracts//REALESTATE2501LICENSE_1.csv ; https://www2.myfloridalicense.com/sto/file_download/extracts//RealEstateCorpLicense.csv,FL,JENSEN BEACH,10525 SOUTH OCEAN DRIVE,http://www.hutchinsonisland.com,Overture Maps place 7010c698-7a03-41a9-b62d-bcaa4356aece (name match 100.0) + firm website http://www.hutchinsonisland.com,2026-10-09,
BEACHFRONT PROPERTIES REAL ESTATE LLC,(561) 450-9622,medium,60,https://www2.myfloridalicense.com/sto/file_download/extracts//REALESTATE2501LICENSE_1.csv ; https://www2.myfloridalicense.com/sto/file_download/extracts//RealEstateCorpLicense.csv,FL,DELRAY BEACH,27 NORTHEAST 27 NORTHEAST 4TH AVENUE,http://www.beachfrontpropertiesrealestate.com/,Overture Maps place d88536ea-983b-464a-8971-e13dd68b05fc (name match 100.0),2026-10-09,
BEEHOUSE REALTY LLC,(305) 909-0935,high,54,https://www2.myfloridalicense.com/sto/file_download/extracts//REALESTATE2501LICENSE_1.csv ; https://www2.myfloridalicense.com/sto/file_download/extracts//RealEstateCorpLicense.csv,FL,MIAMI,13595 SW 134 AVE,http://www.beehouserealty.com/,Overture Maps place 94534b63-3709-4498-a6ec-ec4d089e3829 (name match 100.0) + firm website http://www.beehouserealty.com/,2026-10-09,
BELHOUSE REAL ESTATE,(305) 921-9789,high,42,https://www2.myfloridalicense.com/sto/file_download/extracts//REALESTATE2501LICENSE_1.csv ; https://www2.myfloridalicense.com/sto/file_download/extracts//RealEstateCorpLicense.csv,FL,MIAMI,40 SW,http://www.belhousere.com/,Overture Maps place 5f3b8cb2-ce1c-401c-895c-ed4137aae968 (name match 100.0) + firm website http://www.belhousere.com/,2026-10-09,
BIG BEND REALTY JACKSONVILLE INC,(904) 254-6056,medium,74,https://www2.myfloridalicense.com/sto/file_download/extracts//REALESTATE2501LICENSE_1.csv ; https://www2.myfloridalicense.com/sto/file_download/extracts//RealEstateCorpLicense.csv,FL,JACKSONVILLE,2950 HALCYON LANE SUITE 102,https://locations.kw.com/location/175/,Overture Maps place 0fc8db20-46ec-46bc-93ce-1e5020d06edb (name match 100.0),2026-10-09,Overture listing name includes extra words (may be an individual agent's listing / personal cell)
BIG INTERNATIONAL REALTY INC,(786) 280-6555,high,69,https://www2.myfloridalicense.com/sto/file_download/extracts//REALESTATE2501LICENSE_1.csv ; https://www2.myfloridalicense.com/sto/file_download/extracts//RealEstateCorpLicense.csv,FL,SUNNY ISLES,400 SUNNY ISLES BLVD,http://Biginternationalrealty.com/,Overture Maps place 720f2bdc-10cf-4026-94ba-149c502dfd78 (name match 100.0) + firm website http://Biginternationalrealty.com/,2026-10-09,
BILLERO & BILLERO PROPERTIES LLC,(772) 539-2313,low,35,https://www2.myfloridalicense.com/sto/file_download/extracts//REALESTATE2501LICENSE_1.csv ; https://www2.myfloridalicense.com/sto/file_download/extracts//RealEstateCorpLicense.csv,FL,SEBASTIAN,300 SEBASTIAN BLVD,http://www.dbrealestateteam.com/,Overture Maps place 6c39697e-2432-4170-b125-4df790cc09ea (address match 100),2026-10-09,Overture listing name includes extra words (may be an individual agent's listing / personal cell)
BLACK SWAN HOME GROUP LLC,(786) 344-9141,high,39,https://www2.myfloridalicense.com/sto/file_download/extracts//REALESTATE2501LICENSE_1.csv ; https://www2.myfloridalicense.com/sto/file_download/extracts//RealEstateCorpLicense.csv,FL,DORAL,3625 NW 82 AVE,https://www.blackswanhomegroup.com,firm website https://www.blackswanhomegroup.com (text on /); Overture Maps place 7c8df345-207d-46a2-b4f5-66cefad3108d (name match 100.0),2026-10-09,
BLAKE REAL ESTATE INC,(727) 359-0388,medium,39,https://www2.myfloridalicense.com/sto/file_download/extracts//REALESTATE2501LICENSE_1.csv ; https://www2.myfloridalicense.com/sto/file_download/extracts//RealEstateCorpLicense.csv,FL,CLEARWATER,2695 SUNSET POINT RD,https://blakerealestate.com,Overture Maps place e5678737-5108-42b3-8628-026a1a41c533 (name match 100.0),2026-10-09,
BLUE REALTY TEAM LLC,(954) 871-1687,high,52,https://www2.myfloridalicense.com/sto/file_download/extracts//REALESTATE2501LICENSE_1.csv ; https://www2.myfloridalicense.com/sto/file_download/extracts//RealEstateCorpLicense.csv,FL,CORAL SPRINGS,7504 WILES ROAD SUITE 101A,http://www.BlueRealty.com/,firm website http://www.BlueRealty.com/ (text on /); Overture Maps place 3d7436e7-cab7-4285-a683-7ffcb66d07c5 (name match 100.0),2026-10-09,
BLUEWATER REALTY HOLDINGS INC,(850) 926-8777,high,45,https://www2.myfloridalicense.com/sto/file_download/extracts//REALESTATE2501LICENSE_1.csv ; https://www2.myfloridalicense.com/sto/file_download/extracts//RealEstateCorpLicense.csv,FL,CRAWFORDVILLE,136 LAKE ELLEN CIR,https://www.bluewaterrealty.com/,Overture Maps place 1bc160b6-8332-4d21-b6f2-55c9a2398c23 (name match 100.0) + firm website https://www.bluewaterrealty.com/,2026-10-09,
BRANCA REALTY PROFESSIONAL LLC,(772) 882-9583,medium,35,https://www2.myfloridalicense.com/sto/file_download/extracts//REALESTATE2501LICENSE_1.csv ; https://www2.myfloridalicense.com/sto/file_download/extracts//RealEstateCorpLicense.csv,FL,FORT PIERCE,311 S 2ND STREET SUITE 102A,http://www.brancarealty.com,Overture Maps place 0fc28f72-c8ce-431e-9933-bf1868377a18 (name match 97.43589743589743),2026-10-09,
BRICKELL REALTY GROUP INTERNATIONAL LLC,(305) 778-8856,high,68,https://www2.myfloridalicense.com/sto/file_download/extracts//REALESTATE2501LICENSE_1.csv ; https://www2.myfloridalicense.com/sto/file_download/extracts//RealEstateCorpLicense.csv,FL,MIAMI,2071 NW 112 AVE SUITE 101,http://www.brickell-realty.com/,firm website http://www.brickell-realty.com/ (tel on /); Overture Maps place c4402b85-1ffd-43f0-ba4b-1d27e6637513 (name match 100.0),2026-10-09,
BRICKSS LLC,(786) 409-9958,medium,35,https://www2.myfloridalicense.com/sto/file_download/extracts//REALESTATE2501LICENSE_1.csv ; https://www2.myfloridalicense.com/sto/file_download/extracts//RealEstateCorpLicense.csv,FL,WESTON,2200 NORTH COMMERCE PARKWAY,,Overture Maps place 90008799-c28a-4a33-9166-637e52aec6d2 (name match 100.0),2026-10-09,
BROKERNATION REAL ESTATE DORAL LLC,(305) 508-9893,high,61,https://www2.myfloridalicense.com/sto/file_download/extracts//REALESTATE2501LICENSE_1.csv ; https://www2.myfloridalicense.com/sto/file_download/extracts//RealEstateCorpLicense.csv,FL,DORAL,2555 NW 102 AVE UNIT 100,https://www.joinbrokernation.net/doral,Overture Maps place 59b94f0a-e6c5-4c58-88a7-d13fb4ae657e (name match 100.0) + firm website https://www.joinbrokernation.net/doral,2026-10-09,
BROKERNATION REAL ESTATE INC,(305) 602-4410,high,37,https://www2.myfloridalicense.com/sto/file_download/extracts//REALESTATE2501LICENSE_1.csv ; https://www2.myfloridalicense.com/sto/file_download/extracts//RealEstateCorpLicense.csv,FL,NORTH MIAMI,12955 BISCAYNE BLVD,brokernationre.com,Overture Maps place e848022d-598e-43d7-9d02-4d5889d5f31b (name match 100.0) + firm website brokernationre.com,2026-10-09,
CAMPBELL AND ROSEMURGY REAL ESTATE INC,(954) 427-8686,high,50,https://www2.myfloridalicense.com/sto/file_download/extracts//REALESTATE2501LICENSE_1.csv ; https://www2.myfloridalicense.com/sto/file_download/extracts//RealEstateCorpLicense.csv,FL,DEERFIELD BEACH,1233 E HILLSBORO BLVD,http://www.CampbellandRosemurgy.com/,Overture Maps place ce1be058-3b55-41fe-a008-e57c3d61e3b1 (name match 94.73684210526316) + firm website http://www.CampbellandRosemurgy.com/,2026-10-09,
CANERO GROUP LLC,(305) 444-5004,high,50,https://www2.myfloridalicense.com/sto/file_download/extracts//REALESTATE2501LICENSE_1.csv ; https://www2.myfloridalicense.com/sto/file_download/extracts//RealEstateCorpLicense.csv,FL,CORAL GABLES,250 GIRALDA AVENUE,http://www.canerogroup.com,Overture Maps place 9ed65eb0-8873-420a-93ca-39860ec2654a (name match 100.0) + firm website http://www.canerogroup.com,2026-10-09,
CAPITAL HOMES INC,(954) 501-8500,high,50,https://www2.myfloridalicense.com/sto/file_download/extracts//REALESTATE2501LICENSE_1.csv ; https://www2.myfloridalicense.com/sto/file_download/extracts//RealEstateCorpLicense.csv,FL,BOCA RATON,11154 LADINO STREET,http://www.capitalrealtyfl.com,Overture Maps place 7faa3912-032d-401a-8766-28330f26b55f (name match 100.0) + firm website http://www.capitalrealtyfl.com,2026-10-09,
CASTELLANOS RECIO LLC,(813) 374-6050,medium,47,https://www2.myfloridalicense.com/sto/file_download/extracts//REALESTATE2501LICENSE_1.csv ; https://www2.myfloridalicense.com/sto/file_download/extracts//RealEstateCorpLicense.csv,FL,TAMPA,"3903 NORTHDALE BLVD, SUITE 115-W",https://alignrightcarrollwood.com/,Overture Maps place 0ac86e54-4d65-42c0-b4a4-88c8fe2ff452 (name match 100.0),2026-10-09,Overture listing name includes extra words (may be an individual agent's listing / personal cell)
CENTURY 21 COMMANDER REALTY INC,(850) 769-8326,high,45,https://www2.myfloridalicense.com/sto/file_download/extracts//REALESTATE2501LICENSE_1.csv ; https://www2.myfloridalicense.com/sto/file_download/extracts//RealEstateCorpLicense.csv,FL,PANAMA CITY,2708 HIGHWAY 77,http://C21Commander.com/,Overture Maps place 629c3cdb-c31a-429c-bb74-09fec4f43a9e (name match 100.0) + firm website http://C21Commander.com/,2026-10-09,possible cell (labelled cell/mobile/direct on site)
CHRIS CREEGAN LLC,(407) 622-1111,high,66,https://www2.myfloridalicense.com/sto/file_download/extracts//REALESTATE2501LICENSE_1.csv ; https://www2.myfloridalicense.com/sto/file_download/extracts//RealEstateCorpLicense.csv,FL,MAITLAND,439 LAKE HOWELL ROAD,https://prepforsale.com/,Overture Maps place 08f7d76d-c37c-4feb-a1c5-bae3c6922276 (name match 100.0) + firm website https://prepforsale.com/,2026-10-09,
CITY REAL ESTATE CORP,(954) 755-1234,high,60,https://www2.myfloridalicense.com/sto/file_download/extracts//REALESTATE2501LICENSE_1.csv ; https://www2.myfloridalicense.com/sto/file_download/extracts//RealEstateCorpLicense.csv,FL,CORAL SPRINGS,3111 UNIVERSITY DRIVE,http://www.cityrealestatecorp.com/,Overture Maps place 9a4a3068-c8cb-4a66-910b-0c040cc7344e (name match 100.0) + firm website http://www.cityrealestatecorp.com/,2026-10-09,
COASTAL GATEWAY REAL ESTATE GROUP LLC,(386) 338-5000,medium,51,https://www2.myfloridalicense.com/sto/file_download/extracts//REALESTATE2501LICENSE_1.csv ; https://www2.myfloridalicense.com/sto/file_download/extracts//RealEstateCorpLicense.csv,FL,PALM COAST,2 CAMINO DEL MAR,https://coastalgateway.com/,Overture Maps place f26f006e-1df6-4ba7-80a0-e176cbf4129a (name match 100.0),2026-10-09,
COASTAL LIFE PROPERTIES LLC,(321) 633-2313,medium,53,https://www2.myfloridalicense.com/sto/file_download/extracts//REALESTATE2501LICENSE_1.csv ; https://www2.myfloridalicense.com/sto/file_download/extracts//RealEstateCorpLicense.csv,FL,MERRITT ISLAND,101 NORTH PLUMOSA STREET,https://www.jennclementsandco.com,Overture Maps place fbbfc961-f7b5-407e-af19-7b91acde30bd (name match 100.0),2026-10-09,
COASTAL LUXURY PROPERTIES LLC,(561) 362-2888,medium,37,https://www2.myfloridalicense.com/sto/file_download/extracts//REALESTATE2501LICENSE_1.csv ; https://www2.myfloridalicense.com/sto/file_download/extracts//RealEstateCorpLicense.csv,FL,DELRAY BEACH,900 E ATLANTIC AVENUE SUITE 14,http://delraybeach.evrealestate.com/,Overture Maps place ef7f8fee-3c60-4681-a647-3e62c396e05b (name match 94.54545454545455),2026-10-09,Overture listing name includes extra words (may be an individual agent's listing / personal cell)
CONTINENTAL PROPERTIES INC,(732) 855-8484,high,60,https://www2.myfloridalicense.com/sto/file_download/extracts//REALESTATE2501LICENSE_1.csv ; https://www2.myfloridalicense.com/sto/file_download/extracts//RealEstateCorpLicense.csv,FL,NORTH PALM BEACH,9112 ALTERNATE A1A,http://continentalproperties.com/,firm website http://continentalproperties.com/ (tel on /); Overture Maps place e2012e4e-6698-4910-bc11-bc2187f5d808 (name match 100.0),2026-10-09,
COWFORD REALTY & DESIGN LLC,(904) 330-4733,medium,35,https://www2.myfloridalicense.com/sto/file_download/extracts//REALESTATE2501LICENSE_1.csv ; https://www2.myfloridalicense.com/sto/file_download/extracts//RealEstateCorpLicense.csv,FL,JACKSONVILLE,3651 PARK STREET,https://cowfordrealty.com,Overture Maps place 8096b47c-640c-4e64-8d31-801280274fed (name match 100.0),2026-10-09,
CRYSTAL CARDENAS PA,(772) 212-2666,medium,57,https://www2.myfloridalicense.com/sto/file_download/extracts//REALESTATE2501LICENSE_1.csv ; https://www2.myfloridalicense.com/sto/file_download/extracts//RealEstateCorpLicense.csv,FL,FORT PIERCE,1001 N US HIGHWAY 1,https://youtube.com/@southernkeyrealty?si=gp5Ji2VbdzWkUHrT,Overture Maps place d8c0d33a-523a-416f-81fb-1ff23fca2c6d (name match 100.0),2026-10-09,Overture listing name includes extra words (may be an individual agent's listing / personal cell)
D & B REALTY GROUP INC,(954) 453-1000,medium,49,https://www2.myfloridalicense.com/sto/file_download/extracts//REALESTATE2501LICENSE_1.csv ; https://www2.myfloridalicense.com/sto/file_download/extracts//RealEstateCorpLicense.csv,FL,HOLLYWOOD,1901 HARRISON ST,https://www.remax.com,Overture Maps place d099b855-e387-4984-ac85-75b27a692786 (name match 100.0),2026-10-09,Overture listing name includes extra words (may be an individual agent's listing / personal cell)
DANIEL CRAPPS AGENCY INC,(386) 755-5110,high,35,https://www2.myfloridalicense.com/sto/file_download/extracts//REALESTATE2501LICENSE_1.csv ; https://www2.myfloridalicense.com/sto/file_download/extracts//RealEstateCorpLicense.csv,FL,LAKE CITY,291 NW MAIN BOULEVARD,http://www.danielcrapps.com/,Overture Maps place 6f3461dc-f53a-4c71-b5ac-b9f1e9f58422 (name match 100.0) + firm website http://www.danielcrapps.com/,2026-10-09,
DAWN MILLER INVESTMENTS LLC,(239) 734-3946,medium,50,https://www2.myfloridalicense.com/sto/file_download/extracts//REALESTATE2501LICENSE_1.csv ; https://www2.myfloridalicense.com/sto/file_download/extracts//RealEstateCorpLicense.csv,FL,NAPLES,10611 TAMIAMI TRAIL N,http://sellstateprime.com/,Overture Maps place e211e5c0-c961-49c7-9383-be051025a4e9 (name match 100.0),2026-10-09,Overture listing name includes extra words (may be an individual agent's listing / personal cell)
"DOCKERY REALTY GROUP, LLC",(863) 802-5262,medium,58,https://www2.myfloridalicense.com/sto/file_download/extracts//REALESTATE2501LICENSE_1.csv ; https://www2.myfloridalicense.com/sto/file_download/extracts//RealEstateCorpLicense.csv,FL,LAKELAND,439 SOUTH FLORIDA AVE,https://www.centralfloridaexperts.com,Overture Maps place e05361e6-0b46-4d11-bfe6-934c00c8bdcb (name match 100.0),2026-10-09,Overture listing name includes extra words (may be an individual agent's listing / personal cell)
DOMINIUM REALTY GROUP LLC,(407) 499-4466,medium,48,https://www2.myfloridalicense.com/sto/file_download/extracts//REALESTATE2501LICENSE_1.csv ; https://www2.myfloridalicense.com/sto/file_download/extracts//RealEstateCorpLicense.csv,FL,ORLANDO,6236 KINGSPOINTE PKWY SUITE 5,http://kardoshrealty.com/,Overture Maps place c5e88c28-83a4-4e19-9ac0-0fea027903fb (name match 100.0),2026-10-09,Overture listing name includes extra words (may be an individual agent's listing / personal cell)
DORAL REAL ESTATE CENTER LLC,(786) 616-8368,high,46,https://www2.myfloridalicense.com/sto/file_download/extracts//REALESTATE2501LICENSE_1.csv ; https://www2.myfloridalicense.com/sto/file_download/extracts//RealEstateCorpLicense.csv,FL,DORAL,3785 NW 82 AVE SUITE 215,http://www.doralrealestatecenter.com/,firm website http://www.doralrealestatecenter.com/ (tel on /); Overture Maps place 8d567afa-82b4-4ccb-a5df-a2084fa53a41 (name match 100.0),2026-10-09,
DREAMWORKS REAL ESTATE INC,(772) 888-3076,medium,45,https://www2.myfloridalicense.com/sto/file_download/extracts//REALESTATE2501LICENSE_1.csv ; https://www2.myfloridalicense.com/sto/file_download/extracts//RealEstateCorpLicense.csv,FL,STUART,110 SW MONTEREY ROAD,http://www.fultongrace.com/fl,Overture Maps place 5a6a7e51-18fa-4bb2-ab48-f432a51d6f80 (name match 100.0),2026-10-09,Overture listing name includes extra words (may be an individual agent's listing / personal cell)
ELITE SALES GROUP INC,(305) 554-1544,high,51,https://www2.myfloridalicense.com/sto/file_download/extracts//REALESTATE2501LICENSE_1.csv ; https://www2.myfloridalicense.com/sto/file_download/extracts//RealEstateCorpLicense.csv,FL,PINECREST,8603 S DIXIE HWY,https://www.esgrealestate.com,Overture Maps place 8cfe2922-1ef5-4547-94ca-61eb75293d2e (name match 100.0) + firm website https://www.esgrealestate.com,2026-10-09,
ELLISON REALTY INC,(352) 732-8350,high,70,https://www2.myfloridalicense.com/sto/file_download/extracts//REALESTATE2501LICENSE_1.csv ; https://www2.myfloridalicense.com/sto/file_download/extracts//RealEstateCorpLicense.csv,FL,OCALA,2226 E SILVER SPRINGS BLVD,http://www.ellisonrealty.com/,Overture Maps place f8473159-7551-465b-8eda-378a695c1b53 (name match 100.0) + firm website http://www.ellisonrealty.com/,2026-10-09,
EPIC CHOICE REALTY CORP,(786) 402-4821,high,50,https://www2.myfloridalicense.com/sto/file_download/extracts//REALESTATE2501LICENSE_1.csv ; https://www2.myfloridalicense.com/sto/file_download/extracts//RealEstateCorpLicense.csv,FL,MIAMI,1311 SW 97 CT,http://www.epicchoicerealty.com/,firm website http://www.epicchoicerealty.com/ (text on /); Overture Maps place 60a5e427-2da3-40ed-bf9f-26fa0189246e (name match 100.0),2026-10-09,
EQUESTRIAN SOTHEBY'S INTERNATIONAL REALTY LLC,(561) 771-2626,medium,52,https://www2.myfloridalicense.com/sto/file_download/extracts//REALESTATE2501LICENSE_1.csv ; https://www2.myfloridalicense.com/sto/file_download/extracts//RealEstateCorpLicense.csv,FL,WELLINGTON,12180 SOUTH SHORE BLVD,https://equestriansir.com,Overture Maps place bc9f99fe-b34e-411c-809f-005ae6f1d166 (name match 100.0),2026-10-09,
EQUIESTATE CORP,(305) 557-5345,high,43,https://www2.myfloridalicense.com/sto/file_download/extracts//REALESTATE2501LICENSE_1.csv ; https://www2.myfloridalicense.com/sto/file_download/extracts//RealEstateCorpLicense.csv,FL,MIAMI LAKES,14062 NW 82 AVE,https://equiestate.com,Overture Maps place dbc4418a-3bfa-439f-b6f6-748844092e62 (name match 100.0) + firm website https://equiestate.com,2026-10-09,
ERA ADVANTAGE REALTY INC,(941) 255-5300,medium,44,https://www2.myfloridalicense.com/sto/file_download/extracts//REALESTATE2501LICENSE_1.csv ; https://www2.myfloridalicense.com/sto/file_download/extracts//RealEstateCorpLicense.csv,FL,PORT CHARLOTTE,901 TAMIAMI TR,https://www.eraportcharlotte.com,Overture Maps place 39611cf4-b172-47ea-a1b2-d00be5a342a3 (name match 100.0),2026-10-09,
EXPERIENCE WILTON MANORS LLC,(954) 541-8441,medium,43,https://www2.myfloridalicense.com/sto/file_download/extracts//REALESTATE2501LICENSE_1.csv ; https://www2.myfloridalicense.com/sto/file_download/extracts//RealEstateCorpLicense.csv,FL,WILTON MANORS,1103 NE 26TH STREET,https://www.remax.com/real-estate-offices/remax-experience-wilton-manors-fl/101562003,Overture Maps place 4557ca72-aa65-44d6-930e-e410f97f04f5 (name match 100.0),2026-10-09,Overture listing name includes extra words (may be an individual agent's listing / personal cell)
EZ CHOICE INC,(813) 653-9676,high,61,https://www2.myfloridalicense.com/sto/file_download/extracts//REALESTATE2501LICENSE_1.csv ; https://www2.myfloridalicense.com/sto/file_download/extracts//RealEstateCorpLicense.csv,FL,BRANDON,116 E BLOOMINGDALE AVE,http://www.EZChoiceRealty.com/,Overture Maps place 60e227d7-b579-47aa-b175-0fc657b37a9c (name match 100.0) + firm website http://www.EZChoiceRealty.com/,2026-10-09,
FANNIE HILLMAN & ASSOCIATES INC,(407) 644-1234,high,75,https://www2.myfloridalicense.com/sto/file_download/extracts//REALESTATE2501LICENSE_1.csv ; https://www2.myfloridalicense.com/sto/file_download/extracts//RealEstateCorpLicense.csv,FL,WINTER PARK,205 W FAIRBANKS AVE,https://www.fanniehillman.com,Overture Maps place e365577a-944a-4082-a572-f9ab97df20dd (name match 93.33333333333333) + firm website https://www.fanniehillman.com,2026-10-09,
FENIX HOME REALTY LLC,(813) 284-6216,medium,45,https://www2.myfloridalicense.com/sto/file_download/extracts//REALESTATE2501LICENSE_1.csv ; https://www2.myfloridalicense.com/sto/file_download/extracts//RealEstateCorpLicense.csv,FL,TAMPA,2718 W SITKA ST,,Overture Maps place 2056d937-a661-477e-bd4c-e39873c922ca (name match 100.0),2026-10-09,
FIRST CLASS REAL ESTATE LLC,(305) 433-5686,medium,50,https://www2.myfloridalicense.com/sto/file_download/extracts//REALESTATE2501LICENSE_1.csv ; https://www2.myfloridalicense.com/sto/file_download/extracts//RealEstateCorpLicense.csv,FL,NORTH MIAMI,12944 WEST DIXIE HIGHWAY,https://calendly.com/sorelobamacare/15min,Overture Maps place 391c4ae1-8d52-407b-bada-27f2a0ae3fb0 (name match 100.0),2026-10-09,
FIRST PRO INTERNATIONAL REALTY CO,(954) 479-8968,high,67,https://www2.myfloridalicense.com/sto/file_download/extracts//REALESTATE2501LICENSE_1.csv ; https://www2.myfloridalicense.com/sto/file_download/extracts//RealEstateCorpLicense.csv,FL,HOLLYWOOD,2640 HOLLYWOOD BLVD,http://www.firstprorealty.com/,firm website http://www.firstprorealty.com/ (text on /); Overture Maps place c6c44ec2-35b6-42ce-8fdb-a586edc1ddcc (name match 100.0),2026-10-09,
FIRST REALTY SERVICES CORPORATION,(954) 900-2120,medium,42,https://www2.myfloridalicense.com/sto/file_download/extracts//REALESTATE2501LICENSE_1.csv ; https://www2.myfloridalicense.com/sto/file_download/extracts//RealEstateCorpLicense.csv,FL,FORT LAUDERDALE,111 SE 8TH AVE,http://www.remaxfirstflorida.com/,Overture Maps place da7cd86f-446e-49e4-969d-e3adbde0522c (name match 100.0),2026-10-09,Overture listing name includes extra words (may be an individual agent's listing / personal cell)
FIRST WAY REALTY SERVICES INC,(786) 715-1322,medium,44,https://www2.myfloridalicense.com/sto/file_download/extracts//REALESTATE2501LICENSE_1.csv ; https://www2.myfloridalicense.com/sto/file_download/extracts//RealEstateCorpLicense.csv,FL,MIAMI,10661 N KENDALL DR,http://www.dwntwnrealty.com/,Overture Maps place abe0d574-830e-487a-bc50-1ae4e7486fd4 (name match 100.0),2026-10-09,
FLORIDA BEST REALTY INC,(305) 792-0800,medium,62,https://www2.myfloridalicense.com/sto/file_download/extracts//REALESTATE2501LICENSE_1.csv ; https://www2.myfloridalicense.com/sto/file_download/extracts//RealEstateCorpLicense.csv,FL,NORTH MIAMI BEACH,15807 BISCAYNE BLVD,http://www.FlaBestRealty.com/,Overture Maps place 50ad5a6b-baed-4d22-87a2-566d21534d23 (name match 100.0),2026-10-09,
FLORIDA BROKERS REAL ESTATE LLC,(954) 983-6600,medium,38,https://www2.myfloridalicense.com/sto/file_download/extracts//REALESTATE2501LICENSE_1.csv ; https://www2.myfloridalicense.com/sto/file_download/extracts//RealEstateCorpLicense.csv,FL,HOLLYWOOD,3595 SHERIDAN ST,https://floridaland123.com,Overture Maps place 8e621e3c-15ee-4683-bdde-8c306099be89 (name match 100.0),2026-10-09,
FLORIDA CONNEXION PROPERTIES INC,(407) 574-2636,high,49,https://www2.myfloridalicense.com/sto/file_download/extracts//REALESTATE2501LICENSE_1.csv ; https://www2.myfloridalicense.com/sto/file_download/extracts//RealEstateCorpLicense.csv,FL,ORLANDO,5411 INTERNATIONAL DRIVE,https://www.floridaconnexion.com,Overture Maps place 124889aa-ae4f-4dba-bfe4-ca92ae36836b (name match 100.0) + firm website https://www.floridaconnexion.com,2026-10-09,
FLORIDA REALTY MARKETPLACE LLC,(863) 877-1915,high,43,https://www2.myfloridalicense.com/sto/file_download/extracts//REALESTATE2501LICENSE_1.csv ; https://www2.myfloridalicense.com/sto/file_download/extracts//RealEstateCorpLicense.csv,FL,DAVENPORT,2850 DEER CREEK COMMERCE LANE,http://www.floridarealtymarketplace.com/,Overture Maps place 2ea48136-ff15-4ad8-ad2c-8ef1e930f11d (name match 100.0) + firm website http://www.floridarealtymarketplace.com/,2026-10-09,
FLORIDA REALTY RESULTS LLC,(407) 498-3838,high,39,https://www2.myfloridalicense.com/sto/file_download/extracts//REALESTATE2501LICENSE_1.csv ; https://www2.myfloridalicense.com/sto/file_download/extracts//RealEstateCorpLicense.csv,FL,SAINT CLOUD,1211 12TH STREET,http://www.floridarealtyresults.com/,firm website http://www.floridarealtyresults.com/ (tel on /); Overture Maps place cd14d97f-ce86-407b-a60e-02d71ba1f249 (name match 100.0),2026-10-09,
FLORIDA REALTY UNLIMITED LLC,(813) 681-1133,medium,37,https://www2.myfloridalicense.com/sto/file_download/extracts//REALESTATE2501LICENSE_1.csv ; https://www2.myfloridalicense.com/sto/file_download/extracts//RealEstateCorpLicense.csv,FL,BRANDON,902 W LUMSDEN RD SUITE 103,http://floridarealtyservices.net,Overture Maps place f2602fa8-5230-4be2-be20-74c109a5fe1f (name match 100.0),2026-10-09,Overture listing name includes extra words (may be an individual agent's listing / personal cell)
FLORIDAS BEST REALTY SERVICES LLC,(561) 208-1382,high,64,https://www2.myfloridalicense.com/sto/file_download/extracts//REALESTATE2501LICENSE_1.csv ; https://www2.myfloridalicense.com/sto/file_download/extracts//RealEstateCorpLicense.csv,FL,BOCA RATON,5499 N FEDERAL HWY SUITE B,http://www.floridasbestrealty.com/,Overture Maps place 37ad6cec-78e6-49ed-9b8d-b4510112d64e (name match 100.0) + firm website http://www.floridasbestrealty.com/,2026-10-09,
FLUID REALTY LLC,(904) 270-9898,high,41,https://www2.myfloridalicense.com/sto/file_download/extracts//REALESTATE2501LICENSE_1.csv ; https://www2.myfloridalicense.com/sto/file_download/extracts//RealEstateCorpLicense.csv,FL,JACKSONVILLE BEACH,2029 3RD ST N,https://fluidrealty.com,Overture Maps place 646b2923-58b5-4e86-9573-2ceaf151c99e (name match 100.0) + firm website https://fluidrealty.com,2026-10-09,
FONTANA REALTY INC,(352) 817-3574,high,39,https://www2.myfloridalicense.com/sto/file_download/extracts//REALESTATE2501LICENSE_1.csv ; https://www2.myfloridalicense.com/sto/file_download/extracts//RealEstateCorpLicense.csv,FL,OCALA,4505 SE 48TH 4505 SE 48TH PLACE RD,https://www.fontanarealtyflorida.com,Overture Maps place ba87c62c-f203-43c2-ba8d-2a2cd3bfa438 (name match 100.0) + firm website https://www.fontanarealtyflorida.com,2026-10-09,
FOREVER FLORIDA REAL ESTATE INC,(727) 440-6444,medium,50,https://www2.myfloridalicense.com/sto/file_download/extracts//REALESTATE2501LICENSE_1.csv ; https://www2.myfloridalicense.com/sto/file_download/extracts//RealEstateCorpLicense.csv,FL,ST PETERSBURG,505 PASADENA AVE S,http://ForeverFloridaRealEstate.com/,Overture Maps place 5dcae610-3920-45ed-b6ec-74dbfc747b32 (name match 100.0),2026-10-09,
FOUNDRY COMMERCIAL LLC,(407) 540-7700,high,51,https://www2.myfloridalicense.com/sto/file_download/extracts//REALESTATE2501LICENSE_1.csv ; https://www2.myfloridalicense.com/sto/file_download/extracts//RealEstateCorpLicense.csv,FL,ORLANDO,420 S ORANGE AVE SUITE 400,https://www.foundrycommercial.com,Overture Maps place 99e0c504-fb1a-4693-aa19-e72c40b520b1 (name match 100.0) + firm website https://www.foundrycommercial.com,2026-10-09,
FRANKLIN STREET REAL ESTATE SERVICES LLC,(813) 839-7300,medium,65,https://www2.myfloridalicense.com/sto/file_download/extracts//REALESTATE2501LICENSE_1.csv ; https://www2.myfloridalicense.com/sto/file_download/extracts//RealEstateCorpLicense.csv,FL,TAMPA,1311 N WESTSHORE BLVD STE 200,http://franklinst.com/,Overture Maps place 28a371b5-795f-4e60-b6c1-a200bf9b87af (name match 100.0),2026-10-09,
G & E REALTY GROUP INC,(954) 258-4087,high,35,https://www2.myfloridalicense.com/sto/file_download/extracts//REALESTATE2501LICENSE_1.csv ; https://www2.myfloridalicense.com/sto/file_download/extracts//RealEstateCorpLicense.csv,FL,DAVIE,3325 S. UNIVERSITY DR,http://www.gandehomes.com/,firm website http://www.gandehomes.com/ (text on /); Overture Maps place 8cb62b5c-6963-4406-903f-4a93c86a8872 (name match 100.0),2026-10-09,
GARCIA REAL ESTATE GROUP INC,(754) 206-3900,medium,37,https://www2.myfloridalicense.com/sto/file_download/extracts//REALESTATE2501LICENSE_1.csv ; https://www2.myfloridalicense.com/sto/file_download/extracts//RealEstateCorpLicense.csv,FL,FT. LAUDERDALE,3301 NORTH OCEAN BOULEVARD,http://FortLauderdale.evrealestate.com/,Overture Maps place fbb82672-b147-48af-abe6-08427bd13b2b (name match 95.08196721311475),2026-10-09,Overture listing name includes extra words (may be an individual agent's listing / personal cell)
GARRETT BELL LLC,(321) 237-1887,medium,70,https://www2.myfloridalicense.com/sto/file_download/extracts//REALESTATE2501LICENSE_1.csv ; https://www2.myfloridalicense.com/sto/file_download/extracts//RealEstateCorpLicense.csv,FL,MELBOURNE,1500 HIGHLAND AVE,https://www.denovorealty.com/,Overture Maps place f81ec1fd-f8d9-401e-8b1e-b5258529580b (name match 100.0),2026-10-09,Overture listing name includes extra words (may be an individual agent's listing / personal cell)
GENESIS REALTY SERVICES INC,(305) 823-6124,medium,54,https://www2.myfloridalicense.com/sto/file_download/extracts//REALESTATE2501LICENSE_1.csv ; https://www2.myfloridalicense.com/sto/file_download/extracts//RealEstateCorpLicense.csv,FL,MIAMI LAKES,7759 NW 146 STREET G2,,Overture Maps place dfc3b577-89c5-4c55-850a-e933b5757fbc (name match 100.0),2026-10-09,
GERI WESTFALL REAL ESTATE PA,(386) 677-0870,medium,43,https://www2.myfloridalicense.com/sto/file_download/extracts//REALESTATE2501LICENSE_1.csv ; https://www2.myfloridalicense.com/sto/file_download/extracts//RealEstateCorpLicense.csv,FL,ORMOND BEACH,481 N. US HIGHWAY 1,http://www.geriwestfallre.com/,Overture Maps place 32ddf3f4-2730-408b-8926-0059c9610446 (name match 100.0),2026-10-09,
GRAND HAVEN REALTY LLC,(386) 445-0056,medium,55,https://www2.myfloridalicense.com/sto/file_download/extracts//REALESTATE2501LICENSE_1.csv ; https://www2.myfloridalicense.com/sto/file_download/extracts//RealEstateCorpLicense.csv,FL,PALM COAST,2298 COLBERT LANE,http://www.grandhavenpalmcoast.com,Overture Maps place a1786607-2ed4-4fe9-a3a4-8afe84b98f29 (name match 100.0),2026-10-09,
GRAND LION REAL ESTATE GROUP LLC,(305) 423-5207,high,38,https://www2.myfloridalicense.com/sto/file_download/extracts//REALESTATE2501LICENSE_1.csv ; https://www2.myfloridalicense.com/sto/file_download/extracts//RealEstateCorpLicense.csv,FL,MIAMI,1111 BRICKELL AVENUE,https://www.thegrandlionrealestategroup.com,Overture Maps place fe389dda-e3ad-4bb3-9020-43ac201ca8bc (name match 100.0) + firm website https://www.thegrandlionrealestategroup.com,2026-10-09,
GUARDIAN REAL ESTATE CO,(954) 559-5883,high,36,https://www2.myfloridalicense.com/sto/file_download/extracts//REALESTATE2501LICENSE_1.csv ; https://www2.myfloridalicense.com/sto/file_download/extracts//RealEstateCorpLicense.csv,FL,DAVIE,12525 ORANGE DR.,http://guardianrealestatecompany.com/,Overture Maps place b97985eb-6c92-45c2-953f-7809b4479a5c (name match 100.0) + firm website http://guardianrealestatecompany.com/,2026-10-09,
"GULF LIFE REAL ESTATE, INC.",(850) 366-8525,medium,53,https://www2.myfloridalicense.com/sto/file_download/extracts//REALESTATE2501LICENSE_1.csv ; https://www2.myfloridalicense.com/sto/file_download/extracts//RealEstateCorpLicense.csv,FL,PANAMA CITY BEACH,17320 PANAMA CITY BEACH PARKWAY,http://www.GulfLifeGo.com/,Overture Maps place 5b0d4cb4-53c5-4172-9fc2-cd9441b28b5a (name match 100.0),2026-10-09,
GULFSTREAM GOLD LLC,(941) 473-7399,medium,45,https://www2.myfloridalicense.com/sto/file_download/extracts//REALESTATE2501LICENSE_1.csv ; https://www2.myfloridalicense.com/sto/file_download/extracts//RealEstateCorpLicense.csv,FL,ENGLEWOOD,1815 ENGLEWOOD ROAD,,Overture Maps place 02835231-3183-46ee-ae67-73d9ab52756d (name match 100.0),2026-10-09,Overture listing name includes extra words (may be an individual agent's listing / personal cell)
HAMILTON FRANKLIN REALTY LLC,(239) 878-2478,medium,35,https://www2.myfloridalicense.com/sto/file_download/extracts//REALESTATE2501LICENSE_1.csv ; https://www2.myfloridalicense.com/sto/file_download/extracts//RealEstateCorpLicense.csv,FL,CAPE CORAL,1136 NE PINE ISLAND ROAD SUITE 49,http://www.Joyce.HamiltonFranklinRealty.com/,Overture Maps place b736cfab-22aa-48bc-8857-35c9ce1a161f (name match 100.0),2026-10-09,
HANSEN REALTY INC,(954) 776-5400,medium,57,https://www2.myfloridalicense.com/sto/file_download/extracts//REALESTATE2501LICENSE_1.csv ; https://www2.myfloridalicense.com/sto/file_download/extracts//RealEstateCorpLicense.csv,FL,FT LAUDERDALE,3010 E COMMERCIAL BLVD,http://www.century21hansen.com/,Overture Maps place 663a8da0-b392-47b6-8118-4c6e4079692f (name match 100.0),2026-10-09,Overture listing name includes extra words (may be an individual agent's listing / personal cell)
"HARPER REALTY FL, LLC",(863) 687-8020,high,40,https://www2.myfloridalicense.com/sto/file_download/extracts//REALESTATE2501LICENSE_1.csv ; https://www2.myfloridalicense.com/sto/file_download/extracts//RealEstateCorpLicense.csv,FL,LAKELAND,1420 SOUTH FLORIDA AVENUE,https://harperrealtyfl.com/,Overture Maps place 39df6697-4b34-4641-a059-9f0aa804ca4e (name match 100.0) + firm website https://harperrealtyfl.com/,2026-10-09,
HATCHER REALTY SERVICES INC,(352) 498-0575,medium,37,https://www2.myfloridalicense.com/sto/file_download/extracts//REALESTATE2501LICENSE_1.csv ; https://www2.myfloridalicense.com/sto/file_download/extracts//RealEstateCorpLicense.csv,FL,CROSS CITY,738 NE HWY 351,http://steinhatcheerealestate.com,Overture Maps place a07b9ec0-77e7-491f-8795-989333b48381 (name match 100.0),2026-10-09,
HBWB REALTY LLC,(813) 438-3838,high,61,https://www2.myfloridalicense.com/sto/file_download/extracts//REALESTATE2501LICENSE_1.csv ; https://www2.myfloridalicense.com/sto/file_download/extracts//RealEstateCorpLicense.csv,FL,RIVERVIEW,4065 CRESCENT PARK DR,http://www.homesbywestbay.com,Overture Maps place e03ba886-36ab-4116-867c-78aa16d29cf7 (name match 100.0) + firm website http://www.homesbywestbay.com,2026-10-09,
HEARTLAND REALTY GROUP LLC,(561) 324-4232,high,39,https://www2.myfloridalicense.com/sto/file_download/extracts//REALESTATE2501LICENSE_1.csv ; https://www2.myfloridalicense.com/sto/file_download/extracts//RealEstateCorpLicense.csv,FL,WEST PALM BEACH,2425 PRESIDENTIAL WAY 2006,https://heartlandrealtygroup.net/,Overture Maps place 84e61aea-cf3b-409b-beb6-19f8832e8bb4 (name match 100.0) + firm website https://heartlandrealtygroup.net/,2026-10-09,
HILL SPOONER & ELLIOTT INC,(850) 907-2051,medium,47,https://www2.myfloridalicense.com/sto/file_download/extracts//REALESTATE2501LICENSE_1.csv ; https://www2.myfloridalicense.com/sto/file_download/extracts//RealEstateCorpLicense.csv,FL,TALLAHASSEE,1390 TIMBERLANE ROAD,https://hillspooner1-my.sharepoint.com/:x:/g/personal/jenn_hillspooner_com/EWk2dvhiAV9AgSmrSN8BDA4By9lV_sMJ-uY2cs_snEnGlA?e=UdPn85,Overture Maps place cb1b9f88-9e27-4180-8867-cf12fcf24b7a (name match 100.0),2026-10-09,
HOLIDAY BUILDERS INC,(321) 610-5180,high,54,https://www2.myfloridalicense.com/sto/file_download/extracts//REALESTATE2501LICENSE_1.csv ; https://www2.myfloridalicense.com/sto/file_download/extracts//RealEstateCorpLicense.csv,FL,MELBOURNE,2293 W EAU GALLIE BLVD (from Overture),https://holidaybuilders.com/find-a-home/our-communities/,Overture Maps place 855f32fa-b2d8-49de-9fd8-d5366ff289cf (name_statewide_unique match 100) + firm website https://holidaybuilders.com/find-a-home/our-communities/,2026-10-09,
HOME-C INTERNATIONAL REALTY LLC,(786) 306-4842,high,49,https://www2.myfloridalicense.com/sto/file_download/extracts//REALESTATE2501LICENSE_1.csv ; https://www2.myfloridalicense.com/sto/file_download/extracts//RealEstateCorpLicense.csv,FL,MIAMI,1695 NW 110TH AVE UNIT 302,http://www.homecrealty.com/,firm website http://www.homecrealty.com/ (text on /); Overture Maps place b001b5df-6c50-4823-b294-3c55b03f7168 (name match 100.0),2026-10-09,
HOMERUN REALTY LLC,(352) 624-0935,medium,71,https://www2.myfloridalicense.com/sto/file_download/extracts//REALESTATE2501LICENSE_1.csv ; https://www2.myfloridalicense.com/sto/file_download/extracts//RealEstateCorpLicense.csv,FL,OCALA,3501 NE 10TH STREET,http://www.homerunrealtyteam.com/,Overture Maps place 19508e46-b59d-4ccf-843a-e6aba1ad47ea (name match 100.0),2026-10-09,
HORIZON HOMES REALTY CORP,(305) 720-9131,medium,64,https://www2.myfloridalicense.com/sto/file_download/extracts//REALESTATE2501LICENSE_1.csv ; https://www2.myfloridalicense.com/sto/file_download/extracts//RealEstateCorpLicense.csv,FL,MIAMI LAKES,6175 NW 153RD SUITE 224,http://www.horizonhomesrealty.com/,Overture Maps place ddd42fb8-9671-446e-be3e-4a6043fb49bd (name match 100.0),2026-10-09,
HORIZON REALTY INTERNATIONAL INC,(941) 238-0953,high,61,https://www2.myfloridalicense.com/sto/file_download/extracts//REALESTATE2501LICENSE_1.csv ; https://www2.myfloridalicense.com/sto/file_download/extracts//RealEstateCorpLicense.csv,FL,BRADENTON,6160 STATE ROAD 70 EAST,http://www.horizonrealtyintl.com,Overture Maps place 158bf2df-4e40-436e-ad8f-a29d84a1eaa0 (name match 100.0) + firm website http://www.horizonrealtyintl.com,2026-10-09,
HORSE COUNTRY REALTY INC,(352) 351-4718,medium,36,https://www2.myfloridalicense.com/sto/file_download/extracts//REALESTATE2501LICENSE_1.csv ; https://www2.myfloridalicense.com/sto/file_download/extracts//RealEstateCorpLicense.csv,FL,OCALA,5780 SW 20 ST,https://www.showcaseocala.com,Overture Maps place 8fd8e09e-4797-4b34-a319-0277a19f378c (name match 100.0),2026-10-09,Overture listing name includes extra words (may be an individual agent's listing / personal cell)
HOWARD CHASE REAL ESTATE LLC,(305) 532-7470,high,42,https://www2.myfloridalicense.com/sto/file_download/extracts//REALESTATE2501LICENSE_1.csv ; https://www2.myfloridalicense.com/sto/file_download/extracts//RealEstateCorpLicense.csv,FL,MIAMI BEACH,1354 WASHINGTON AVENUE #220,http://www.howardchaserealestate.com/,Overture Maps place ce0b292b-9662-419a-9795-ed0ccbe38e4a (name match 100.0) + firm website http://www.howardchaserealestate.com/,2026-10-09,
HUDSON REALTY OF THE PALM BEACHES INC,(561) 734-6000,medium,48,https://www2.myfloridalicense.com/sto/file_download/extracts//REALESTATE2501LICENSE_1.csv ; https://www2.myfloridalicense.com/sto/file_download/extracts//RealEstateCorpLicense.csv,FL,BOYNTON BCH,1500 GATEWAY BLVD,http://www.hudson-realestate.com,Overture Maps place 2af0b78a-ef19-456d-b25f-78148245300d (name match 100.0),2026-10-09,
IHEART REALTY INC,(386) 546-8571,high,48,https://www2.myfloridalicense.com/sto/file_download/extracts//REALESTATE2501LICENSE_1.csv ; https://www2.myfloridalicense.com/sto/file_download/extracts//RealEstateCorpLicense.csv,FL,PALATKA,423 ST JOHNS AVE,https://www.iheartrealtyinc.com,Overture Maps place c382ea27-95c7-441c-add4-23fc9192f0d9 (name match 100.0) + firm website https://www.iheartrealtyinc.com,2026-10-09,
IMMANUEL REALTY INC,(813) 832-5400,medium,74,https://www2.myfloridalicense.com/sto/file_download/extracts//REALESTATE2501LICENSE_1.csv ; https://www2.myfloridalicense.com/sto/file_download/extracts//RealEstateCorpLicense.csv,FL,TAMPA,3050 S DALE MABRY HWY,https://www.floridaexecutiverealty.com/our-agents/tim-diehl/,Overture Maps place 5c0827b0-a7bf-4d85-9bcd-83e4200125dc (name match 94.44444444444444),2026-10-09,Overture listing name includes extra words (may be an individual agent's listing / personal cell)
IMPACT HOLDINGS GULF BEACHES LLC,(727) 367-3756,medium,51,https://www2.myfloridalicense.com/sto/file_download/extracts//REALESTATE2501LICENSE_1.csv ; https://www2.myfloridalicense.com/sto/file_download/extracts//RealEstateCorpLicense.csv,FL,SEMINOLE,8200 SEMINOLE BLVD,https://gulfbeaches.yourkwoffice.com/,Overture Maps place 5fd60dd5-9e71-43c4-b0ff-de158ef9d544 (name match 100.0),2026-10-09,Overture listing name includes extra words (may be an individual agent's listing / personal cell)
INNOVA REAL ESTATE CORPORATION,(239) 573-4647,medium,51,https://www2.myfloridalicense.com/sto/file_download/extracts//REALESTATE2501LICENSE_1.csv ; https://www2.myfloridalicense.com/sto/file_download/extracts//RealEstateCorpLicense.csv,FL,CAPE CORAL,4645 SE 11TH PL SUITE 104,https://www.innovarealtors.com/,Overture Maps place ccc2f978-739c-436b-bdb6-0288b8e4da46 (name match 100.0),2026-10-09,
ISLAND LIVING REALTY LLC,(305) 303-7533,medium,53,https://www2.myfloridalicense.com/sto/file_download/extracts//REALESTATE2501LICENSE_1.csv ; https://www2.myfloridalicense.com/sto/file_download/extracts//RealEstateCorpLicense.csv,FL,MIAMI LAKES,6175 NW 153RD ST SUITE 221,https://islandlivingrealty.com,Overture Maps place 9dacf9ce-dc43-4ef1-b281-a721f56d665c (name match 100.0),2026-10-09,
J G AND L REAL ESTATE SERVICES LLC,(305) 529-6245,high,39,https://www2.myfloridalicense.com/sto/file_download/extracts//REALESTATE2501LICENSE_1.csv ; https://www2.myfloridalicense.com/sto/file_download/extracts//RealEstateCorpLicense.csv,FL,CORAL GABLES,2000 PONCE DE LEON BLVD,http://www.luftrealty.com/,Overture Maps place e04e5604-ad32-48b1-8897-7541706009f4 (name match 100.0) + firm website http://www.luftrealty.com/,2026-10-09,
J W MORTON REAL ESTATE INC,(352) 726-6668,high,69,https://www2.myfloridalicense.com/sto/file_download/extracts//REALESTATE2501LICENSE_1.csv ; https://www2.myfloridalicense.com/sto/file_download/extracts//RealEstateCorpLicense.csv,FL,INVERNESS,1645 W MAIN ST,http://www.citruscountycentury21.com/,firm website http://www.citruscountycentury21.com/ (text on /); Overture Maps place bf553723-d2ec-489f-bf9f-f8bfbf8b07eb (name match 100.0),2026-10-09,
JM INTERNATIONAL REALTY INC,(786) 287-4843,medium,58,https://www2.myfloridalicense.com/sto/file_download/extracts//REALESTATE2501LICENSE_1.csv ; https://www2.myfloridalicense.com/sto/file_download/extracts//RealEstateCorpLicense.csv,FL,MIAMI,10530 NW 26TH ST STE 102,http://WWW.JMINTLREALTY.COM/,Overture Maps place e8b202e2-2369-48fa-beca-984d884a95a9 (name match 100.0),2026-10-09,
JUNGLE HUT INC,(386) 439-1620,medium,48,https://www2.myfloridalicense.com/sto/file_download/extracts//REALESTATE2501LICENSE_1.csv ; https://www2.myfloridalicense.com/sto/file_download/extracts//RealEstateCorpLicense.csv,FL,PALM COAST,235 PALM COAST PKWY NE,http://www.RealtyExecutivesOceanside.com/,Overture Maps place c719c934-ba27-4f71-8d76-89381efa0c84 (name match 100.0),2026-10-09,Overture listing name includes extra words (may be an individual agent's listing / personal cell)
KAZA REAL ESTATE LLC,(321) 440-4310,high,53,https://www2.myfloridalicense.com/sto/file_download/extracts//REALESTATE2501LICENSE_1.csv ; https://www2.myfloridalicense.com/sto/file_download/extracts//RealEstateCorpLicense.csv,FL,ORLANDO,"7680 UNIVERSAL BLVD, STE 500",https://realestatekaza.com/,firm website https://realestatekaza.com/ (text on /); Overture Maps place 5878a670-70a1-48f8-887d-96c9a4b3fdd0 (name match 100.0),2026-10-09,
KEY WEST COMPASS LLC,(305) 292-0020,medium,69,https://www2.myfloridalicense.com/sto/file_download/extracts//REALESTATE2501LICENSE_1.csv ; https://www2.myfloridalicense.com/sto/file_download/extracts//RealEstateCorpLicense.csv,FL,KEY WEST,333 FLEMING STREET,https://kellerwilliamskeywest.kw.com/,Overture Maps place ed715b2b-dda4-4fbd-9254-d124fa864eae (name match 100.0),2026-10-09,Overture listing name includes extra words (may be an individual agent's listing / personal cell)
KUHN REALTY LLC,(850) 266-7557,medium,37,https://www2.myfloridalicense.com/sto/file_download/extracts//REALESTATE2501LICENSE_1.csv ; https://www2.myfloridalicense.com/sto/file_download/extracts//RealEstateCorpLicense.csv,FL,PENSACOLA,1718 N 9TH AVE,https://www.kuhnrealty.com,Overture Maps place e6f57a47-1c7a-454c-af0a-48dd64dc0c7b (name match 100.0),2026-10-09,
KYLER LLC,(321) 348-9528,medium,73,https://www2.myfloridalicense.com/sto/file_download/extracts//REALESTATE2501LICENSE_1.csv ; https://www2.myfloridalicense.com/sto/file_download/extracts//RealEstateCorpLicense.csv,FL,SATELLITE BEACH,1680 HIGHWAY A1A,http://Homesmartcoastalrealty.com/,Overture Maps place e5857dab-b6eb-4d20-bbf5-49dbcf38fe72 (name match 100.0),2026-10-09,Overture listing name includes extra words (may be an individual agent's listing / personal cell)
LA ROSA REALTY KENDALL LLC,(321) 939-3748,high,43,https://www2.myfloridalicense.com/sto/file_download/extracts//REALESTATE2501LICENSE_1.csv ; https://www2.myfloridalicense.com/sto/file_download/extracts//RealEstateCorpLicense.csv,FL,KENDALL,12030 SW 129TH CT,http://www.larosarealty.com/,Overture Maps place 44e830a0-d4aa-487a-811c-044ad116f944 (name match 100.0) + firm website http://www.larosarealty.com/,2026-10-09,
LA ROSA REALTY NORTH FLORIDA LLC,(904) 969-9699,medium,61,https://www2.myfloridalicense.com/sto/file_download/extracts//REALESTATE2501LICENSE_1.csv ; https://www2.myfloridalicense.com/sto/file_download/extracts//RealEstateCorpLicense.csv,FL,JACKSONVILLE,9250 BAYMEADOWS RD STE 230,https://northflorida.larosarealty.com/,Overture Maps place e4e257a6-0fb1-4515-a9f3-d5c25f283e45 (name match 100.0),2026-10-09,
LA ROSA REALTY PREMIER LLC,(407) 401-9076,medium,65,https://www2.myfloridalicense.com/sto/file_download/extracts//REALESTATE2501LICENSE_1.csv ; https://www2.myfloridalicense.com/sto/file_download/extracts//RealEstateCorpLicense.csv,FL,ORLANDO,626 N ALAFAYA TRAIL #207,http://lrrpremier.com/,Overture Maps place cd9acc69-41bb-425c-84df-c7bec1594e87 (name match 100.0),2026-10-09,
LAKEWOOD RANCH REAL ESTATE GROUP LLC,(941) 918-1956,high,54,https://www2.myfloridalicense.com/sto/file_download/extracts//REALESTATE2501LICENSE_1.csv ; https://www2.myfloridalicense.com/sto/file_download/extracts//RealEstateCorpLicense.csv,FL,SARASOTA,5391 LAKEWOOD RANCH BLVD N,https://www.sarasotabuyeragent.com/communities/lakewood-ranch/,Overture Maps place e57f118a-51d3-4e2d-9c63-84a4150f3210 (name match 100.0) + firm website https://www.sarasotabuyeragent.com/communities/lakewood-ranch/,2026-10-09,possible cell (labelled cell/mobile/direct on site)
LANTES REAL ESTATE LLC,(813) 408-0980,high,62,https://www2.myfloridalicense.com/sto/file_download/extracts//REALESTATE2501LICENSE_1.csv ; https://www2.myfloridalicense.com/sto/file_download/extracts//RealEstateCorpLicense.csv,FL,TAMPA,615 CHANNELSIDE DR,http://www.lantesrealestate.com/,Overture Maps place 207d8df6-ec57-425f-b378-dab1a831cb17 (name match 100.0) + firm website http://www.lantesrealestate.com/,2026-10-09,
"LAWHUN ENTERPRISES IV, LLC",(407) 630-1638,high,56,https://www2.myfloridalicense.com/sto/file_download/extracts//REALESTATE2501LICENSE_1.csv ; https://www2.myfloridalicense.com/sto/file_download/extracts//RealEstateCorpLicense.csv,FL,ORLANDO,3451 TECHNOLOGICAL AVE.,https://www.doorisung.com,Overture Maps place 8992ffcb-7d46-4c76-b2cc-9a0524c116b1 (name match 92.6829268292683) + firm website https://www.doorisung.com,2026-10-09,
LEE ISLAND COAST REAL ESTATE INC,(239) 989-0111,high,56,https://www2.myfloridalicense.com/sto/file_download/extracts//REALESTATE2501LICENSE_1.csv ; https://www2.myfloridalicense.com/sto/file_download/extracts//RealEstateCorpLicense.csv,FL,FORT MYERS,7950 SUMMERLIN LAKES DRIVE STE 2,http://cornerstonecoastal.com/,Overture Maps place e1e2f17c-47dd-4aff-b3ea-06bc30854fd0 (name match 100.0) + firm website http://cornerstonecoastal.com/,2026-10-09,
"LEIBOWITZ REALTY GROUP, LLC",(561) 262-0721,high,54,https://www2.myfloridalicense.com/sto/file_download/extracts//REALESTATE2501LICENSE_1.csv ; https://www2.myfloridalicense.com/sto/file_download/extracts//RealEstateCorpLicense.csv,FL,PALM BEACH GARDENS,5602 PGA BOULEVARD,https://www.leibowitzrealty.com/,Overture Maps place fb09a845-dea3-4727-b385-a67ed2a6f55d (name match 100.0) + firm website https://www.leibowitzrealty.com/,2026-10-09,
LESLIE WELLS REALTY INC,(941) 776-5571,high,44,https://www2.myfloridalicense.com/sto/file_download/extracts//REALESTATE2501LICENSE_1.csv ; https://www2.myfloridalicense.com/sto/file_download/extracts//RealEstateCorpLicense.csv,FL,ELLENTON,6305 18TH ST. E.,http://www.lesliewellsrealty.com/,Overture Maps place 9b39b498-bfee-41d9-82de-6e2366b8e75b (name match 100.0) + firm website http://www.lesliewellsrealty.com/,2026-10-09,
LEWIS STEWART ENTERPRISES INC,(813) 361-5230,high,67,https://www2.myfloridalicense.com/sto/file_download/extracts//REALESTATE2501LICENSE_1.csv ; https://www2.myfloridalicense.com/sto/file_download/extracts//RealEstateCorpLicense.csv,FL,TAMPA,201 E. DAVIS BLVD,http://www.macdillafbmoves.com/,firm website http://www.macdillafbmoves.com/ (tel on /); Overture Maps place 27e88ac7-1c94-49fd-8dd1-87950dd2f5cb (name match 100.0),2026-10-09,
LIVE TAMPA BAY REALTY INC,(863) 868-8905,high,58,https://www2.myfloridalicense.com/sto/file_download/extracts//REALESTATE2501LICENSE_1.csv ; https://www2.myfloridalicense.com/sto/file_download/extracts//RealEstateCorpLicense.csv,FL,LAKELAND,3214 GARDNER RD,http://www.liveflrealty.com/,Overture Maps place 155ce5a3-f1ff-4c02-ba69-c1e60cc97109 (name match 100.0) + firm website http://www.liveflrealty.com/,2026-10-09,
LOCAL LIVING REALTY GROUP LLC,(386) 280-7404,high,56,https://www2.myfloridalicense.com/sto/file_download/extracts//REALESTATE2501LICENSE_1.csv ; https://www2.myfloridalicense.com/sto/file_download/extracts//RealEstateCorpLicense.csv,FL,NEW SMYRNA BEACH,212 PALMETTO ST,https://www.locallivingrg.com/,firm website https://www.locallivingrg.com/ (tel on /); Overture Maps place c45e13cf-5c7c-4688-a0a6-366c6ea78679 (name match 100.0),2026-10-09,
LOCAL REAL ESTATE LLC,(239) 221-8665,medium,68,https://www2.myfloridalicense.com/sto/file_download/extracts//REALESTATE2501LICENSE_1.csv ; https://www2.myfloridalicense.com/sto/file_download/extracts//RealEstateCorpLicense.csv,FL,BONITA SPRINGS,24821 S TAMIAMI TRAIL STE 2,http://www.livelocalre.com/,Overture Maps place c32e7373-0c17-4599-93f6-dec6a95c39f2 (name match 100.0),2026-10-09,
LOMBARDO TEAM REAL ESTATE LLC,(813) 321-0437,medium,49,https://www2.myfloridalicense.com/sto/file_download/extracts//REALESTATE2501LICENSE_1.csv ; https://www2.myfloridalicense.com/sto/file_download/extracts//RealEstateCorpLicense.csv,FL,TAMPA,615 CHANNELSIDE DRIVE,,Overture Maps place 26fa722a-5a7a-4f83-8ac7-cd6f7bf4b85a (name match 100.0),2026-10-09,
LUMER CORPORATION,(305) 948-9480,high,50,https://www2.myfloridalicense.com/sto/file_download/extracts//REALESTATE2501LICENSE_1.csv ; https://www2.myfloridalicense.com/sto/file_download/extracts//RealEstateCorpLicense.csv,FL,SUNNY ISLES BEACH,19370 COLLINS AVE CU1,https://lumer.com,Overture Maps place bba46279-f4f6-4f59-91b3-4b4bcc84360a (name match 100.0) + firm website https://lumer.com,2026-10-09,
LUXURY PARTNERS LLC,(561) 819-5600,high,65,https://www2.myfloridalicense.com/sto/file_download/extracts//REALESTATE2501LICENSE_1.csv ; https://www2.myfloridalicense.com/sto/file_download/extracts//RealEstateCorpLicense.csv,FL,DELRAY BEACH,16950 JOG ROAD,http://www.luxurypartnersrealty.com,firm website http://www.luxurypartnersrealty.com (tel on /); Overture Maps place f7fe7725-59a4-4757-a2f6-a48ffa69c33e (name match 100.0),2026-10-09,
MAINFRAME REAL ESTATE LLC,(407) 513-4257,high,45,https://www2.myfloridalicense.com/sto/file_download/extracts//REALESTATE2501LICENSE_1.csv ; https://www2.myfloridalicense.com/sto/file_download/extracts//RealEstateCorpLicense.csv,FL,ORLANDO,811 N ORANGE AVE,https://mainframere.com/,Overture Maps place 8c31d827-d50c-4f62-83a2-d2ae63b6042e (name match 100.0) + firm website https://mainframere.com/,2026-10-09,
MAJESTIC PROPERTIES LLC,(305) 677-5000,medium,54,https://www2.myfloridalicense.com/sto/file_download/extracts//REALESTATE2501LICENSE_1.csv ; https://www2.myfloridalicense.com/sto/file_download/extracts//RealEstateCorpLicense.csv,FL,MIAMI,"2916 N. MIAMI AVE., SUITE 610",,Overture Maps place 7d5b90da-f455-44bc-9271-7e6f581f306b (name match 100.0),2026-10-09,
MARCUS & COMPANY REALTY LLC,(941) 932-8550,medium,35,https://www2.myfloridalicense.com/sto/file_download/extracts//REALESTATE2501LICENSE_1.csv ; https://www2.myfloridalicense.com/sto/file_download/extracts//RealEstateCorpLicense.csv,FL,BRADENTON,1301 6TH AVE W,http://www.soldbymarcus.com/,Overture Maps place 1c91c581-f85c-4219-9924-cd0b9e1c8612 (name match 100.0),2026-10-09,
MARKET CONNECT REALTY LLC,(407) 250-4708,medium,44,https://www2.myfloridalicense.com/sto/file_download/extracts//REALESTATE2501LICENSE_1.csv ; https://www2.myfloridalicense.com/sto/file_download/extracts//RealEstateCorpLicense.csv,FL,ORLANDO,7009 DR PHILLIPS BLVD,,Overture Maps place 921252b4-817e-4f26-9868-194d601330aa (name match 100.0),2026-10-09,
MARR PROPERTIES SOUTH INC,(305) 664-4966,medium,39,https://www2.myfloridalicense.com/sto/file_download/extracts//REALESTATE2501LICENSE_1.csv ; https://www2.myfloridalicense.com/sto/file_download/extracts//RealEstateCorpLicense.csv,FL,ISLAMORADA,PO BOX 353,,Overture Maps place fba2e2e7-749e-4dd7-a51e-ced76dee2964 (name match 100.0),2026-10-09,Overture listing name includes extra words (may be an individual agent's listing / personal cell)
MARZUCCO REFERRAL GROUP LLC,(239) 234-5134,medium,41,https://www2.myfloridalicense.com/sto/file_download/extracts//REALESTATE2501LICENSE_1.csv ; https://www2.myfloridalicense.com/sto/file_download/extracts//RealEstateCorpLicense.csv,FL,NAPLES,400 5TH AVE S,https://marzuccorealestate.com,Overture Maps place d2075326-6ebc-4cab-a9ee-d3713a2e2821 (name match 100.0),2026-10-09,Overture listing name includes extra words (may be an individual agent's listing / personal cell)
MCAFEE MANDARIN INC,(904) 260-4550,medium,58,https://www2.myfloridalicense.com/sto/file_download/extracts//REALESTATE2501LICENSE_1.csv ; https://www2.myfloridalicense.com/sto/file_download/extracts//RealEstateCorpLicense.csv,FL,JACKSONVILLE,12646 SAN JOSE BLVD,https://www.remax.com/real-estate-offices/remax-specialists-jacksonville-fl/100429599,Overture Maps place 4adfdbb4-a2c2-4a51-9c35-288f267f4c12 (name match 100.0),2026-10-09,Overture listing name includes extra words (may be an individual agent's listing / personal cell)
MCBRIDE KELLY & ASSOCIATES LLC,(813) 220-1744,high,44,https://www2.myfloridalicense.com/sto/file_download/extracts//REALESTATE2501LICENSE_1.csv ; https://www2.myfloridalicense.com/sto/file_download/extracts//RealEstateCorpLicense.csv,FL,TAMPA,326 S HYDE PARK AVE,https://www.mkarealty.com,firm website https://www.mkarealty.com (tel on /); Overture Maps place 1c50d08a-baaa-4341-9f81-83a448d104d6 (name match 100.0),2026-10-09,
MEDWAY REALTY INC,(941) 375-2456,medium,36,https://www2.myfloridalicense.com/sto/file_download/extracts//REALESTATE2501LICENSE_1.csv ; https://www2.myfloridalicense.com/sto/file_download/extracts//RealEstateCorpLicense.csv,FL,SARASOTA,8065 BENEVA RD,http://movetosarasotafl.com/,Overture Maps place 41e621be-05e0-42ee-8dc9-a4e879d92861 (name match 100.0),2026-10-09,
MIAMI BEACH REAL ESTATE GROUP LLC,(305) 985-6285,medium,72,https://www2.myfloridalicense.com/sto/file_download/extracts//REALESTATE2501LICENSE_1.csv ; https://www2.myfloridalicense.com/sto/file_download/extracts//RealEstateCorpLicense.csv,FL,MIAMI BEACH,7314 COLLINS AVE.,miamibeachbrokers.net,Overture Maps place 7515d5f4-e980-480e-9af7-7851aa13a591 (name match 100.0),2026-10-09,
MIAMI LIFE REALTY LLC,(786) 306-7308,high,37,https://www2.myfloridalicense.com/sto/file_download/extracts//REALESTATE2501LICENSE_1.csv ; https://www2.myfloridalicense.com/sto/file_download/extracts//RealEstateCorpLicense.csv,FL,HOLLYWOOD,2320 HOLLYWOOD BLVD,http://www.miamiliferealty.com/,firm website http://www.miamiliferealty.com/ (text on /); Overture Maps place 222b5093-75d3-418b-9c1f-c5546f332224 (name match 100.0),2026-10-09,
MIAMI REALTY DREAMS INC,(786) 287-9782,high,39,https://www2.myfloridalicense.com/sto/file_download/extracts//REALESTATE2501LICENSE_1.csv ; https://www2.myfloridalicense.com/sto/file_download/extracts//RealEstateCorpLicense.csv,FL,MIAMI,12960 SW 133 CT,http://www.miamirealtydreams.com/,firm website http://www.miamirealtydreams.com/ (text on /); Overture Maps place 7850dde7-f020-4a25-aaf7-899c8df9d0a8 (name match 100.0),2026-10-09,
MILES GOLDSTEIN REAL ESTATE LLC,(305) 336-6959,high,40,https://www2.myfloridalicense.com/sto/file_download/extracts//REALESTATE2501LICENSE_1.csv ; https://www2.myfloridalicense.com/sto/file_download/extracts//RealEstateCorpLicense.csv,FL,AVENTURA,2890 NE 187TH,https://www.luxurywaterfrontmiami.com,Overture Maps place 5b7fcfe5-dae0-4384-98b1-01f59627c3d7 (name match 100.0) + firm website https://www.luxurywaterfrontmiami.com,2026-10-09,possible cell (labelled cell/mobile/direct on site)
MJ INSPIRED ENTERPRISES PLLC,(904) 595-3948,high,52,https://www2.myfloridalicense.com/sto/file_download/extracts//REALESTATE2501LICENSE_1.csv ; https://www2.myfloridalicense.com/sto/file_download/extracts//RealEstateCorpLicense.csv,FL,MIDDLEBURG,2739 BLANDING BLVD,https://www.exitinspiredrealestate.com,Overture Maps place 9b427053-c4e0-40b9-b2b6-09e38868506f (name match 100.0) + firm website https://www.exitinspiredrealestate.com,2026-10-09,
MODERN WORLD REALTY LLC,(786) 309-6197,high,53,https://www2.myfloridalicense.com/sto/file_download/extracts//REALESTATE2501LICENSE_1.csv ; https://www2.myfloridalicense.com/sto/file_download/extracts//RealEstateCorpLicense.csv,FL,MIAMI,14335 SW 120TH ST #101,modernworldrealty.com,firm website modernworldrealty.com (tel on /); Overture Maps place 632ec59e-4fa4-434f-8f59-682ad9e9c0b5 (name match 100.0),2026-10-09,
MUTTER HOLDINGS INC,(321) 269-9855,high,38,https://www2.myfloridalicense.com/sto/file_download/extracts//REALESTATE2501LICENSE_1.csv ; https://www2.myfloridalicense.com/sto/file_download/extracts//RealEstateCorpLicense.csv,FL,TITUSVILLE,346 S WASHINGTON AVE,http://www.MutterRealty.com/,Overture Maps place b753912b-2746-4dc7-b8b3-c7b84b037710 (name match 100.0) + firm website http://www.MutterRealty.com/,2026-10-09,
MY CASTLE REAL ESTATE LLC,(561) 212-6022,medium,42,https://www2.myfloridalicense.com/sto/file_download/extracts//REALESTATE2501LICENSE_1.csv ; https://www2.myfloridalicense.com/sto/file_download/extracts//RealEstateCorpLicense.csv,FL,BOCA RATON,2490 NW 63RD ST,mycastlere.com,Overture Maps place 8a16dd17-b128-45a6-a439-65eb1d035566 (name match 100.0),2026-10-09,
NAIM REAL ESTATE LLC,(407) 222-4015,high,71,https://www2.myfloridalicense.com/sto/file_download/extracts//REALESTATE2501LICENSE_1.csv ; https://www2.myfloridalicense.com/sto/file_download/extracts//RealEstateCorpLicense.csv,FL,CELEBRATION,610 SYCAMORE ST,http://www.naimrealestategroup.com,Overture Maps place aabdf0ff-2351-47eb-aa1d-098158d01fb8 (name match 100.0) + firm website http://www.naimrealestategroup.com,2026-10-09,possible cell (labelled cell/mobile/direct on site)
NATIONWIDE REALTY LLC,(321) 895-4636,medium,58,https://www2.myfloridalicense.com/sto/file_download/extracts//REALESTATE2501LICENSE_1.csv ; https://www2.myfloridalicense.com/sto/file_download/extracts//RealEstateCorpLicense.csv,FL,REUNION,7403 EXCITEMENT DR,https://easyrealty.com/,Overture Maps place e941f9c9-0d72-4088-bdf4-17450a0859fe (name match 100.0),2026-10-09,Overture listing name includes extra words (may be an individual agent's listing / personal cell)
NATIVE REALTY CO,(954) 595-2999,medium,37,https://www2.myfloridalicense.com/sto/file_download/extracts//REALESTATE2501LICENSE_1.csv ; https://www2.myfloridalicense.com/sto/file_download/extracts//RealEstateCorpLicense.csv,FL,FORT LAUDERDALE,1926 EAST SUNRISE BLVD,https://nativere.com/,Overture Maps place 51c112b7-8d3e-4c76-b571-78650d49934e (name match 100.0),2026-10-09,
NAUMANN GROUP REAL ESTATE INC,(850) 325-1681,high,46,https://www2.myfloridalicense.com/sto/file_download/extracts//REALESTATE2501LICENSE_1.csv ; https://www2.myfloridalicense.com/sto/file_download/extracts//RealEstateCorpLicense.csv,FL,TALLAHASSEE,2050 CAPITAL CIRCLE NE,http://www.naumanngroup.com/,firm website http://www.naumanngroup.com/ (text on /); Overture Maps place a1655597-a980-4bfc-83ba-536bc31555a9 (name match 100.0),2026-10-09,
NAVY TO NAVY HOMES LLC,(904) 900-4766,high,38,https://www2.myfloridalicense.com/sto/file_download/extracts//REALESTATE2501LICENSE_1.csv ; https://www2.myfloridalicense.com/sto/file_download/extracts//RealEstateCorpLicense.csv,FL,JACKSONVILLE,4540 SOUTHSIDE BLVD.,https://www.navytonavy.com,Overture Maps place a22736f9-c047-44ee-83d9-004e0eeb7f4c (name match 100.0) + firm website https://www.navytonavy.com,2026-10-09,
NEFL RE VENTURE LLC,(904) 439-9842,medium,50,https://www2.myfloridalicense.com/sto/file_download/extracts//REALESTATE2501LICENSE_1.csv ; https://www2.myfloridalicense.com/sto/file_download/extracts//RealEstateCorpLicense.csv,FL,SAINT AUGUSTINE,252 PASEO REYES DR,https://www.rogelevate.com,Overture Maps place 651bf80f-323b-4bd5-93d6-5c3e7a8e2524 (name match 100.0),2026-10-09,Overture listing name includes extra words (may be an individual agent's listing / personal cell)
NEUBAUER REAL ESTATE INC,(850) 785-1551,high,37,https://www2.myfloridalicense.com/sto/file_download/extracts//REALESTATE2501LICENSE_1.csv ; https://www2.myfloridalicense.com/sto/file_download/extracts//RealEstateCorpLicense.csv,FL,PANAMA CITY,740 SOUTH TYNDALL PARKWAY,https://www.panamacityrealestate.com,Overture Maps place 74e70c72-a2cb-4d90-ac14-4a19297e9fc0 (name match 100.0) + firm website https://www.panamacityrealestate.com,2026-10-09,
NEXT GENERATION REALTY OF FLORIDA LLC,(352) 387-2383,medium,65,https://www2.myfloridalicense.com/sto/file_download/extracts//REALESTATE2501LICENSE_1.csv ; https://www2.myfloridalicense.com/sto/file_download/extracts//RealEstateCorpLicense.csv,FL,OCALA,1720 SE 16TH AVE BLDG 200,http://ocala.sellstatenextgeneration.com/,Overture Maps place 4121029e-0b16-435b-b484-689d72f954d4 (name match 100.0),2026-10-09,Overture listing name includes extra words (may be an individual agent's listing / personal cell)
NORKIS & CO.,(407) 707-5070,high,61,https://www2.myfloridalicense.com/sto/file_download/extracts//REALESTATE2501LICENSE_1.csv ; https://www2.myfloridalicense.com/sto/file_download/extracts//RealEstateCorpLicense.csv,FL,ORLANDO,5626 CURRY FORD RD,http://www.norkisandco.com/event-list,firm website http://www.norkisandco.com/event-list (text on /); Overture Maps place a507642f-7ef8-4521-a48d-82bec6c97cc5 (name match 100.0),2026-10-09,
NOVA REAL ESTATE SERVICES INC,(407) 270-9501,high,62,https://www2.myfloridalicense.com/sto/file_download/extracts//REALESTATE2501LICENSE_1.csv ; https://www2.myfloridalicense.com/sto/file_download/extracts//RealEstateCorpLicense.csv,FL,ORLANDO,7858 TURKEY LAKE RD,http://novaorlando.com,Overture Maps place d3f28143-8164-4d60-b2d4-f0063dffa7c4 (name match 100.0) + firm website http://novaorlando.com,2026-10-09,
NRT COMMERCIAL LLC,(941) 925-8586,medium,50,https://www2.myfloridalicense.com/sto/file_download/extracts//REALESTATE2501LICENSE_1.csv ; https://www2.myfloridalicense.com/sto/file_download/extracts//RealEstateCorpLicense.csv,FL,SARASOTA,8181 SS TAMIAMI TRAIL,http://www.cbcworldwide.com/,Overture Maps place cdbb41bb-8bab-4b01-9b36-32c3b48e980e (name match 92.85714285714286),2026-10-09,Overture listing name includes extra words (may be an individual agent's listing / personal cell)
OCEAN REEF CLUB REAL ESTATE COMPANY,(305) 367-8972,medium,46,https://www2.myfloridalicense.com/sto/file_download/extracts//REALESTATE2501LICENSE_1.csv ; https://www2.myfloridalicense.com/sto/file_download/extracts//RealEstateCorpLicense.csv,FL,KEY LARGO,35 OCEAN REEF DR SUITE 200,https://www.oceanreefclubsir.com/,Overture Maps place f4b6da80-c273-4551-8e2e-62a87f5fcade (name match 100.0),2026-10-09,Overture listing name includes extra words (may be an individual agent's listing / personal cell)
ONE WAY REALTY GROUP LLC,(305) 497-4077,medium,62,https://www2.myfloridalicense.com/sto/file_download/extracts//REALESTATE2501LICENSE_1.csv ; https://www2.myfloridalicense.com/sto/file_download/extracts//RealEstateCorpLicense.csv,FL,AVENTURA,2875 NE 191 STREET SUITE 522,http://www.onewayrealtygroup.com/,Overture Maps place d8759d2a-8af1-4ae2-b26a-c9bf2c4a213f (name match 100.0),2026-10-09,
ONE WORLD PROPERTIES GROUP LLC,(954) 514-7492,medium,41,https://www2.myfloridalicense.com/sto/file_download/extracts//REALESTATE2501LICENSE_1.csv ; https://www2.myfloridalicense.com/sto/file_download/extracts//RealEstateCorpLicense.csv,FL,FORT LAUDERDALE,701 N FORT LAUDERDALE BEACH BLVD,acesperformanceexhaust.com,Overture Maps place 048cbd30-2890-4f2d-a719-e7b48f4f5e3d (name match 94.11764705882352),2026-10-09,
OPPENHEIM REALTY LLC,(786) 862-5868,medium,35,https://www2.myfloridalicense.com/sto/file_download/extracts//REALESTATE2501LICENSE_1.csv ; https://www2.myfloridalicense.com/sto/file_download/extracts//RealEstateCorpLicense.csv,FL,FORT LAUDERDALE,3303 NE 32 ST,http://oppenheimrealty.com,Overture Maps place 2c7f799e-b3c4-47d6-8698-47ab405a46a2 (name match 100.0),2026-10-09,
OPTIMA ONE REALTY INC,(352) 243-6784,medium,45,https://www2.myfloridalicense.com/sto/file_download/extracts//REALESTATE2501LICENSE_1.csv ; https://www2.myfloridalicense.com/sto/file_download/extracts//RealEstateCorpLicense.csv,FL,CLERMONT,PO BOX 120508,https://www.optimaonerealty.com,Overture Maps place 3055a524-1692-4a83-addc-f5114e33a9b9 (name match 100.0),2026-10-09,
PALERMO REAL ESTATE PROFESSIONALS INC,(813) 637-0117,high,35,https://www2.myfloridalicense.com/sto/file_download/extracts//REALESTATE2501LICENSE_1.csv ; https://www2.myfloridalicense.com/sto/file_download/extracts//RealEstateCorpLicense.csv,FL,TAMPA,3407 W KENNEDY BLVD,https://palermolistings.com,Overture Maps place 740e262c-a672-4ca8-9f8e-083706c7bbfd (name match 100.0) + firm website https://palermolistings.com,2026-10-09,
PAT COLLADO P A,(386) 427-0002,medium,62,https://www2.myfloridalicense.com/sto/file_download/extracts//REALESTATE2501LICENSE_1.csv ; https://www2.myfloridalicense.com/sto/file_download/extracts//RealEstateCorpLicense.csv,FL,NEW SMYRNA BEACH,402 FLAGLER AVE,http://nsbsurfswimproperties.com,Overture Maps place 6bc8be7e-ded1-4883-8a75-fec655461956 (name match 100.0),2026-10-09,Overture listing name includes extra words (may be an individual agent's listing / personal cell)
PINK MIAMI REAL ESTATE LLC,(305) 605-7465,high,40,https://www2.myfloridalicense.com/sto/file_download/extracts//REALESTATE2501LICENSE_1.csv ; https://www2.myfloridalicense.com/sto/file_download/extracts//RealEstateCorpLicense.csv,FL,HOLLYWOOD,4151 HOLLYWOOD BLVD,http://pinkmiami.com/,Overture Maps place db375d14-1330-43e0-8567-a2e7d52c84b6 (name match 100.0) + firm website http://pinkmiami.com/,2026-10-09,
PIPAL & PORT INC.,(863) 659-1451,high,43,https://www2.myfloridalicense.com/sto/file_download/extracts//REALESTATE2501LICENSE_1.csv ; https://www2.myfloridalicense.com/sto/file_download/extracts//RealEstateCorpLicense.csv,FL,LAKE PLACID,255 E. INTERLAKE BLVD,http://www.thepipalgroup.com/,Overture Maps place ab7e4001-e81b-48e7-80ec-9ec612ccf77b (name match 100.0) + firm website http://www.thepipalgroup.com/,2026-10-09,
POOLE REALTY INC,(386) 362-4539,high,38,https://www2.myfloridalicense.com/sto/file_download/extracts//REALESTATE2501LICENSE_1.csv ; https://www2.myfloridalicense.com/sto/file_download/extracts//RealEstateCorpLicense.csv,FL,LIVE OAK,127 E HOWARD STREET,http://www.poolerealty.com/,Overture Maps place 6dfaa8bd-b339-4773-ba90-f05630565d78 (name match 100.0) + firm website http://www.poolerealty.com/,2026-10-09,
PREMIER ELITE REALTY INC,(305) 279-8814,medium,67,https://www2.myfloridalicense.com/sto/file_download/extracts//REALESTATE2501LICENSE_1.csv ; https://www2.myfloridalicense.com/sto/file_download/extracts//RealEstateCorpLicense.csv,FL,MIAMI,1101 BRICKELL AVE,,Overture Maps place 6e0639fb-4906-43b7-b63e-bf866dc48c4e (name match 100.0),2026-10-09,
PREMIER PLUS REALTY GROUP CORP,(239) 234-5290,medium,55,https://www2.myfloridalicense.com/sto/file_download/extracts//REALESTATE2501LICENSE_1.csv ; https://www2.myfloridalicense.com/sto/file_download/extracts//RealEstateCorpLicense.csv,FL,NAPLES,5258 GOLDEN GATE PARKWAY,http://www.aplusrealtynaples.com/,Overture Maps place 65b0c730-ed44-4dd4-9e7e-22c3465b99f4 (name match 100.0),2026-10-09,Overture listing name includes extra words (may be an individual agent's listing / personal cell)
PREMIER REALTY OF TAMPA,(813) 265-3100,medium,39,https://www2.myfloridalicense.com/sto/file_download/extracts//REALESTATE2501LICENSE_1.csv ; https://www2.myfloridalicense.com/sto/file_download/extracts//RealEstateCorpLicense.csv,FL,TAMPA,15619 PREMIERE DR,http://premierrealtyoftampa.com,Overture Maps place c10d2410-aaac-4c79-ae32-be416c30b74c (name match 100.0),2026-10-09,
PREMIER REALTY PARTNERS INC,(407) 749-6200,high,53,https://www2.myfloridalicense.com/sto/file_download/extracts//REALESTATE2501LICENSE_1.csv ; https://www2.myfloridalicense.com/sto/file_download/extracts//RealEstateCorpLicense.csv,FL,WINDERMERE,1921 SUITE 1 MAGUIRE ROAD,http://www.corcoranpremier.com/,Overture Maps place b619093d-4bc2-47d1-b2a2-4361e3ce21f0 (name match 100.0) + firm website http://www.corcoranpremier.com/,2026-10-09,
PROPERTY GROUP 850 INC,(850) 682-9121,high,42,https://www2.myfloridalicense.com/sto/file_download/extracts//REALESTATE2501LICENSE_1.csv ; https://www2.myfloridalicense.com/sto/file_download/extracts//RealEstateCorpLicense.csv,FL,CRESTVIEW,891 S FERDON BLVD,https://thepropertygroup850.com,Overture Maps place 5d0177e1-fb99-47c7-a568-0ea1dbfa5016 (name match 100.0) + firm website https://thepropertygroup850.com,2026-10-09,
PROPERTY OUTLET LLC,(407) 723-7000,high,35,https://www2.myfloridalicense.com/sto/file_download/extracts//REALESTATE2501LICENSE_1.csv ; https://www2.myfloridalicense.com/sto/file_download/extracts//RealEstateCorpLicense.csv,FL,ORLANDO,11681 S. ORANGE BLOSSOM TRAIL,https://propertyoutlet.com,Overture Maps place dfde3083-e1e4-4841-b76c-837cef3e2f26 (name match 100.0) + firm website https://propertyoutlet.com,2026-10-09,
QUICKSILVER REAL ESTATE GROUP INC,(813) 288-0300,medium,52,https://www2.myfloridalicense.com/sto/file_download/extracts//REALESTATE2501LICENSE_1.csv ; https://www2.myfloridalicense.com/sto/file_download/extracts//RealEstateCorpLicense.csv,FL,TAMPA,6606 NEWPORT PALMS COURT,https://quicksilverrealestate.com,Overture Maps place 8da7277d-6851-4e49-bac2-6c4fe5a6c8d1 (name match 100.0),2026-10-09,
RCLT CITRUS LLC,(321) 527-5111,medium,58,https://www2.myfloridalicense.com/sto/file_download/extracts//REALESTATE2501LICENSE_1.csv ; https://www2.myfloridalicense.com/sto/file_download/extracts//RealEstateCorpLicense.csv,FL,CLERMONT,12817 BRUNELLO COURT,https://locations.kw.com/location/912,Overture Maps place 2cb3b466-9e8a-4b12-83c2-a5ea68e1d803 (name match 98.50746268656717),2026-10-09,Overture listing name includes extra words (may be an individual agent's listing / personal cell)
REALSPERITY INC,(954) 644-1052,high,64,https://www2.myfloridalicense.com/sto/file_download/extracts//REALESTATE2501LICENSE_1.csv ; https://www2.myfloridalicense.com/sto/file_download/extracts//RealEstateCorpLicense.csv,FL,CORAL SPRINGS,7401 WILES ROAD,https://realsperity.com/,Overture Maps place 333579c1-db2a-477c-9fe4-19da22431eaf (name match 100.0) + firm website https://realsperity.com/,2026-10-09,
REALTY EXCHANGE FL LLC,(386) 446-0017,high,35,https://www2.myfloridalicense.com/sto/file_download/extracts//REALESTATE2501LICENSE_1.csv ; https://www2.myfloridalicense.com/sto/file_download/extracts//RealEstateCorpLicense.csv,FL,PALM COAST,300 PALM COAST PKWY NE,http://realtyexchangefl.com/,firm website http://realtyexchangefl.com/ (text on /); Overture Maps place 14b75bdb-0a5b-4aa4-a29c-a6215b166842 (name match 100.0),2026-10-09,
REALTY GROUP OF LEE COUNTY I INC,(239) 489-0444,medium,73,https://www2.myfloridalicense.com/sto/file_download/extracts//REALESTATE2501LICENSE_1.csv ; https://www2.myfloridalicense.com/sto/file_download/extracts//RealEstateCorpLicense.csv,FL,FORT MYERS,7910 SUMMERLIN LAKES DR,https://www.remax.com,Overture Maps place d8e121e2-c414-4fba-b260-f25ee345148a (name match 100.0),2026-10-09,Overture listing name includes extra words (may be an individual agent's listing / personal cell)
REALTY STANDARD INC,(561) 609-1913,medium,38,https://www2.myfloridalicense.com/sto/file_download/extracts//REALESTATE2501LICENSE_1.csv ; https://www2.myfloridalicense.com/sto/file_download/extracts//RealEstateCorpLicense.csv,FL,BOCA RATON,595 S FEDERAL HIGHWAY #110,http://www.realtystandard.com/,Overture Maps place 9ac400f3-98bc-4910-9d52-a7ca4b00fd69 (name match 100.0),2026-10-09,
REALTY WORLD CURRI PROPERTIES INC,(321) 878-7255,medium,43,https://www2.myfloridalicense.com/sto/file_download/extracts//REALESTATE2501LICENSE_1.csv ; https://www2.myfloridalicense.com/sto/file_download/extracts//RealEstateCorpLicense.csv,FL,SATELLITE BEACH,1097 S PATRICK DRIVE,http://www.CurriProperties.com/,Overture Maps place 17f538e6-0b78-4f69-b930-8c1cbd9a4fbd (name match 100.0),2026-10-09,
"REALVEST EQUITY PARTNERS, LLC",(407) 875-9989,high,47,https://www2.myfloridalicense.com/sto/file_download/extracts//REALESTATE2501LICENSE_1.csv ; https://www2.myfloridalicense.com/sto/file_download/extracts//RealEstateCorpLicense.csv,FL,ORLANDO,1800 PEMBROOK DRIVE SUITE 350,https://www.realvest.com,Overture Maps place 4ee3b5fe-49c1-49dc-a333-f3f1d9dbf984 (name match 100.0) + firm website https://www.realvest.com,2026-10-09,
RESOURCE ONE HOMES LLC,(407) 970-3879,medium,35,https://www2.myfloridalicense.com/sto/file_download/extracts//REALESTATE2501LICENSE_1.csv ; https://www2.myfloridalicense.com/sto/file_download/extracts//RealEstateCorpLicense.csv,FL,ORLANDO,13224 MARSH FERN DR,,Overture Maps place 20c58984-2a22-437d-819d-c77162616851 (name match 100.0),2026-10-09,
RIGHT CHOICE REALTY LLC,(239) 333-2378,high,42,https://www2.myfloridalicense.com/sto/file_download/extracts//REALESTATE2501LICENSE_1.csv ; https://www2.myfloridalicense.com/sto/file_download/extracts//RealEstateCorpLicense.csv,FL,FORT MYERS,9001 DANIELS PARKWAY #102,https://eraswfl.com/,Overture Maps place 06ba65ae-98bb-4920-b218-12b5b0311681 (name match 100.0) + firm website https://eraswfl.com/,2026-10-09,
ROBERTS REAL ESTATE INC,(352) 351-0011,high,42,https://www2.myfloridalicense.com/sto/file_download/extracts//REALESTATE2501LICENSE_1.csv ; https://www2.myfloridalicense.com/sto/file_download/extracts//RealEstateCorpLicense.csv,FL,OCALA,115 NE 8TH AVENUE,https://robertsflorida.com,Overture Maps place ea92f323-523e-4ed9-b4d1-a77fa848eab8 (name match 100.0) + firm website https://robertsflorida.com,2026-10-09,
ROSA LEON REALTY LLC,(813) 957-3775,medium,49,https://www2.myfloridalicense.com/sto/file_download/extracts//REALESTATE2501LICENSE_1.csv ; https://www2.myfloridalicense.com/sto/file_download/extracts//RealEstateCorpLicense.csv,FL,TAMPA,7025 W HILLSBOROUGH AVE,https://www.century21.com,Overture Maps place 0cc20516-5714-4ee0-a835-5287b3b68a87 (name match 100.0),2026-10-09,Overture listing name includes extra words (may be an individual agent's listing / personal cell)
ROSEBAY INTERNATIONAL REALTY INC,(941) 366-7673,high,42,https://www2.myfloridalicense.com/sto/file_download/extracts//REALESTATE2501LICENSE_1.csv ; https://www2.myfloridalicense.com/sto/file_download/extracts//RealEstateCorpLicense.csv,FL,SARASOTA,1815 S. OSPREY AVE,rosebayrentals.com,Overture Maps place 6db526f4-1bd3-471d-bdef-44e24b190b09 (name match 100.0) + firm website rosebayrentals.com,2026-10-09,
ROUND TABLE REALTY INC,(904) 469-7653,medium,75,https://www2.myfloridalicense.com/sto/file_download/extracts//REALESTATE2501LICENSE_1.csv ; https://www2.myfloridalicense.com/sto/file_download/extracts//RealEstateCorpLicense.csv,FL,ST. JOHNS,1637 RACE TRACK RD.,http://www.RoundTableRealty.com/,Overture Maps place 67aafd9b-b304-4d70-adbb-c45dda69f663 (name match 100.0),2026-10-09,
SAND DOLLAR REALTY GROUP INC,(407) 389-7318,high,73,https://www2.myfloridalicense.com/sto/file_download/extracts//REALESTATE2501LICENSE_1.csv ; https://www2.myfloridalicense.com/sto/file_download/extracts//RealEstateCorpLicense.csv,FL,ALTAMONTE SPRINGS,801 W STATE ROAD 436 SUITE 2065,https://sdrhouses.com/,Overture Maps place d98244e0-e0c6-47d6-a587-b40c69da03fc (name match 100.0) + firm website https://sdrhouses.com/,2026-10-09,
SANDALS REALTY GROUP INC,(561) 651-4159,high,36,https://www2.myfloridalicense.com/sto/file_download/extracts//REALESTATE2501LICENSE_1.csv ; https://www2.myfloridalicense.com/sto/file_download/extracts//RealEstateCorpLicense.csv,FL,WEST PALM BEACH,500 S AUSTRALIAN AVE 6TH FLOOR,http://www.sandalsrealtygroup.com/,Overture Maps place 94249712-aaa9-485c-8605-41f2e94c987d (name match 100.0) + firm website http://www.sandalsrealtygroup.com/,2026-10-09,
SARASOTA PROPERTY GROUP LLC,(941) 500-9113,high,36,https://www2.myfloridalicense.com/sto/file_download/extracts//REALESTATE2501LICENSE_1.csv ; https://www2.myfloridalicense.com/sto/file_download/extracts//RealEstateCorpLicense.csv,FL,SARASOTA,1400 CATTLEMEN RD 103,http://www.srqprop.com,firm website http://www.srqprop.com (tel on /); Overture Maps place cf7db1e0-dad0-4fa4-a5f7-925c8002366d (name match 100.0),2026-10-09,
SEAWINDS INVESTMENT REALTY LLC,(561) 379-5536,high,55,https://www2.myfloridalicense.com/sto/file_download/extracts//REALESTATE2501LICENSE_1.csv ; https://www2.myfloridalicense.com/sto/file_download/extracts//RealEstateCorpLicense.csv,FL,PALM BEACH GARDENS,14852 68TH DR. NORTH,http://www.seawindsrealty.com,Overture Maps place d48ec165-36ba-42f2-b646-cf1c91748df1 (address match 100) + firm website http://www.seawindsrealty.com,2026-10-09,
"SIGNATURE BEST FLORIDA REALTY, LLC",(561) 869-4445,high,67,https://www2.myfloridalicense.com/sto/file_download/extracts//REALESTATE2501LICENSE_1.csv ; https://www2.myfloridalicense.com/sto/file_download/extracts//RealEstateCorpLicense.csv,FL,BOCA RATON,9080 KIMBERLY BLVD,http://www.signaturebestfloridarealty.com/,Overture Maps place bf90dd9b-694a-4873-9b60-0511bf317165 (name match 100.0) + firm website http://www.signaturebestfloridarealty.com/,2026-10-09,
SIGNATURE INTERNATIONAL PREMIER PROPERTIES LLC,(561) 404-8850,high,55,https://www2.myfloridalicense.com/sto/file_download/extracts//REALESTATE2501LICENSE_1.csv ; https://www2.myfloridalicense.com/sto/file_download/extracts//RealEstateCorpLicense.csv,FL,BOCA RATON,9080 KIMBERLY BLVD,http://www.signatureinternationalpremierproperties.com,Overture Maps place c72cb7e3-4821-4d54-98b1-5dbfcec1690b (name match 100.0) + firm website http://www.signatureinternationalpremierproperties.com,2026-10-09,
SMITH & LANCASTER INC,(352) 463-7770,high,42,https://www2.myfloridalicense.com/sto/file_download/extracts//REALESTATE2501LICENSE_1.csv ; https://www2.myfloridalicense.com/sto/file_download/extracts//RealEstateCorpLicense.csv,FL,CHIEFLAND,605 NORTH MAIN ST,https://saraheastman.ucsmith.info/,Overture Maps place e75bd88b-0251-42c2-b821-3b1ec4f93f58 (name match 95.23809523809523) + firm website https://saraheastman.ucsmith.info/,2026-10-09,
SOFLO HOME REALTY CORP,(561) 465-4509,high,39,https://www2.myfloridalicense.com/sto/file_download/extracts//REALESTATE2501LICENSE_1.csv ; https://www2.myfloridalicense.com/sto/file_download/extracts//RealEstateCorpLicense.csv,FL,DELRAY BEACH,301 NE 2ND AVE,https://c21luxehomes.com/office-listings/,Overture Maps place 791baae3-dd41-48c9-b908-febf8ae356bd (name match 100.0) + firm website https://c21luxehomes.com/office-listings/,2026-10-09,
SOMERDAY GROUP PL,(813) 400-0132,high,45,https://www2.myfloridalicense.com/sto/file_download/extracts//REALESTATE2501LICENSE_1.csv ; https://www2.myfloridalicense.com/sto/file_download/extracts//RealEstateCorpLicense.csv,FL,TAMPA,400 ASHLEY DR.,http://www.SomerdayGroup.com/,firm website http://www.SomerdayGroup.com/ (tel on /); Overture Maps place dd49d762-58b0-430f-8f3d-9c213506f3bd (address match 84),2026-10-09,
SOURCE COMMERCIAL REALTY LLC,(305) 717-3535,high,74,https://www2.myfloridalicense.com/sto/file_download/extracts//REALESTATE2501LICENSE_1.csv ; https://www2.myfloridalicense.com/sto/file_download/extracts//RealEstateCorpLicense.csv,FL,MIAMI,7425 SW 42ND ST,http://www.dpciii.com/,Overture Maps place ef188279-5b99-47bf-81cf-3e02f3a82a59 (name match 94.11764705882352) + firm website http://www.dpciii.com/,2026-10-09,
SOUTHDALE PROPERTIES INC,(561) 313-4582,medium,44,https://www2.myfloridalicense.com/sto/file_download/extracts//REALESTATE2501LICENSE_1.csv ; https://www2.myfloridalicense.com/sto/file_download/extracts//RealEstateCorpLicense.csv,FL,LAKE WORTH,1802 N FEDERAL HWY,https://www.southdaleproperties.com,Overture Maps place f102fc2a-c31f-440b-8811-cc2704ed0a2b (name match 100.0),2026-10-09,
SPACE COAST PARTNERS LLC,(321) 450-5600,medium,68,https://www2.myfloridalicense.com/sto/file_download/extracts//REALESTATE2501LICENSE_1.csv ; https://www2.myfloridalicense.com/sto/file_download/extracts//RealEstateCorpLicense.csv,FL,COCOA BEACH,1980 N ATLANTIC AVE SUITE 304,https://spacecoast.kw.com/,Overture Maps place 4f0bdc19-136b-4cbd-a191-51f3bcbbce16 (name match 100.0),2026-10-09,Overture listing name includes extra words (may be an individual agent's listing / personal cell)
STATEWIDE REALTY GROUP LLC,(561) 717-7095,high,59,https://www2.myfloridalicense.com/sto/file_download/extracts//REALESTATE2501LICENSE_1.csv ; https://www2.myfloridalicense.com/sto/file_download/extracts//RealEstateCorpLicense.csv,FL,GREENACRES,6586 6734 FOREST HILL BLVD,http://www.statewiderealtygroup.com,Overture Maps place 2de2696c-1317-4b99-a776-ef5a43896f44 (name match 100.0) + firm website http://www.statewiderealtygroup.com,2026-10-09,
SUDBURY HOLDING CORPORATION,(239) 574-8888,medium,54,https://www2.myfloridalicense.com/sto/file_download/extracts//REALESTATE2501LICENSE_1.csv ; https://www2.myfloridalicense.com/sto/file_download/extracts//RealEstateCorpLicense.csv,FL,CAPE CORAL,3321 DEL PRADO BLVD SOUTH,http://www.sellstatepriority.com/,Overture Maps place 6217c7b1-5093-41ac-9273-6030c72fa97e (name match 100.0),2026-10-09,Overture listing name includes extra words (may be an individual agent's listing / personal cell)
SUNDANCE REALTY GROUP INC,(386) 441-2000,medium,36,https://www2.myfloridalicense.com/sto/file_download/extracts//REALESTATE2501LICENSE_1.csv ; https://www2.myfloridalicense.com/sto/file_download/extracts//RealEstateCorpLicense.csv,FL,ORMOND BEACH,1794 OCEAN SHORE BLVD,century21sundance.com,Overture Maps place e3a657eb-c776-4cd8-823d-227e60e7f5f2 (name match 100.0),2026-10-09,Overture listing name includes extra words (may be an individual agent's listing / personal cell)
"SUNSERIA REAL ESTATE GROUP, LLC",(407) 334-3804,medium,44,https://www2.myfloridalicense.com/sto/file_download/extracts//REALESTATE2501LICENSE_1.csv ; https://www2.myfloridalicense.com/sto/file_download/extracts//RealEstateCorpLicense.csv,FL,ORLANDO,12211 REGENCY VILLAGE DRIVE,https://c21edge.com/,Overture Maps place f838d860-f24c-489c-ab92-4dcf16cccf57 (name match 100.0),2026-10-09,Overture listing name includes extra words (may be an individual agent's listing / personal cell)
SUNSHINE REALTY FL INC,(239) 790-1177,medium,36,https://www2.myfloridalicense.com/sto/file_download/extracts//REALESTATE2501LICENSE_1.csv ; https://www2.myfloridalicense.com/sto/file_download/extracts//RealEstateCorpLicense.csv,FL,MATLACHA,4574 PINE ISLAND RD NW,http://www.SunshineCapeCoral.com/,Overture Maps place eaa7dae0-419e-4ee6-96dc-1239942e4e8f (name match 100.0),2026-10-09,Overture listing name includes extra words (may be an individual agent's listing / personal cell)
SUPERIOR REALTY GROUP LLC,(850) 254-9918,high,73,https://www2.myfloridalicense.com/sto/file_download/extracts//REALESTATE2501LICENSE_1.csv ; https://www2.myfloridalicense.com/sto/file_download/extracts//RealEstateCorpLicense.csv,FL,TALLAHASSEE,2834 REMINGTON GREEN CIRCLE,http://SoldBySRG.com/,firm website http://SoldBySRG.com/ (tel on /); Overture Maps place 9fa9904a-f5fb-4877-8486-93a905717cb8 (name match 100.0),2026-10-09,
SUTTER & NUGENT REALTY INC,(561) 249-7266,high,60,https://www2.myfloridalicense.com/sto/file_download/extracts//REALESTATE2501LICENSE_1.csv ; https://www2.myfloridalicense.com/sto/file_download/extracts//RealEstateCorpLicense.csv,FL,PALM BEACH GARDENS,3955 FLORID BLVD,https://www.sutterandnugent.com,Overture Maps place 020b3c22-c4f2-4c8f-976b-9ab499b1bf53 (name match 100.0) + firm website https://www.sutterandnugent.com,2026-10-09,
TALL PINES REALTY INC,(941) 698-4111,medium,44,https://www2.myfloridalicense.com/sto/file_download/extracts//REALESTATE2501LICENSE_1.csv ; https://www2.myfloridalicense.com/sto/file_download/extracts//RealEstateCorpLicense.csv,FL,ENGLEWOOD,1500 S. MCCALL RD.,https://www.youtube.com/@TallPinesRealtyFL,Overture Maps place 7d26a3e0-6ce8-4ac1-8c30-edf2d1eaea93 (name match 94.73684210526316),2026-10-09,Overture listing name includes extra words (may be an individual agent's listing / personal cell)
TENACE REALTY OF JUPITER INC,(561) 429-3340,medium,35,https://www2.myfloridalicense.com/sto/file_download/extracts//REALESTATE2501LICENSE_1.csv ; https://www2.myfloridalicense.com/sto/file_download/extracts//RealEstateCorpLicense.csv,FL,JUPITER,1010 DAKOTA DRIVE,http://www.CobblestoneFL.com/,Overture Maps place 0c88d66e-2850-4f61-ae93-c10c2f8c83cc (name match 100.0),2026-10-09,Overture listing name includes extra words (may be an individual agent's listing / personal cell)
TERRABELLA REALTY LLC,(305) 222-4444,high,39,https://www2.myfloridalicense.com/sto/file_download/extracts//REALESTATE2501LICENSE_1.csv ; https://www2.myfloridalicense.com/sto/file_download/extracts//RealEstateCorpLicense.csv,FL,HALLANDALLE BEACH,240 OLD FEDERAL HWY,https://www.terrabellarealty.com,firm website https://www.terrabellarealty.com (text on /); Overture Maps place afd7ad2b-61ba-451b-b263-8b1bea788f87 (name match 100.0),2026-10-09,
TIXE REALTY SERVICES INC,(561) 967-3948,medium,55,https://www2.myfloridalicense.com/sto/file_download/extracts//REALESTATE2501LICENSE_1.csv ; https://www2.myfloridalicense.com/sto/file_download/extracts//RealEstateCorpLicense.csv,FL,LAKE WORTH,8961 HYPOLUXO ROAD,http://www.exitrealtypalmbeach.com/,Overture Maps place 813ddacb-3b98-4f54-b8eb-67487eb49e17 (name match 100.0),2026-10-09,Overture listing name includes extra words (may be an individual agent's listing / personal cell)
TOP TIER INTERNATIONAL REALTY LLC,(786) 202-3720,medium,40,https://www2.myfloridalicense.com/sto/file_download/extracts//REALESTATE2501LICENSE_1.csv ; https://www2.myfloridalicense.com/sto/file_download/extracts//RealEstateCorpLicense.csv,FL,HIALEAH,17670 NW 78TH AVE,http://www.toptierinternationalrealty.com/,Overture Maps place 1c061fea-6ada-4fdc-b15e-a16bacc80393 (name match 100.0),2026-10-09,
TRADEMARK REALTY GROUP LLC,(386) 270-4009,medium,46,https://www2.myfloridalicense.com/sto/file_download/extracts//REALESTATE2501LICENSE_1.csv ; https://www2.myfloridalicense.com/sto/file_download/extracts//RealEstateCorpLicense.csv,FL,PALM COAST,109 S. RIVERWALK DRIVE,http://www.TrademarkRealtyGroupFl.com/,Overture Maps place 0cb9b0f8-9bc6-4cf2-9407-818fe19191a2 (name match 100.0),2026-10-09,
TRUST INVEST REAL ESTATE CORP,(305) 215-0036,high,37,https://www2.myfloridalicense.com/sto/file_download/extracts//REALESTATE2501LICENSE_1.csv ; https://www2.myfloridalicense.com/sto/file_download/extracts//RealEstateCorpLicense.csv,FL,AVENTURA,17701 BISCAYNE BLVD,trustinvestrealestate.com,Overture Maps place 845460f4-42d6-4fdb-9be6-50e2aaf9e9ab (name match 100.0) + firm website trustinvestrealestate.com,2026-10-09,
TRUSTPOINT REALTY LLC,(305) 200-0348,high,37,https://www2.myfloridalicense.com/sto/file_download/extracts//REALESTATE2501LICENSE_1.csv ; https://www2.myfloridalicense.com/sto/file_download/extracts//RealEstateCorpLicense.csv,FL,MIAMI LAKES,15207 NW 60 AVE,http://www.trustpointrealty.com/,Overture Maps place dc13c1e5-f545-48c8-a2e8-48d4159f1d94 (name match 100.0) + firm website http://www.trustpointrealty.com/,2026-10-09,
VALSTAR REALTY LLC,(407) 270-5000,high,41,https://www2.myfloridalicense.com/sto/file_download/extracts//REALESTATE2501LICENSE_1.csv ; https://www2.myfloridalicense.com/sto/file_download/extracts//RealEstateCorpLicense.csv,FL,WINTER GARDEN,557 W. PLANT ST.,http://www.valstarrealty.com/,Overture Maps place 7793bd9e-2a65-42f9-a5e6-c6c7d2cf16c0 (name match 100.0) + firm website http://www.valstarrealty.com/,2026-10-09,
VERA REALTY LLC,(305) 833-3303,medium,59,https://www2.myfloridalicense.com/sto/file_download/extracts//REALESTATE2501LICENSE_1.csv ; https://www2.myfloridalicense.com/sto/file_download/extracts//RealEstateCorpLicense.csv,FL,HOLLYWOOD,1895 TYLER ST,,Overture Maps place 82a7c0b3-e12d-4d69-8835-cc2a89b5aee6 (name match 100.0),2026-10-09,
VESTI LLC,(689) 325-0816,medium,35,https://www2.myfloridalicense.com/sto/file_download/extracts//REALESTATE2501LICENSE_1.csv ; https://www2.myfloridalicense.com/sto/file_download/extracts//RealEstateCorpLicense.csv,FL,ORLANDO,13538 VILLAGE PARK DR,,Overture Maps place f3cd0411-091a-408b-b972-e5e3f1873185 (name match 100.0),2026-10-09,
VITA LUXURY REALTY LLC,(813) 412-9468,medium,64,https://www2.myfloridalicense.com/sto/file_download/extracts//REALESTATE2501LICENSE_1.csv ; https://www2.myfloridalicense.com/sto/file_download/extracts//RealEstateCorpLicense.csv,FL,TAMPA,5113 CAREY RD,http://www.vitatamparealtor.com/,Overture Maps place 6d5bc74b-9b8b-4af0-a4d3-182983e26f1a (name match 100.0),2026-10-09,
VREELAND REAL ESTATE LLC,(813) 945-4826,high,54,https://www2.myfloridalicense.com/sto/file_download/extracts//REALESTATE2501LICENSE_1.csv ; https://www2.myfloridalicense.com/sto/file_download/extracts//RealEstateCorpLicense.csv,FL,TAMPA,450 KNIGHTS RUN AVENUE UNIT 1,https://www.vreelandre.com/,Overture Maps place e43eb0f3-84ee-4eac-b0f8-2273299b5838 (name match 100.0) + firm website https://www.vreelandre.com/,2026-10-09,
WATER POINTE REALTY GROUP OF JUPITER INC,(561) 747-3377,medium,46,https://www2.myfloridalicense.com/sto/file_download/extracts//REALESTATE2501LICENSE_1.csv ; https://www2.myfloridalicense.com/sto/file_download/extracts//RealEstateCorpLicense.csv,FL,TEQUESTA,393 TEQUESTA DRIVE,,Overture Maps place ed126a91-9f2b-4253-a3b7-c8b4ba9697a3 (name match 100.0),2026-10-09,
WATERFRONT PROPERTIES INC,(561) 746-7272,high,71,https://www2.myfloridalicense.com/sto/file_download/extracts//REALESTATE2501LICENSE_1.csv ; https://www2.myfloridalicense.com/sto/file_download/extracts//RealEstateCorpLicense.csv,FL,JUPITER,825 PARKWAY PLAZA STE 8,http://www.waterfront-properties.com,Overture Maps place 511999b6-deb5-442e-8025-1bdb78242016 (name match 96.42857142857143) + firm website http://www.waterfront-properties.com,2026-10-09,
WAYPOINT PROPERTIES FLORIDA LLC,(850) 926-9100,medium,39,https://www2.myfloridalicense.com/sto/file_download/extracts//REALESTATE2501LICENSE_1.csv ; https://www2.myfloridalicense.com/sto/file_download/extracts//RealEstateCorpLicense.csv,FL,CRAWFORDVILLE,3004 CRAWFORDVILLE HWY,http://www.wptproperties.com/,Overture Maps place cad19a98-4688-4013-8a18-c5b49f94bc41 (name match 100.0),2026-10-09,Overture listing name includes extra words (may be an individual agent's listing / personal cell)
WC REALTY GROUP INC,(561) 283-8833,high,51,https://www2.myfloridalicense.com/sto/file_download/extracts//REALESTATE2501LICENSE_1.csv ; https://www2.myfloridalicense.com/sto/file_download/extracts//RealEstateCorpLicense.csv,FL,WELLINGTON,12794 FOREST HILL BLVD 29,http://wcrealtygroup.com/,Overture Maps place ec162d79-5547-431b-a8db-aed99916407b (name match 100.0) + firm website http://wcrealtygroup.com/,2026-10-09,
WILKINS WAY LLC,(407) 874-0230,medium,58,https://www2.myfloridalicense.com/sto/file_download/extracts//REALESTATE2501LICENSE_1.csv ; https://www2.myfloridalicense.com/sto/file_download/extracts//RealEstateCorpLicense.csv,FL,ORLANDO,2822 SOUTH ALAFAYA TRAIL,http://thewilkinsway.com/,Overture Maps place c15be65a-ff76-4a24-acfb-0aa32348517b (name match 100.0),2026-10-09,
YELLOWFIN REALTY GROUP LLC,(813) 229-8862,medium,39,https://www2.myfloridalicense.com/sto/file_download/extracts//REALESTATE2501LICENSE_1.csv ; https://www2.myfloridalicense.com/sto/file_download/extracts//RealEstateCorpLicense.csv,FL,VALRICO,11256 WINTHROP MAIN STREET,https://findgreaterjacksonvillehomes.com,Overture Maps place dee1a7e7-8898-4bed-af75-8c5a6db2977d (name match 100.0),2026-10-09,
AMERICANA REAL ESTATE,(702) 597-2401,medium,54,https://red.nv.gov/uploadedFiles/rednvgov/Content/Administration/Public_Records/NRED-ACTIVE-SALESPERSONS.xlsx ; NRED-ACTIVE-BROKER-SALESPERSONS.xlsx,NV,HENDERSON,"2580 ST ROSE PKWY, SUITE 120",http://www.americanrealtylv.com,Overture Maps place 043407cb-e564-4758-8dbe-a1f0b1c3f795 (name match 94.11764705882352),2026-10-09,
BERKSHIRE HATHAWAY HOMESERVICES DRYSDALE PROPERTIES,(775) 434-0344,medium,53,https://red.nv.gov/uploadedFiles/rednvgov/Content/Administration/Public_Records/NRED-ACTIVE-SALESPERSONS.xlsx ; NRED-ACTIVE-BROKER-SALESPERSONS.xlsx,NV,CARSON CITY,310 S CURRY STREET,http://nicholefischer.bhhsdrysdale.com/,Overture Maps place c07aa7b2-62c4-4ac5-9845-dded280f2ab4 (name match 100.0),2026-10-09,
CITY VILLA REALTY & MANAGEMENT LLC,(702) 222-0576,medium,44,https://red.nv.gov/uploadedFiles/rednvgov/Content/Administration/Public_Records/NRED-ACTIVE-SALESPERSONS.xlsx ; NRED-ACTIVE-BROKER-SALESPERSONS.xlsx,NV,LAS VEGAS,4990 S RAINBOW BLVD #120,http://www.cvrealtyusa.com,Overture Maps place c8327a03-4742-4050-978c-6df04c9069e8 (name match 100.0),2026-10-09,
COLDWELL BANKER EXCEL,(775) 738-4078,medium,44,https://red.nv.gov/uploadedFiles/rednvgov/Content/Administration/Public_Records/NRED-ACTIVE-SALESPERSONS.xlsx ; NRED-ACTIVE-BROKER-SALESPERSONS.xlsx,NV,ELKO,700 IDAHO ST,https://www.cbelko.com/,Overture Maps place dca706ad-a722-48a3-b85d-1de06376c796 (name match 100.0),2026-10-09,
CUSHMAN & WAKEFIELD,(702) 796-7900,medium,47,https://red.nv.gov/uploadedFiles/rednvgov/Content/Administration/Public_Records/NRED-ACTIVE-SALESPERSONS.xlsx ; NRED-ACTIVE-BROKER-SALESPERSONS.xlsx,NV,LAS VEGAS,"10845 GRIFFITH PEAK DR, SUITE 160",https://www.cushmanwakefield.com/en/united-states/offices/las-vegas,Overture Maps place 55225935-7868-46cd-8a2d-0ee10bf88784 (name match 100.0),2026-10-09,
"D.R. HORTON, INC.",(702) 635-3600,low,35,https://red.nv.gov/uploadedFiles/rednvgov/Content/Administration/Public_Records/NRED-ACTIVE-SALESPERSONS.xlsx ; NRED-ACTIVE-BROKER-SALESPERSONS.xlsx,NV,HENDERSON,1081 WHITNEY RANCH DR SUITE # 141,http://www.drhorton.com/Nevada/Las-Vegas,Overture Maps place a62ce18d-4a0d-45be-af3e-21fde2909f95 (address match 100),2026-10-09,Overture listing name includes extra words (may be an individual agent's listing / personal cell)
EVOLVE REALTY,(702) 888-3337,high,38,https://red.nv.gov/uploadedFiles/rednvgov/Content/Administration/Public_Records/NRED-ACTIVE-SALESPERSONS.xlsx ; NRED-ACTIVE-BROKER-SALESPERSONS.xlsx,NV,LAS VEGAS,8495 W SUNSET RD #302A,http://www.evolverealtynv.com/,Overture Maps place 76784363-109b-4ffa-911d-fe6d9cf45dc2 (name match 100.0) + firm website http://www.evolverealtynv.com/,2026-10-09,
GENERAL REALTY GROUP INC,(818) 778-1112,high,37,https://red.nv.gov/uploadedFiles/rednvgov/Content/Administration/Public_Records/NRED-ACTIVE-SALESPERSONS.xlsx ; NRED-ACTIVE-BROKER-SALESPERSONS.xlsx,NV,LAS VEGAS,6330 S EASTERN #2,https://www.generalrealty.com,firm website https://www.generalrealty.com (text on /); Overture Maps place d15a6f5e-c08d-487a-9607-05846289147c (name match 100.0),2026-10-09,
HAUTE PROPERTIES NV,(775) 525-1448,medium,67,https://red.nv.gov/uploadedFiles/rednvgov/Content/Administration/Public_Records/NRED-ACTIVE-SALESPERSONS.xlsx ; NRED-ACTIVE-BROKER-SALESPERSONS.xlsx,NV,RENO,5470 KIETZKE LN #300,https://www.hautepropertiesnv.com,Overture Maps place 40a05348-5aea-480a-8467-32d303cbce55 (name match 100.0),2026-10-09,
IS LUXURY,(702) 315-0223,high,47,https://red.nv.gov/uploadedFiles/rednvgov/Content/Administration/Public_Records/NRED-ACTIVE-SALESPERSONS.xlsx ; NRED-ACTIVE-BROKER-SALESPERSONS.xlsx,NV,LAS VEGAS,2130 PARK CENTRE DR SUITE 120,https://www.isluxury.com/,Overture Maps place a29531b5-4c6a-4bd0-8db4-a1f9458cd439 (name match 100.0) + firm website https://www.isluxury.com/,2026-10-09,
LAS VEGAS REALTY LLC,(702) 565-7100,medium,35,https://red.nv.gov/uploadedFiles/rednvgov/Content/Administration/Public_Records/NRED-ACTIVE-SALESPERSONS.xlsx ; NRED-ACTIVE-BROKER-SALESPERSONS.xlsx,NV,LAS VEGAS,"2685 S RAINBOW BLVD, #100",https://www.theprosperogroup.com,Overture Maps place 27ba321f-4a38-4e82-bb5e-abc733840d40 (name match 100.0),2026-10-09,
LEADING VEGAS REALTY,(702) 545-6050,high,52,https://red.nv.gov/uploadedFiles/rednvgov/Content/Administration/Public_Records/NRED-ACTIVE-SALESPERSONS.xlsx ; NRED-ACTIVE-BROKER-SALESPERSONS.xlsx,NV,LAS VEGAS,9171 W FLAMINGO RD #110,https://www.leadingvegas.com,Overture Maps place df812c84-dafa-4fc5-8936-c34a139d5a60 (name match 100.0) + firm website https://www.leadingvegas.com,2026-10-09,
LOCAL REALTY,(702) 523-2948,medium,55,https://red.nv.gov/uploadedFiles/rednvgov/Content/Administration/Public_Records/NRED-ACTIVE-SALESPERSONS.xlsx ; NRED-ACTIVE-BROKER-SALESPERSONS.xlsx,NV,LAS VEGAS,6585 HIGH STREET SUITE 215,,Overture Maps place 028c6adc-0191-4aaa-9896-15c2deb7cda6 (name match 100.0),2026-10-09,
NATIONWIDE REALTY LLC,(702) 440-4663,medium,61,https://red.nv.gov/uploadedFiles/rednvgov/Content/Administration/Public_Records/NRED-ACTIVE-SALESPERSONS.xlsx ; NRED-ACTIVE-BROKER-SALESPERSONS.xlsx,NV,LAS VEGAS,2780 S JONES STE 220,http://nationwide-realty.com,Overture Maps place cc15ad80-98d4-4b2c-b06c-93cbc8e35314 (name match 100.0),2026-10-09,
ORANGE REALTY GROUP,(702) 617-0000,high,44,https://red.nv.gov/uploadedFiles/rednvgov/Content/Administration/Public_Records/NRED-ACTIVE-SALESPERSONS.xlsx ; NRED-ACTIVE-BROKER-SALESPERSONS.xlsx,NV,LAS VEGAS,6230 MCLEOD DR STE 100,https://orangerealtygroup.com,Overture Maps place 3c843694-5f03-48a8-8cfd-fe0f7e696bd0 (name match 100.0) + firm website https://orangerealtygroup.com,2026-10-09,
PARADIGM REALTY,(702) 783-7736,high,52,https://red.nv.gov/uploadedFiles/rednvgov/Content/Administration/Public_Records/NRED-ACTIVE-SALESPERSONS.xlsx ; NRED-ACTIVE-BROKER-SALESPERSONS.xlsx,NV,LAS VEGAS,1980 FESTIVAL PLAZA DR #300,http://www.paradigmrealty.com,Overture Maps place 90aa9651-451b-4507-948f-20b9eced8f5a (name match 100.0) + firm website http://www.paradigmrealty.com,2026-10-09,
PREMIER REFERRAL NETWORK LLC,(702) 460-7080,high,49,https://red.nv.gov/uploadedFiles/rednvgov/Content/Administration/Public_Records/NRED-ACTIVE-SALESPERSONS.xlsx ; NRED-ACTIVE-BROKER-SALESPERSONS.xlsx,NV,LAS VEGAS,8290 W SAHARA AVE SUITE 200,www.prnnv.com,firm website www.prnnv.com (text on /); Overture Maps place ecc582cb-b2f0-4979-b7f3-1dedbed7254e (name match 100.0),2026-10-09,
PROMINENT REALTY GROUP LLC,(702) 750-1700,medium,38,https://red.nv.gov/uploadedFiles/rednvgov/Content/Administration/Public_Records/NRED-ACTIVE-SALESPERSONS.xlsx ; NRED-ACTIVE-BROKER-SALESPERSONS.xlsx,NV,LAS VEGAS,2580 N BUFFALO DR SUITE 120,http://prominentrealtygrp.com/,Overture Maps place d69bd676-6b64-4526-9973-446e423a1fef (name match 100.0),2026-10-09,
ROTHWELL GORNT COMPANIES,(702) 932-8813,medium,45,https://red.nv.gov/uploadedFiles/rednvgov/Content/Administration/Public_Records/NRED-ACTIVE-SALESPERSONS.xlsx ; NRED-ACTIVE-BROKER-SALESPERSONS.xlsx,NV,HENDERSON,105 N PECOS RD STE 140,https://x.com/AymericMonello,Overture Maps place 0d3e0181-bec9-406c-8fe1-37604fa66c1f (name match 100.0),2026-10-09,
SCOFIELD GROUP LLC,(702) 766-3795,high,35,https://red.nv.gov/uploadedFiles/rednvgov/Content/Administration/Public_Records/NRED-ACTIVE-SALESPERSONS.xlsx ; NRED-ACTIVE-BROKER-SALESPERSONS.xlsx,NV,LAS VEGAS,8704 SPANISH RIDGE AVE #300,https://scofieldgroup.com/,Overture Maps place f784d68e-b884-4448-a945-539ab1ab0022 (name match 100.0) + firm website https://scofieldgroup.com/,2026-10-09,
SIERRA NEVADA PROPERTIES,(775) 689-8228,medium,70,https://red.nv.gov/uploadedFiles/rednvgov/Content/Administration/Public_Records/NRED-ACTIVE-SALESPERSONS.xlsx ; NRED-ACTIVE-BROKER-SALESPERSONS.xlsx,NV,RENO,1495 RIDGEVIEW DR STE 200,http://www.snphomes.com/,Overture Maps place 785ba0d5-d5d4-4d61-b75c-78f3b2ff1719 (name match 100.0),2026-10-09,
UNIVERSAL REALTY ASSOCIATES,(702) 938-7700,high,54,https://red.nv.gov/uploadedFiles/rednvgov/Content/Administration/Public_Records/NRED-ACTIVE-SALESPERSONS.xlsx ; NRED-ACTIVE-BROKER-SALESPERSONS.xlsx,NV,HENDERSON,3333 E SERENE #150,http://www.UniversalRealty.com/,Overture Maps place 2995a559-219f-428a-bec3-3995ce8b65d7 (name match 100.0) + firm website http://www.UniversalRealty.com/,2026-10-09,
VERTEX REALTY & PROPERTY MANAGEMENT LLC,(702) 916-3512,medium,61,https://red.nv.gov/uploadedFiles/rednvgov/Content/Administration/Public_Records/NRED-ACTIVE-SALESPERSONS.xlsx ; NRED-ACTIVE-BROKER-SALESPERSONS.xlsx,NV,LAS VEGAS,9155 W FLAMINGO RD STE 100,http://www.vertexrealtynv.com/,Overture Maps place 0ae5d8b2-8f48-4f4b-82f2-942c0f76011d (name match 100.0),2026-10-09,
WIN WIN REAL ESTATE,(702) 430-6958,medium,53,https://red.nv.gov/uploadedFiles/rednvgov/Content/Administration/Public_Records/NRED-ACTIVE-SALESPERSONS.xlsx ; NRED-ACTIVE-BROKER-SALESPERSONS.xlsx,NV,LAS VEGAS,9480 S EASTERN AVENUE #269,http://lasvegasluxuryrealestateagency.com,Overture Maps place b0d599d7-4433-49ab-8ff1-f5adac5dffe1 (name match 100.0),2026-10-09,
AMERIHOMES REALTY OF NY INC,(718) 447-2626,medium,48,https://data.ny.gov/api/views/yg7h-zjbf/rows.csv?accessType=DOWNLOAD,NY,STATEN ISLAND,593 MIDLAND AVENUE,http://www.amerihomesrealty.com,Overture Maps place b6172ec0-d35a-4592-bc99-446d4f603e66 (name match 100.0),2026-10-09,
ASHFORD HOMES LLC,(929) 364-1301,high,40,https://data.ny.gov/api/views/yg7h-zjbf/rows.csv?accessType=DOWNLOAD,NY,STATEN ISLAND,95 GUYON AVE,http://www.ashfordre.com/,Overture Maps place 59a6d4fc-2489-485d-b87d-26ca97b32de0 (name match 100.0) + firm website http://www.ashfordre.com/,2026-10-09,
BEN BAY REALTY CO,(718) 238-6080,medium,35,https://data.ny.gov/api/views/yg7h-zjbf/rows.csv?accessType=DOWNLOAD,NY,BROOKLYN,8304 13TH AVE,http://Benbayre.com/,Overture Maps place 7d543656-0268-409c-ae35-d39cfa6b914d (name match 100.0),2026-10-09,
BERGEN BASIN REALTY LLC,(718) 787-4110,medium,52,https://data.ny.gov/api/views/yg7h-zjbf/rows.csv?accessType=DOWNLOAD,NY,BROOKLYN,5817 AVENUE N,http://www.homecrestrealtygroup.com,Overture Maps place 4cee477d-2be1-416a-8683-e802158aada1 (name match 100.0),2026-10-09,
BERKSHIRE HATHAWAY HOMESERVICES DISCOVER REAL ESTATE,(585) 352-4896,medium,37,https://data.ny.gov/api/views/yg7h-zjbf/rows.csv?accessType=DOWNLOAD,NY,SPENCERPORT,162 S UNION ST,http://www.bhhsdiscover.com,Overture Maps place 7e27cf88-228e-4c3b-ace0-12b948a7f3db (name match 100.0),2026-10-09,
BERKSHIRE HATHAWAY HOMESERVICES HERITAGE REALTY,(607) 428-0708,medium,51,https://data.ny.gov/api/views/yg7h-zjbf/rows.csv?accessType=DOWNLOAD,NY,HOMER,7 JAMES ST,http://www.hometoheritage.com/,Overture Maps place 00f3d3d6-b65a-446c-a5b4-6c422f24b36a (name match 100.0),2026-10-09,
BIZZARRO AGENCY LLC,(917) 979-2259,high,54,https://data.ny.gov/api/views/yg7h-zjbf/rows.csv?accessType=DOWNLOAD,NY,NEW YORK,8 WEST 126TH STREET,https://www.bizzarroagency.com/,Overture Maps place fcc9030e-365c-4f94-833b-c4c3e6a9fa6b (name match 100.0) + firm website https://www.bizzarroagency.com/,2026-10-09,
BLUE ISLAND HOMES NY LLC,(516) 613-3600,medium,43,https://data.ny.gov/api/views/yg7h-zjbf/rows.csv?accessType=DOWNLOAD,NY,BELLMORE,2880 MERRICK ROAD,https://linktr.ee/Blueislandhomes,Overture Maps place ee9aa84f-856f-4a88-9b8c-4649d01b9b7d (name match 100.0),2026-10-09,
BRIDGEVIEW REAL ESTATE,(315) 782-9292,high,44,https://data.ny.gov/api/views/yg7h-zjbf/rows.csv?accessType=DOWNLOAD,NY,WATERTOWN,128 TEN EYCK STREET,http://www.bridgeviewny.com/,Overture Maps place a4c45e7e-5299-4bbb-95df-1151b026f0da (name match 100.0) + firm website http://www.bridgeviewny.com/,2026-10-09,
BROOKLYN REAL PROPERTY INC,(718) 875-8899,high,54,https://data.ny.gov/api/views/yg7h-zjbf/rows.csv?accessType=DOWNLOAD,NY,BROOKLYN,389 ATLANTIC AVE,http://brooklynrealproperty.com/,Overture Maps place ffde6a6d-e314-4d6e-ad41-7830223381a9 (name match 100.0) + firm website http://brooklynrealproperty.com/,2026-10-09,
CBRE UPSTATE NY,(315) 422-4200,medium,53,https://data.ny.gov/api/views/yg7h-zjbf/rows.csv?accessType=DOWNLOAD,NY,SYRACUSE,333 WEST WASHINGTON ST,https://www.cbre.com,Overture Maps place ee728c8c-a478-47cf-87d4-9ac650ac69d2 (name match 100.0),2026-10-09,
CENTURY 21 ACHIEVERS,(347) 260-7752,low,45,https://data.ny.gov/api/views/yg7h-zjbf/rows.csv?accessType=DOWNLOAD,NY,BROOKLYN,1476 FLATBUSH AVE,https://michaelaghomes.com/,Overture Maps place 6089f797-2b32-4337-9d91-8b746255d616 (address match 100),2026-10-09,Overture listing name includes extra words (may be an individual agent's listing / personal cell)
CENTURY 21 ELITE REALTY,(914) 345-3550,medium,42,https://data.ny.gov/api/views/yg7h-zjbf/rows.csv?accessType=DOWNLOAD,NY,WHITE PLAINS,255 MAMARONECK AVE,https://youtu.be/6sj8zgg2T2o?si=IYwp9ybAAAJwJHIZ,Overture Maps place 76971dab-243e-4abd-9d1f-d419bbbbc2f7 (name match 100.0),2026-10-09,
CENTURY 21 MONTICELLO REALTY,(718) 804-5757,medium,43,https://data.ny.gov/api/views/yg7h-zjbf/rows.csv?accessType=DOWNLOAD,NY,WOODHAVEN,87-20 WOODHAVEN BLVD,https://linktr.ee/C21monticellorealty,Overture Maps place e490f2c6-b6ac-4741-b94a-ff0d75c236d1 (name match 100.0),2026-10-09,
CHRISTIES INTERNATIONAL REAL ESTATE GROUP LLC,(212) 590-2473,medium,42,https://data.ny.gov/api/views/yg7h-zjbf/rows.csv?accessType=DOWNLOAD,NY,NEW YORK,1 ROCKEFELLER PLAZA,http://www.christiesrealestategroup.com,Overture Maps place e8dbaf22-5365-4f60-9546-c410220be986 (name match 100.0),2026-10-09,
CITY CONNECTIONS REALTY INC,(212) 627-7800,high,55,https://data.ny.gov/api/views/yg7h-zjbf/rows.csv?accessType=DOWNLOAD,NY,NEW YORK,45 W 21ST ST STE 300,https://www.ccrny.com/,Overture Maps place e2eff7ef-9817-4ac1-b455-b00cef022855 (name match 100.0) + firm website https://www.ccrny.com/,2026-10-09,
CITY WIDE APARTMENTS INC,(212) 695-4360,medium,49,https://data.ny.gov/api/views/yg7h-zjbf/rows.csv?accessType=DOWNLOAD,NY,NEW YORK,555 8TH AVE STE 2310,https://www.citywideapts.com,Overture Maps place 07784ca1-efcf-4ada-9421-2545cac9b9cb (name match 100.0),2026-10-09,
COLDWELL BANKER ADVANTAGE,(718) 447-3000,high,59,https://data.ny.gov/api/views/yg7h-zjbf/rows.csv?accessType=DOWNLOAD,NY,STATEN ISLAND,895 ANNADALE RD,http://cristinadattolo.com/,Overture Maps place b4c0fa36-3ba9-4387-bb5b-20ae44875e81 (name match 100.0) + firm website http://cristinadattolo.com/,2026-10-09,possible cell (labelled cell/mobile/direct on site)
COLDWELL BANKER FAITH PROPERTIES,(315) 735-2222,medium,74,https://data.ny.gov/api/views/yg7h-zjbf/rows.csv?accessType=DOWNLOAD,NY,UTICA,2811 GENESEE ST,https://www.centralnyhomes.com/,Overture Maps place dd238416-e6df-4cb2-a2ee-665b60f9ad60 (name match 100.0),2026-10-09,
COLDWELL BANKER TIMBERLAND PROPERTIES,(845) 586-3321,medium,65,https://data.ny.gov/api/views/yg7h-zjbf/rows.csv?accessType=DOWNLOAD,NY,MARGARETVILLE,75 BRIDGE ST POB 667,http://www.TimberlandProperties.net/,Overture Maps place 093163ab-53b6-4d74-ac39-5cc0b5f62d62 (name match 100.0),2026-10-09,
COLDWELL BANKER WHITBECK ASSOCIATES,(518) 562-9999,high,53,https://data.ny.gov/api/views/yg7h-zjbf/rows.csv?accessType=DOWNLOAD,NY,PLATTSBURGH,164 BOYNTON AVENUE,http://www.cbwhitbeck.com/,Overture Maps place ad3acc48-0ef8-4cd7-9851-b6ab119d1a0a (name match 100.0) + firm website http://www.cbwhitbeck.com/,2026-10-09,
COMPASS REALTY CENTRAL INC,(718) 232-6400,high,36,https://data.ny.gov/api/views/yg7h-zjbf/rows.csv?accessType=DOWNLOAD,NY,BROOKLYN,6801 20TH AVE,http://CompassRealtyCentral.com/,Overture Maps place 04827104-16a9-4e6f-8c2e-6d4db9324046 (name match 100.0) + firm website http://CompassRealtyCentral.com/,2026-10-09,
CORCORAN BAER & MCINTOSH,(212) 355-3550,high,46,https://data.ny.gov/api/views/yg7h-zjbf/rows.csv?accessType=DOWNLOAD,NY,NYACK,97 S BROADWAY,http://www.corcoran.com/,firm website http://www.corcoran.com/ (tel on /); Overture Maps place 3187fca3-78ea-44a0-83c5-b9f8b52d90ed (name match 100.0),2026-10-09,
CORE GROUP MARKETING LLC,(212) 612-9612,medium,62,https://data.ny.gov/api/views/yg7h-zjbf/rows.csv?accessType=DOWNLOAD,NY,NEW YORK,232 MADISON AVE,corenyc.com,Overture Maps place ad858ab5-dc2a-4f1e-8bfd-ee08535511b7 (name match 100.0),2026-10-09,
CPRE NY LLC,(212) 960-8787,high,57,https://data.ny.gov/api/views/yg7h-zjbf/rows.csv?accessType=DOWNLOAD,NY,FLUSHING,"3712 PRINCE STREET, SUITE 9A",https://www.cpregroup.com/,Overture Maps place 5c5742fa-33f0-4ac4-9f1e-577904f6fd07 (name match 100.0) + firm website https://www.cpregroup.com/,2026-10-09,
CROSS ISLAND REALTY ONE INC,(718) 831-0100,medium,54,https://data.ny.gov/api/views/yg7h-zjbf/rows.csv?accessType=DOWNLOAD,NY,BELLEROSE,250 14A HILLSIDE AVE,http://thoppilproductions.com/,Overture Maps place b6d4ad3a-a91a-40a0-997e-da17bc481e57 (name match 100.0),2026-10-09,
EASTDIL SECURED LLC,(212) 315-7200,medium,42,https://data.ny.gov/api/views/yg7h-zjbf/rows.csv?accessType=DOWNLOAD,NY,NEW YORK,40 W 57TH ST 23RD FL,https://www.eastdilsecured.com,Overture Maps place eda7cfcf-330d-41dc-bb69-a452c3eacdd0 (name match 100.0),2026-10-09,
EMPIRE REAL ESTATE FIRM LLC,(518) 662-7653,medium,67,https://data.ny.gov/api/views/yg7h-zjbf/rows.csv?accessType=DOWNLOAD,NY,LATHAM,298 TROY SCHENEDTADY RD,,Overture Maps place 38d08b24-bc29-40ba-8b59-9ee11347c5f3 (name match 100.0),2026-10-09,
EXIT FAMILY REALTY,(631) 450-4777,medium,37,https://data.ny.gov/api/views/yg7h-zjbf/rows.csv?accessType=DOWNLOAD,NY,LINDENHURST,202 N WELLWOOD AVE,https://bit.ly/EXITfamilrealty,Overture Maps place 6b5b24cb-79a3-4900-b29a-1667303e89bf (name match 100.0),2026-10-09,
EXIT REALTY ALL CITY,(718) 276-0077,medium,43,https://data.ny.gov/api/views/yg7h-zjbf/rows.csv?accessType=DOWNLOAD,NY,LAURELTON,230 16 MERRICK BLVD,https://exitrealtyallcity.com/,Overture Maps place 5c9568d0-ae73-42f0-b661-97c9bb87ad91 (name match 100.0),2026-10-09,
EXIT REALTY CONNECTIONS,(845) 298-6034,high,71,https://data.ny.gov/api/views/yg7h-zjbf/rows.csv?accessType=DOWNLOAD,NY,WAPPINGERS FALLS,2790 W MAIN STREET,http://www.findhomesinhudsonvalley.com/,Overture Maps place 8a8efc69-640a-4ff8-9213-e18488fa69d5 (name match 100.0) + firm website http://www.findhomesinhudsonvalley.com/,2026-10-09,
EXIT REALTY DKC,(718) 676-1371,medium,75,https://data.ny.gov/api/views/yg7h-zjbf/rows.csv?accessType=DOWNLOAD,NY,BRONX,3825 E. TREMONT AVENUE,https://linktr.ee/dkcrealtygroup,Overture Maps place c09e000b-606e-4fd6-93bf-1a40d4e48468 (name match 100.0),2026-10-09,
EXIT REALTY EDGE,(631) 730-5100,medium,36,https://data.ny.gov/api/views/yg7h-zjbf/rows.csv?accessType=DOWNLOAD,NY,PATCHOGUE,91 MEDFORD AVE,http://www.exitrealtyedge.com/,Overture Maps place c446e77e-783a-4286-a09b-74ec12047fcf (name match 100.0),2026-10-09,
EXIT REALTY FIRST CHOICE,(718) 380-2500,high,50,https://data.ny.gov/api/views/yg7h-zjbf/rows.csv?accessType=DOWNLOAD,NY,HOLLIS,80-15 188TH STREET,http://www.CallExitFirst.com/,Overture Maps place 7b094579-668d-46bb-a30c-2d26cefaefef (name match 100.0) + firm website http://www.CallExitFirst.com/,2026-10-09,
EXIT REALTY ISLAND ELITE,(631) 331-4000,medium,40,https://data.ny.gov/api/views/yg7h-zjbf/rows.csv?accessType=DOWNLOAD,NY,PORT JEFF STATION,4699-2 ROUTE 347,https://www.exitrealtyislandelite.com/agent/Thomas_Chiarello/8304125,Overture Maps place 0d161fd0-99ba-4ce7-a904-58ada09bef7d (name match 100.0),2026-10-09,
EXIT REALTY PRIVATE CLIENT,(914) 222-1000,high,36,https://data.ny.gov/api/views/yg7h-zjbf/rows.csv?accessType=DOWNLOAD,NY,WHITE PLAINS,75 SOUTH BROADWAY SUITE 430,http://www.exitrpc.com,Overture Maps place a268823c-7204-4800-b9c7-827f832ca7cc (name match 100.0) + firm website http://www.exitrpc.com,2026-10-09,
FANG FANG REALTY INC,(718) 676-2518,high,37,https://data.ny.gov/api/views/yg7h-zjbf/rows.csv?accessType=DOWNLOAD,NY,BROOKLYN,816 59TH ST 2ND FL,http://www.fangfangrealty.com/,Overture Maps place baa849c5-b517-4737-8c9c-4571cdfba0de (name match 100.0) + firm website http://www.fangfangrealty.com/,2026-10-09,
FIND REAL ESTATE LLC,(212) 994-9965,high,40,https://data.ny.gov/api/views/yg7h-zjbf/rows.csv?accessType=DOWNLOAD,NY,NEW YORK,5 WEST 37TH ST 12TH FL,http://findrealestate.com/,firm website http://findrealestate.com/ (tel on /); Overture Maps place 4436e54f-b695-4c69-8597-11840fe54660 (name match 100.0),2026-10-09,
FIRST FLAG REALTY INC,(516) 673-4388,medium,36,https://data.ny.gov/api/views/yg7h-zjbf/rows.csv?accessType=DOWNLOAD,NY,NEW HYDE PARK,1315 JERICHO TPKE,http://firstflagrealty.com,Overture Maps place fc666a22-7854-48df-8b0f-5dba6bbe2473 (name match 100.0),2026-10-09,
FRONTLINE REALTY GROUP LLC,(631) 938-1481,medium,58,https://data.ny.gov/api/views/yg7h-zjbf/rows.csv?accessType=DOWNLOAD,NY,PORT JEFFERSON,128 MAIN ST,http://www.frontline-realty.com/,Overture Maps place 8f29c586-1e8a-449a-86ef-a4ec9c3c3a65 (name match 100.0),2026-10-09,
GINER REAL ESTATE INC,(914) 263-0345,high,48,https://data.ny.gov/api/views/yg7h-zjbf/rows.csv?accessType=DOWNLOAD,NY,KATONAH,26 VALLEY ROAD,http://ginerrealty.com/,Overture Maps place f024ce82-bdf3-4832-8f06-287837be6fc8 (name match 100.0) + firm website http://ginerrealty.com/,2026-10-09,
GINNEL REAL ESTATE,(914) 234-9234,high,46,https://data.ny.gov/api/views/yg7h-zjbf/rows.csv?accessType=DOWNLOAD,NY,BEDFORD HILLS,493 BEDFORD CENTER RD,https://www.ginnel.com,Overture Maps place ea05f448-b378-4cf1-bd63-d3c479d925b5 (name match 100.0) + firm website https://www.ginnel.com,2026-10-09,
GURNEY BECKER & BOURNE REAL ESTATE,(716) 849-1234,high,45,https://data.ny.gov/api/views/yg7h-zjbf/rows.csv?accessType=DOWNLOAD,NY,BUFFALO,976 DELAWARE AVENUE,http://www.gurneyrealestate.com/,Overture Maps place d5876ebc-a9ae-46ec-8a2e-9a81ecae5a53 (name match 100.0) + firm website http://www.gurneyrealestate.com/,2026-10-09,
HALTER ASSOCIATES REALTY INC,(845) 679-2010,high,46,https://data.ny.gov/api/views/yg7h-zjbf/rows.csv?accessType=DOWNLOAD,NY,BEARSVILLE,3257 RTE 212,http://www.halterassociatesrealty.com/,Overture Maps place 25be4c61-3a63-4ca4-a774-2b24b22acbb5 (name match 100.0) + firm website http://www.halterassociatesrealty.com/,2026-10-09,
HOMES BY MARA,(516) 364-2500,high,39,https://data.ny.gov/api/views/yg7h-zjbf/rows.csv?accessType=DOWNLOAD,NY,SYOSSET,30 BERRY HILL RD,http://www.homesbymara.com,Overture Maps place 5fe68775-7f9a-47af-93a9-55db93e45420 (name match 100.0) + firm website http://www.homesbymara.com,2026-10-09,
HOMES R US REALTY OF NY INC,(718) 668-2550,high,63,https://data.ny.gov/api/views/yg7h-zjbf/rows.csv?accessType=DOWNLOAD,NY,STATEN ISLAND,111 FINGERBOARD ROAD,http://www.statenislandhomesearch.com/,Overture Maps place 4ceafed8-4986-444c-aa90-06d0b00dad81 (name match 100.0) + firm website http://www.statenislandhomesearch.com/,2026-10-09,
HOWARD HANNA HOLT REAL ESTATE,(716) 753-7880,high,35,https://data.ny.gov/api/views/yg7h-zjbf/rows.csv?accessType=DOWNLOAD,NY,MAYVILLE,79 W LAKE RD,https://www.howardhannaholt.com/,Overture Maps place 6810a940-c514-4ac4-ac94-a9792e815339 (name match 100.0) + firm website https://www.howardhannaholt.com/,2026-10-09,
JAGGI REAL ESTATE,(516) 445-5207,medium,36,https://data.ny.gov/api/views/yg7h-zjbf/rows.csv?accessType=DOWNLOAD,NY,HICKSIVLLE,54 WEST JOHN ST,https://www.jaggirealestateservices.com/,Overture Maps place 22336a42-bee2-4c69-8d58-ab6ce4b44a73 (name match 100.0),2026-10-09,
JAMIE REALTY GROUP,(516) 328-0668,high,38,https://data.ny.gov/api/views/yg7h-zjbf/rows.csv?accessType=DOWNLOAD,NY,BAYSIDE,200-11 32ND AVENUE,https://www.connierealestategroup.com,firm website https://www.connierealestategroup.com (tel on /); Overture Maps place 496d3837-b365-4c6b-81aa-cbe97ff5f07e (name match 100.0),2026-10-09,
JOSEPH BARATTA COMPANY REALTY,(203) 570-2877,medium,65,https://data.ny.gov/api/views/yg7h-zjbf/rows.csv?accessType=DOWNLOAD,NY,TARRYTOWN,120 WHITE PLAINS ROAD,http://www.JosephBarattaandCompany.com/,Overture Maps place f9516ef1-0e12-47f0-8835-6bbda6fafeee (name match 93.33333333333333),2026-10-09,
JULIE & CO REALTY LLC,(518) 350-7653,medium,37,https://data.ny.gov/api/views/yg7h-zjbf/rows.csv?accessType=DOWNLOAD,NY,SARATOGA SPRINGS,18 DIVISION STREET,,Overture Maps place 1c765f20-5d6b-4d8f-8ed2-b6942ee8d9bb (name match 100.0),2026-10-09,
KELLER WILLIAMS REALTY GREATER BINGHAMTON,(607) 722-0722,medium,44,https://data.ny.gov/api/views/yg7h-zjbf/rows.csv?accessType=DOWNLOAD,NY,BINGHAMTON,49 COURT STREET,http://kwbinghamton.com/,Overture Maps place 8d3cb92b-c191-464d-a5fc-3f9da49bd96e (name match 100.0),2026-10-09,
KEUKA LAKE & LAND REALTY,(315) 536-7446,medium,35,https://data.ny.gov/api/views/yg7h-zjbf/rows.csv?accessType=DOWNLOAD,NY,PENN YAN,201 ELM STREET,http://www.KeukaRE.com/,Overture Maps place 1c6b72af-73cc-4920-8997-3ecce973b136 (name match 93.75),2026-10-09,
LANDMARK ELITE HOMES CORP,(404) 595-4932,high,51,https://data.ny.gov/api/views/yg7h-zjbf/rows.csv?accessType=DOWNLOAD,NY,BALDWIN,2374 GRAND AVE,http://www.landmarkelitehomes.com/,Overture Maps place a65cd883-2949-456f-92ec-474c5e1f262e (name match 96.55172413793103) + firm website http://www.landmarkelitehomes.com/,2026-10-09,
LEE & ASSOCIATES NYC LLC,(212) 776-1200,medium,53,https://data.ny.gov/api/views/yg7h-zjbf/rows.csv?accessType=DOWNLOAD,NY,NEW YORK,1211 AVENUE OF THE AMERICAS,http://leeassociatesnyc.com/,Overture Maps place 8eb2f1a6-7149-4bec-997e-3b82d37520a9 (name match 100.0),2026-10-09,
LEGACY ESTATE REALTY,(516) 682-2803,medium,43,https://data.ny.gov/api/views/yg7h-zjbf/rows.csv?accessType=DOWNLOAD,NY,GARDEN CITY PARK,2137 JERICHO TURNPIKE,https://www.legacyestaterealty.com,Overture Maps place 995eaa1f-0071-45cf-98f4-e76a56c9a8eb (name match 100.0),2026-10-09,
LIN PAN REALTY GROUP LLC,(516) 693-9888,high,41,https://data.ny.gov/api/views/yg7h-zjbf/rows.csv?accessType=DOWNLOAD,NY,GREAT NECK,5 BOND STREET,http://www.linpanrealty.com,Overture Maps place 4c0cc4e3-c28c-4cfb-a9a3-dc19232e559c (name match 100.0) + firm website http://www.linpanrealty.com,2026-10-09,
LISTING PRO REALTY SERVICES INC,(631) 656-6600,medium,51,https://data.ny.gov/api/views/yg7h-zjbf/rows.csv?accessType=DOWNLOAD,NY,SMITHTOWN,444 ROUTE 111,https://www.listingpros.com,Overture Maps place 92b9df87-5160-4f53-ae60-fa16afe83b39 (name match 100.0),2026-10-09,
LJ REALTY TEAM INC,(516) 218-1261,high,45,https://data.ny.gov/api/views/yg7h-zjbf/rows.csv?accessType=DOWNLOAD,NY,S OZONE PARK,127-03 ROCKAWAY BLVD,https://www.ljrealtyteam.net,Overture Maps place 32735982-ece8-4494-b87c-d7ad3521bf6b (name match 100.0) + firm website https://www.ljrealtyteam.net,2026-10-09,
LONG ISLAND HOME PROPERTIES LLC,(631) 676-4663,medium,49,https://data.ny.gov/api/views/yg7h-zjbf/rows.csv?accessType=DOWNLOAD,NY,HOLBROOK,310 E MAIN ST,https://www.longislandhp.com/,Overture Maps place c8ee3f4e-0c7a-4750-b4b5-0fbef05f535c (name match 100.0),2026-10-09,
MADISON ESTATES SOTHEBYS INTERNATIONAL REALTY,(718) 645-1665,medium,39,https://data.ny.gov/api/views/yg7h-zjbf/rows.csv?accessType=DOWNLOAD,NY,BROOKLYN,2922 AVE R,www.mesothebysrealty.com,Overture Maps place 8f31bfb9-c452-4bde-81f5-a8f273ade58a (name match 100.0),2026-10-09,
MARY JANE PASTOR REALTY,(914) 682-1799,high,36,https://data.ny.gov/api/views/yg7h-zjbf/rows.csv?accessType=DOWNLOAD,NY,HARTSDALE,60 E HARTSDALE AVE,http://www.MJPastorRealty.com/,Overture Maps place 2e88b282-d023-4036-b642-d1668c7fc6b9 (name match 100.0) + firm website http://www.MJPastorRealty.com/,2026-10-09,
MERRILL L THOMAS INC,(518) 523-2519,high,42,https://data.ny.gov/api/views/yg7h-zjbf/rows.csv?accessType=DOWNLOAD,NY,LAKE PLACID,2469 MAIN ST,https://www.adirondackestates.com/,Overture Maps place 56e5b74b-fd75-4b16-ac55-d53a080207b2 (name match 100.0) + firm website https://www.adirondackestates.com/,2026-10-09,
METROPOLITAN PROPERTY GROUP INC,(212) 353-2003,high,73,https://data.ny.gov/api/views/yg7h-zjbf/rows.csv?accessType=DOWNLOAD,NY,NEW YORK,184 FIFTH AVE 3RD FL,http://www.metropolitanpropertygroup.com/,firm website http://www.metropolitanpropertygroup.com/ (tel on /); Overture Maps place d9a12997-fc7f-441c-abb4-080f04297950 (name match 100.0),2026-10-09,
MIGRATE REALTY LLC,(631) 699-5011,high,39,https://data.ny.gov/api/views/yg7h-zjbf/rows.csv?accessType=DOWNLOAD,NY,BOHEMIA,1087 SMITHTOWN AVENUE,https://www.migraterealty.com,Overture Maps place 5d915f2c-d22e-43f8-b7e2-f24aa129aed8 (name match 100.0) + firm website https://www.migraterealty.com,2026-10-09,
MODERN SPACES,(718) 784-1110,medium,74,https://data.ny.gov/api/views/yg7h-zjbf/rows.csv?accessType=DOWNLOAD,NY,LONG ISLAND CITY,47 42 VERNON BLVD,,Overture Maps place 912e3e9a-12e5-47d2-8d9b-de20df5edb0e (name match 100.0),2026-10-09,
PIERE MICHEL,(914) 447-8743,high,62,https://data.ny.gov/api/views/yg7h-zjbf/rows.csv?accessType=DOWNLOAD,NY,NEW YORK,360 7TH AVE,http://www.pieremichel.com/,Overture Maps place 319fb99e-6c49-4685-98a8-b32f716188ed (name match 100.0) + firm website http://www.pieremichel.com/,2026-10-09,
PRIME REALTY,(718) 229-2922,medium,70,https://data.ny.gov/api/views/yg7h-zjbf/rows.csv?accessType=DOWNLOAD,NY,LITTLE NECK,250-02 NORTHERN BLVD,http://www.myprimerealtor.com/,Overture Maps place 041420f5-866a-4c8a-83f5-1812ebe440da (name match 100.0),2026-10-09,
Q HOME SALES,(845) 357-4663,medium,54,https://data.ny.gov/api/views/yg7h-zjbf/rows.csv?accessType=DOWNLOAD,NY,POMONA,1609 ROUTE 202,http://qhomesales.com/,Overture Maps place 3591e280-578b-4c0a-aec2-3ef352c7c672 (name match 100.0),2026-10-09,
RAND COMMERCIAL,(845) 770-1285,high,54,https://data.ny.gov/api/views/yg7h-zjbf/rows.csv?accessType=DOWNLOAD,NY,NEW CITY,268 SOUTH MAIN ST STE B,https://www.randcommercial.com,firm website https://www.randcommercial.com (tel on /); Overture Maps place fcdc2dc0-8568-4d92-9161-8936c0ab7c7e (name match 100.0),2026-10-09,
RE MAX BENCHMARK REALTY GROUP,(845) 565-0004,medium,43,https://data.ny.gov/api/views/yg7h-zjbf/rows.csv?accessType=DOWNLOAD,NY,NEW WINDSOR,367 TEMPLE HILL ROAD,http://benchmarkrealtyny.com/,Overture Maps place c367b5c3-c664-4b0e-8afc-c110b51fd3b2 (name match 100.0),2026-10-09,
RE MAX DISTINGUISHED HOMES & PROPERTIES,(914) 346-8255,medium,41,https://data.ny.gov/api/views/yg7h-zjbf/rows.csv?accessType=DOWNLOAD,NY,TUCKAHOE,273 COLUMBUS AVENUE,https://www.remax.com,Overture Maps place d64c86cc-0e1a-4bdc-8adc-4015cfdb4400 (name match 100.0),2026-10-09,
REAL ESTATE ADVANTAGE,(716) 484-2020,medium,42,https://data.ny.gov/api/views/yg7h-zjbf/rows.csv?accessType=DOWNLOAD,NY,JAMESTOWN,800 FAIRMOUNT AVE W E,https://www.reahomesearch.com,Overture Maps place 7e175f17-2b32-46e8-876e-122aa6288bb9 (name match 100.0),2026-10-09,
REALTY ONE GROUP EMPOWER,(716) 899-4663,medium,49,https://data.ny.gov/api/views/yg7h-zjbf/rows.csv?accessType=DOWNLOAD,NY,BUFFALO,451 ELMWOOD AVE,http://rogempower.com/,Overture Maps place 5a894361-3e43-4c6b-b69e-df003f9da7c5 (name match 100.0),2026-10-09,
REALTY ONE GROUP KEY,(518) 630-5360,high,65,https://data.ny.gov/api/views/yg7h-zjbf/rows.csv?accessType=DOWNLOAD,NY,CLIFTON PARK,635 PLANK RD,http://www.rogkey.com/,Overture Maps place 96c9ff73-373c-47e8-8160-61c901cf295c (name match 100.0) + firm website http://www.rogkey.com/,2026-10-09,
RED DOOR REAL ESTATE WNY LLC,(716) 768-1177,high,38,https://data.ny.gov/api/views/yg7h-zjbf/rows.csv?accessType=DOWNLOAD,NY,BUFFALO,485 PORTER AVE,http://reddoorwny.com/,Overture Maps place 62b972eb-c48d-4fa7-b7e8-0053f6f71e01 (name match 100.0) + firm website http://reddoorwny.com/,2026-10-09,
RELO REDAC INC,(212) 355-0011,medium,51,https://data.ny.gov/api/views/yg7h-zjbf/rows.csv?accessType=DOWNLOAD,NY,NEW YORK,1010 AVENUE OF THE AMERICAS,www.reloredac.com,Overture Maps place fb679991-838e-49f6-ae40-681fc8600aff (name match 100.0),2026-10-09,
REVIVED RESIDENTIAL,(347) 702-3316,medium,37,https://data.ny.gov/api/views/yg7h-zjbf/rows.csv?accessType=DOWNLOAD,NY,NEW YORK,300 EAST 56TH ST,,Overture Maps place 2bbd7b9c-933b-4ab7-9040-3bc195bafd51 (name match 100.0),2026-10-09,
RIVER HILLS PROPERTIES LLC,(315) 896-1009,medium,40,https://data.ny.gov/api/views/yg7h-zjbf/rows.csv?accessType=DOWNLOAD,NY,BARNEVELD,8211 STATE ROUTE 12,http://www.riverhillspropertiesllc.com,Overture Maps place 31c63d16-ec4f-4aa0-8a90-0a14387a27f3 (name match 100.0),2026-10-09,
RIVER REALTY SERVICES INC,(845) 564-2800,medium,37,https://data.ny.gov/api/views/yg7h-zjbf/rows.csv?accessType=DOWNLOAD,NY,NEW WINDSOR,117 EXECUTIVE DR STE 100,www.riverrealty.com,Overture Maps place 1d19fff3-37ef-4b2f-9699-6bec11af65c5 (name match 100.0),2026-10-09,
ROOHAN REALTY,(518) 587-4500,high,45,https://data.ny.gov/api/views/yg7h-zjbf/rows.csv?accessType=DOWNLOAD,NY,SARATOGA SPRINGS,519 BROADWAY,http://www.roohanrealty.com/,Overture Maps place 1677b7ab-6805-408d-bde9-11aec61c9c46 (name match 100.0) + firm website http://www.roohanrealty.com/,2026-10-09,
SIGNATURE PROPERTIES LLC,(607) 796-9817,high,40,https://data.ny.gov/api/views/yg7h-zjbf/rows.csv?accessType=DOWNLOAD,NY,HORSEHEADS,506 S MAIN ST,http://www.signaturepropertiesre.com,Overture Maps place a89fa44a-87a9-45fd-ba21-a6a149051476 (name match 100.0) + firm website http://www.signaturepropertiesre.com,2026-10-09,
STEPHEN JOSEPH PROPERTIES,(516) 809-9288,medium,38,https://data.ny.gov/api/views/yg7h-zjbf/rows.csv?accessType=DOWNLOAD,NY,MASSAPEQUA PARK,125 FRONT ST,https://www.sjphomes.com,Overture Maps place 8eed8e50-1a56-4908-bf14-2ca1036c26a8 (name match 100.0),2026-10-09,
SYMPHONY REAL ESTATE LLC,(315) 402-0208,high,40,https://data.ny.gov/api/views/yg7h-zjbf/rows.csv?accessType=DOWNLOAD,NY,BUFFALO,2 SYMPHONY CIR,https://www.symphonyofhomes.com/,firm website https://www.symphonyofhomes.com/ (text on /); Overture Maps place 6b1f4166-2930-4408-8d06-17204a3f1403 (name match 100.0),2026-10-09,
TIME EQUITIES INC,(212) 206-6000,medium,45,https://data.ny.gov/api/views/yg7h-zjbf/rows.csv?accessType=DOWNLOAD,NY,NEW YORK,55 5TH AVE,,Overture Maps place 0d4ac1bf-3618-441c-a37a-b2dcb3e17ca9 (name match 100.0),2026-10-09,
TOWNE HOUSING REAL ESTATE,(716) 264-4135,high,38,https://data.ny.gov/api/views/yg7h-zjbf/rows.csv?accessType=DOWNLOAD,NY,BUFFALO,344 DELAWARE AVE,http://www.townehousing.com/,Overture Maps place 9181609f-783b-4db9-9ab6-b96908dc277c (name match 100.0) + firm website http://www.townehousing.com/,2026-10-09,
VANTAGE REALTY PARTNERS,(631) 562-0606,high,66,https://data.ny.gov/api/views/yg7h-zjbf/rows.csv?accessType=DOWNLOAD,NY,PORT JEFFERSON,125 W BROADWAY,http://www.VantageRealtyPartners.com/,Overture Maps place c1e2c0ba-eaa7-4004-a208-b2a9242fbb43 (name match 100.0) + firm website http://www.VantageRealtyPartners.com/,2026-10-09,
WILLIAM RAVEIS HAMPTONS LLC,(631) 324-8080,medium,70,https://data.ny.gov/api/views/yg7h-zjbf/rows.csv?accessType=DOWNLOAD,NY,EAST HAMPTON,46 MAIN STREET,http://raveis.com/,Overture Maps place c56c5bc3-3ed2-4f89-b076-8a8960f5a844 (name match 100.0),2026-10-09,
"ADENA COMMERCIAL, LLC",(614) 436-9800,medium,57,https://elicense3.com.ohio.gov/Lookup/GenerateRoster.aspx (Real Estate and Profession Licensing roster),OH,COLUMBUS,2 MIRANOVA PL STE 900,,Overture Maps place 4998d7df-c05c-4949-a437-7d2e750419f0 (name match 100.0),2026-10-09,
BURGAN REAL ESTATE LTD INC,(330) 783-0055,medium,35,https://elicense3.com.ohio.gov/Lookup/GenerateRoster.aspx (Real Estate and Profession Licensing roster),OH,BOARDMAN,5335 MARKET ST,http://www.burganrealestate.com/,Overture Maps place ab097afc-c429-4d8c-86b6-a4bcabdeb170 (name match 100.0),2026-10-09,
CAROL GOFF & ASSOCIATES LLC,(740) 454-6777,medium,62,https://elicense3.com.ohio.gov/Lookup/GenerateRoster.aspx (Real Estate and Profession Licensing roster),OH,ZANESVILLE,1108 MAPLE AVE,http://www.century21.com,Overture Maps place 8c5649de-f5cb-4629-95f8-026f0a736885 (name match 100.0),2026-10-09,
"DI LUSSO REAL ESTATE, LTD",(614) 980-9400,high,53,https://elicense3.com.ohio.gov/Lookup/GenerateRoster.aspx (Real Estate and Profession Licensing roster),OH,COLUMBUS,260 SHALE RIDGE CT,http://dilussorealestate.com/,firm website http://dilussorealestate.com/ (text on /); Overture Maps place dc5878fa-564b-4b56-b0da-390dbd494e28 (address match 93),2026-10-09,
DREAM HUGE REALTY LLC,(419) 528-8260,high,50,https://elicense3.com.ohio.gov/Lookup/GenerateRoster.aspx (Real Estate and Profession Licensing roster),OH,MANSFIELD,1336 PARK AVE W,https://www.dreamhuge.com/,Overture Maps place cb638b8c-1319-4ac7-97e5-8eb8f19de703 (name match 100.0) + firm website https://www.dreamhuge.com/,2026-10-09,
HARING REALTY INC,(419) 756-8383,medium,42,https://elicense3.com.ohio.gov/Lookup/GenerateRoster.aspx (Real Estate and Profession Licensing roster),OH,MANSFIELD,1180 LEXINGTON AVE,http://www.haringrealty.com/,Overture Maps place c7a66208-2216-4af5-9fec-99c0b65ffd0c (name match 100.0),2026-10-09,
HAVEN REALTY INC,(216) 332-0456,low,35,https://elicense3.com.ohio.gov/Lookup/GenerateRoster.aspx (Real Estate and Profession Licensing roster),OH,GARFIELD HEIGHTS,5306 TRANSPORTATION BLVD,https://www.remax.com,Overture Maps place ff616ef3-e0d9-4285-9cae-f4d9053928ca (address match 100),2026-10-09,Overture listing name includes extra words (may be an individual agent's listing / personal cell)
"HAYES REALTY, INC.",(330) 491-9801,medium,35,https://elicense3.com.ohio.gov/Lookup/GenerateRoster.aspx (Real Estate and Profession Licensing roster),OH,CANTON,4368 DRESSLER RD NW STE 104,http://hayesrealty.com,Overture Maps place 61033745-be7d-4322-a94a-5a5bdda07778 (name match 100.0),2026-10-09,
HOME CENTRAL REALTY LLC,(614) 216-0426,medium,41,https://elicense3.com.ohio.gov/Lookup/GenerateRoster.aspx (Real Estate and Profession Licensing roster),OH,WESTERVILLE,897 EASTWIND DR,http://www.HomeCentralRealty.com/,Overture Maps place 5659bd81-51b5-44a9-bbe3-8bbd0c42f320 (name match 100.0),2026-10-09,
"KAUFMAN REALTY & AUCTION, LLC",(330) 852-4111,medium,71,https://elicense3.com.ohio.gov/Lookup/GenerateRoster.aspx (Real Estate and Profession Licensing roster),OH,SUGARCREEK,1047 W MAIN ST,https://www.kaufmanrealty.com,Overture Maps place a39fd379-69c9-4b36-ba27-bb1cfdce898a (name match 97.14285714285714),2026-10-09,
"LEPI & ASSOCIATES, LLC",(740) 455-3730,medium,40,https://elicense3.com.ohio.gov/Lookup/GenerateRoster.aspx (Real Estate and Profession Licensing roster),OH,ZANESVILLE,1257 MAPLE AVE,https://linktr.ee/lepirealestate,Overture Maps place 6a3152a5-57d5-4203-9b14-1e5857403f9b (name match 100.0),2026-10-09,
MARCUS & MILLICHAP REAL ESTATE INVESTMENT SERVICES,(614) 360-9800,low,63,https://elicense3.com.ohio.gov/Lookup/GenerateRoster.aspx (Real Estate and Profession Licensing roster),OH,COLUMBUS,500 NEIL AVE STE 100,https://www.marcusmillichap.com/about-us/offices/columbus-ohio,Overture Maps place 632dbf1b-962d-4f6a-825d-96e249919b49 (address match 100),2026-10-09,Overture listing name includes extra words (may be an individual agent's listing / personal cell)
OHIO FAMILY REALTY INC.,(440) 731-8070,medium,39,https://elicense3.com.ohio.gov/Lookup/GenerateRoster.aspx (Real Estate and Profession Licensing roster),OH,ELYRIA,125 HILLIARD RD,https://ohiofamilyrealty.com,Overture Maps place 70a38add-955c-4a44-bf2c-696dddeb0737 (name match 100.0),2026-10-09,
RISE REALTY AND MANAGEMENT CO.,(740) 654-5552,medium,70,https://elicense3.com.ohio.gov/Lookup/GenerateRoster.aspx (Real Estate and Profession Licensing roster),OH,LANCASTER,355 E MAIN ST,http://www.riserealtyco.com/,Overture Maps place b049120f-d467-4f27-ba7c-10832296e734 (name match 100.0),2026-10-09,
"ROLLS REALTY, LLC",(614) 792-5662,high,38,https://elicense3.com.ohio.gov/Lookup/GenerateRoster.aspx (Real Estate and Profession Licensing roster),OH,POWELL,6706 HARRIOTT RD,http://www.rollsrealty.com/,Overture Maps place 7bc88de5-40d5-4251-8a79-49e13d858665 (name match 100.0) + firm website http://www.rollsrealty.com/,2026-10-09,
SLUSS REALTY CO,(419) 529-3047,high,73,https://elicense3.com.ohio.gov/Lookup/GenerateRoster.aspx (Real Estate and Profession Licensing roster),OH,ONTARIO,1641 PARK AVE W,http://www.slussrealty.com/,Overture Maps place e055423b-6036-43e1-9961-338a1a9b1fdf (name match 100.0) + firm website http://www.slussrealty.com/,2026-10-09,
"THE RAINES GROUP, INC.",(614) 924-9000,high,40,https://elicense3.com.ohio.gov/Lookup/GenerateRoster.aspx (Real Estate and Profession Licensing roster),OH,NEW ALBANY,6525 W CAMPUS OVAL STE 200,https://www.therainesgroup.com,Overture Maps place fb245215-f4a9-474b-937c-e9ea6c532320 (name match 100.0) + firm website https://www.therainesgroup.com,2026-10-09,
"THE WESTWOOD REAL ESTATE CO., LTD.",(614) 599-6100,medium,36,https://elicense3.com.ohio.gov/Lookup/GenerateRoster.aspx (Real Estate and Profession Licensing roster),OH,HILLIARD,3914 BROWN PARK DR,http://www.redonerealty.com/,Overture Maps place 99f39da4-31c4-4663-9471-3927fc1018ae (name match 100.0),2026-10-09,
"(W)HERE, INC.",(503) 292-6907,medium,52,https://orea.elicense.micropact.com/Lookup/GenerateRoster.aspx (Active Individuals + Active Businesses rosters),OR,PORTLAND,4475 SW SCHOLLS FERRY RD #110,,regulator firm record (https://orea.elicense.micropact.com/Lookup/GenerateRoster.aspx),2026-10-09,
1 BERKSHIRE HATHAWAY HOMESERVICES NORTHWEST REAL ESTATE,(541) 322-8880,high,40,https://orea.elicense.micropact.com/Lookup/GenerateRoster.aspx (Active Individuals + Active Businesses rosters),OR,BEND,"805 SW INDUSTRIAL WAY, SUITE 10",https://centraloregon.bhhsnw.com/,regulator firm record (https://orea.elicense.micropact.com/Lookup/GenerateRoster.aspx) + Overture Maps place 08c2cdc2-a572-49ce-9017-934e0e0cab8b (name match 97.61904761904762),2026-10-09,
ALL PROFESSIONALS REAL ESTATE LLC,(503) 259-2100,high,38,https://orea.elicense.micropact.com/Lookup/GenerateRoster.aspx (Active Individuals + Active Businesses rosters),OR,BEAVERTON,20001 SW TV HWY,https://www.allprofessionalsre.com,regulator firm record (https://orea.elicense.micropact.com/Lookup/GenerateRoster.aspx) + firm website https://www.allprofessionalsre.com,2026-10-09,
BELLA CASA REAL ESTATE GROUP,(503) 437-9005,high,35,https://orea.elicense.micropact.com/Lookup/GenerateRoster.aspx (Active Individuals + Active Businesses rosters),OR,MCMINNVILLE,207 NE 19TH ST STE 100,http://www.thebellacasagroup.com/,regulator firm record (https://orea.elicense.micropact.com/Lookup/GenerateRoster.aspx) + firm website http://www.thebellacasagroup.com/,2026-10-09,
BETTER HOMES AND GARDENS REAL ESTATE EQUINOX,(541) 683-2200,high,41,https://orea.elicense.micropact.com/Lookup/GenerateRoster.aspx (Active Individuals + Active Businesses rosters),OR,EUGENE,360 E 11TH AVE,equinoxrealestate.com,regulator firm record (https://orea.elicense.micropact.com/Lookup/GenerateRoster.aspx) + firm website equinoxrealestate.com,2026-10-09,
BETTER HOMES AND GARDENS REAL ESTATE REALTY PARTNERS,(503) 698-6600,high,51,https://orea.elicense.micropact.com/Lookup/GenerateRoster.aspx (Active Individuals + Active Businesses rosters),OR,CLACKAMAS,12550 SE 93RD AVE STE 120,bhgrealtypartners.com,regulator firm record (https://orea.elicense.micropact.com/Lookup/GenerateRoster.aspx) + Overture Maps place 9abead46-47a2-41a1-874c-7cdea394bdba (name match 100.0),2026-10-09,
"CAPACITY COMMERCIAL GROUP, LLC",(503) 326-9000,high,52,https://orea.elicense.micropact.com/Lookup/GenerateRoster.aspx (Active Individuals + Active Businesses rosters),OR,PORTLAND,805 SW BROADWAY SUITE 600,http://www.capacitycommercial.com/,regulator firm record (https://orea.elicense.micropact.com/Lookup/GenerateRoster.aspx) + firm website http://www.capacitycommercial.com/,2026-10-09,
"CASCADE REAL ESTATE CONSULTANTS, LLC",(541) 383-7600,medium,50,https://orea.elicense.micropact.com/Lookup/GenerateRoster.aspx (Active Individuals + Active Businesses rosters),OR,BEND,650 SW BOND ST STE 100,,regulator firm record (https://orea.elicense.micropact.com/Lookup/GenerateRoster.aspx),2026-10-09,
"CBRE, INC.",(503) 221-1900,high,62,https://orea.elicense.micropact.com/Lookup/GenerateRoster.aspx (Active Individuals + Active Businesses rosters),OR,PORTLAND,1300 SW FIFTH AVE SUITE 3500,https://www.cbre.com/offices/corporate/portland-or?utm_medium=organic&utm_source=bing&utm_campaign=yext_local_listings,regulator firm record (https://orea.elicense.micropact.com/Lookup/GenerateRoster.aspx) + Overture Maps place 89d6d9fa-25d9-4570-8101-34a1470d2fc4 (name match 100.0),2026-10-09,
CENTURY 21 NORTH HOMES REALTY,(503) 652-2260,medium,59,https://orea.elicense.micropact.com/Lookup/GenerateRoster.aspx (Active Individuals + Active Businesses rosters),OR,CLACKAMAS,12901 SE 97TH AVE STE 210,,regulator firm record (https://orea.elicense.micropact.com/Lookup/GenerateRoster.aspx),2026-10-09,
"COLDWELL BANKER MOUNTAIN WEST REAL ESTATE, INC.",(503) 364-9596,high,39,https://orea.elicense.micropact.com/Lookup/GenerateRoster.aspx (Active Individuals + Active Businesses rosters),OR,SALEM,235 UNION ST NE,https://coldwellbankermountainwest.com/,regulator firm record (https://orea.elicense.micropact.com/Lookup/GenerateRoster.aspx) + firm website https://coldwellbankermountainwest.com/,2026-10-09,
"COLLIERS INTERNATIONAL OR, LLC",(503) 223-3123,high,38,https://orea.elicense.micropact.com/Lookup/GenerateRoster.aspx (Active Individuals + Active Businesses rosters),OR,PORTLAND,851 SW 6TH AVE STE 1600,http://www.colliers.com/portland,regulator firm record (https://orea.elicense.micropact.com/Lookup/GenerateRoster.aspx) + Overture Maps place ac0c22b2-360e-496b-917c-7eb2dead394e (name match 93.61702127659575),2026-10-09,
ELEETE REAL ESTATE,(503) 292-1500,high,38,https://orea.elicense.micropact.com/Lookup/GenerateRoster.aspx (Active Individuals + Active Businesses rosters),OR,PORTLAND,9200 SW BARNES RD,http://eleeterealestate.com/,regulator firm record (https://orea.elicense.micropact.com/Lookup/GenerateRoster.aspx) + firm website http://eleeterealestate.com/,2026-10-09,
EPIQUE REALTY,(503) 819-9191,medium,40,https://orea.elicense.micropact.com/Lookup/GenerateRoster.aspx (Active Individuals + Active Businesses rosters),OR,PORTLAND,10260 SW GREENBURG RD FL 4,,regulator firm record (https://orea.elicense.micropact.com/Lookup/GenerateRoster.aspx),2026-10-09,
EQUITY OREGON REAL ESTATE,(503) 704-9280,medium,61,https://orea.elicense.micropact.com/Lookup/GenerateRoster.aspx (Active Individuals + Active Businesses rosters),OR,CANBY,"181 N GRANT ST, SUITE #105",http://equityoregon.com/,regulator firm record (https://orea.elicense.micropact.com/Lookup/GenerateRoster.aspx),2026-10-09,
EQUITY REFERRAL SERVICES,(503) 670-3000,medium,62,https://orea.elicense.micropact.com/Lookup/GenerateRoster.aspx (Active Individuals + Active Businesses rosters),OR,BEAVERTON,9790 SW NIMBUS AVENUE,,regulator firm record (https://orea.elicense.micropact.com/Lookup/GenerateRoster.aspx),2026-10-09,
"FISHER NICHOLSON REALTY, LLC",(541) 884-1717,high,38,https://orea.elicense.micropact.com/Lookup/GenerateRoster.aspx (Active Individuals + Active Businesses rosters),OR,KLAMATH FALLS,403 MAIN ST,https://www.fnrhomes.com,regulator firm record (https://orea.elicense.micropact.com/Lookup/GenerateRoster.aspx) + Overture Maps place faf84c30-160d-494e-8463-57e9641cf44a (name match 100.0),2026-10-09,
HARCOURTS THE GARNER GROUP REAL ESTATE,(541) 383-4360,high,48,https://orea.elicense.micropact.com/Lookup/GenerateRoster.aspx (Active Individuals + Active Businesses rosters),OR,BEND,2762 NW CROSSING DR,http://www.thegarnergroup.com,regulator firm record (https://orea.elicense.micropact.com/Lookup/GenerateRoster.aspx) + firm website http://www.thegarnergroup.com,2026-10-09,
ICON REAL ESTATE GROUP,(541) 915-2080,medium,59,https://orea.elicense.micropact.com/Lookup/GenerateRoster.aspx (Active Individuals + Active Businesses rosters),OR,EUGENE,2655 WILLAMETTE ST,,regulator firm record (https://orea.elicense.micropact.com/Lookup/GenerateRoster.aspx),2026-10-09,
JOHN L SCOTT BEND,(541) 317-0123,medium,52,https://orea.elicense.micropact.com/Lookup/GenerateRoster.aspx (Active Individuals + Active Businesses rosters),OR,BEND,50 SW BOND STREET SUITE 1,,regulator firm record (https://orea.elicense.micropact.com/Lookup/GenerateRoster.aspx),2026-10-09,
JOHN L. SCOTT - ASHLAND,(541) 890-1929,medium,49,https://orea.elicense.micropact.com/Lookup/GenerateRoster.aspx (Active Individuals + Active Businesses rosters),OR,ASHLAND,320 E MAIN ST,,regulator firm record (https://orea.elicense.micropact.com/Lookup/GenerateRoster.aspx),2026-10-09,
JOHN L. SCOTT MARKET CENTER,(503) 844-9800,medium,47,https://orea.elicense.micropact.com/Lookup/GenerateRoster.aspx (Active Individuals + Active Businesses rosters),OR,FOREST GROVE,1936 PACIFIC AVE.,,regulator firm record (https://orea.elicense.micropact.com/Lookup/GenerateRoster.aspx),2026-10-09,
JOHN L. SCOTT REAL ESTATE GRANTS PASS,(541) 476-1299,medium,41,https://orea.elicense.micropact.com/Lookup/GenerateRoster.aspx (Active Individuals + Active Businesses rosters),OR,GRANTS PASS,705 NE 7TH ST,,regulator firm record (https://orea.elicense.micropact.com/Lookup/GenerateRoster.aspx),2026-10-09,
JOHN L. SCOTT-SLM,(503) 585-0100,medium,36,https://orea.elicense.micropact.com/Lookup/GenerateRoster.aspx (Active Individuals + Active Businesses rosters),OR,SALEM,725 COMMERCIAL ST SE,,regulator firm record (https://orea.elicense.micropact.com/Lookup/GenerateRoster.aspx),2026-10-09,
"JONES LANG LASALLE AMERICAS, INC",(503) 972-8000,medium,41,https://orea.elicense.micropact.com/Lookup/GenerateRoster.aspx (Active Individuals + Active Businesses rosters),OR,PORTLAND,1120 NW COUCH ST STE 500,,regulator firm record (https://orea.elicense.micropact.com/Lookup/GenerateRoster.aspx),2026-10-09,
KELLER WILLIAMS CAPITAL CITY,(503) 798-4001,medium,59,https://orea.elicense.micropact.com/Lookup/GenerateRoster.aspx (Active Individuals + Active Businesses rosters),OR,SALEM,1760 LIBERTY ST. SE,https://tmjarrett.kw.com/,regulator firm record (https://orea.elicense.micropact.com/Lookup/GenerateRoster.aspx),2026-10-09,
KELLER WILLIAMS PREMIER PARTNERS,(360) 693-3336,medium,68,https://orea.elicense.micropact.com/Lookup/GenerateRoster.aspx (Active Individuals + Active Businesses rosters),OR,CLACKAMAS,9200 SE SUNNYBROOK BLVD STE 205,,regulator firm record (https://orea.elicense.micropact.com/Lookup/GenerateRoster.aspx),2026-10-09,
KELLER WILLIAMS REALTY PORTLAND ELITE,(503) 516-1637,medium,66,https://orea.elicense.micropact.com/Lookup/GenerateRoster.aspx (Active Individuals + Active Businesses rosters),OR,CLACKAMAS,9200 SE SUNNYBROOK BLVD #205,https://portlandelite.kw.com/,regulator firm record (https://orea.elicense.micropact.com/Lookup/GenerateRoster.aspx),2026-10-09,
KIDDER MATHEWS,(503) 221-9900,high,48,https://orea.elicense.micropact.com/Lookup/GenerateRoster.aspx (Active Individuals + Active Businesses rosters),OR,PORTLAND,101 SW MAIN ST STE 1200,https://kidder-mathews.talentify.io,regulator firm record (https://orea.elicense.micropact.com/Lookup/GenerateRoster.aspx) + Overture Maps place c42c1127-faa2-4ed3-822e-dd3500b294ff (name match 100.0),2026-10-09,
"KNIGHTSBRIDGE INTERNATIONAL REAL ESTATE, LLC",(541) 312-2113,high,35,https://orea.elicense.micropact.com/Lookup/GenerateRoster.aspx (Active Individuals + Active Businesses rosters),OR,BEND,920 NW BOND ST STE 107,https://amandawrenn1.realscout.com/homesearch/listings/p-60122-cascade-lakes-bend-97702-ordataspark-814,regulator firm record (https://orea.elicense.micropact.com/Lookup/GenerateRoster.aspx) + Overture Maps place 784cf1d0-11ac-4092-84f3-b9e0359439ca (name match 100.0),2026-10-09,
LENNAR SALES CORP,(360) 258-7900,medium,42,https://orea.elicense.micropact.com/Lookup/GenerateRoster.aspx (Active Individuals + Active Businesses rosters),OR,LAKE OSWEGO,6 CELLINI CT,,regulator firm record (https://orea.elicense.micropact.com/Lookup/GenerateRoster.aspx),2026-10-09,
MATIN REAL ESTATE,(503) 447-3599,medium,62,https://orea.elicense.micropact.com/Lookup/GenerateRoster.aspx (Active Individuals + Active Businesses rosters),OR,WEST LINN,18825 WILLAMETTE DRIVE,https://www.matinrealestate.com/,regulator firm record (https://orea.elicense.micropact.com/Lookup/GenerateRoster.aspx),2026-10-09,
MOVE REAL ESTATE INC.,(503) 836-2010,high,61,https://orea.elicense.micropact.com/Lookup/GenerateRoster.aspx (Active Individuals + Active Businesses rosters),OR,OREGON CITY,216 6TH STREET,https://www.zillow.com/profile/BritGibbs,regulator firm record (https://orea.elicense.micropact.com/Lookup/GenerateRoster.aspx) + Overture Maps place 0961c05c-85b1-4408-a0dc-0abbb3662d1f (name match 100.0),2026-10-09,
"NW REFERRAL SERVICES, LLC",(503) 646-7826,medium,60,https://orea.elicense.micropact.com/Lookup/GenerateRoster.aspx (Active Individuals + Active Businesses rosters),OR,PORTLAND,9600 SW BARNES RD STE 100,,regulator firm record (https://orea.elicense.micropact.com/Lookup/GenerateRoster.aspx),2026-10-09,
OREGON REFERRAL PARTNERS LLC,(503) 748-8306,medium,46,https://orea.elicense.micropact.com/Lookup/GenerateRoster.aspx (Active Individuals + Active Businesses rosters),OR,PORTLAND,9755 SW BARNES RD,,regulator firm record (https://orea.elicense.micropact.com/Lookup/GenerateRoster.aspx),2026-10-09,
PACIFIC PROPERTIES,(541) 269-5263,high,55,https://orea.elicense.micropact.com/Lookup/GenerateRoster.aspx (Active Individuals + Active Businesses rosters),OR,COOS BAY,605 N BAYSHORE DR.,http://www.PacificPropertiesTeam.com/,regulator firm record (https://orea.elicense.micropact.com/Lookup/GenerateRoster.aspx) + Overture Maps place 72a3d0ca-1f09-477f-91d2-305a1daf82df (name match 100.0),2026-10-09,
"QUALITY REFERRALS, INC",(503) 419-3874,medium,45,https://orea.elicense.micropact.com/Lookup/GenerateRoster.aspx (Active Individuals + Active Businesses rosters),OR,PORTLAND,1205 NE MARTIN LUTHER KING JR BLVD,,regulator firm record (https://orea.elicense.micropact.com/Lookup/GenerateRoster.aspx),2026-10-09,
REALTY FIRST LLC,(503) 343-5825,high,61,https://orea.elicense.micropact.com/Lookup/GenerateRoster.aspx (Active Individuals + Active Businesses rosters),OR,LAKE OSWEGO,"5200 MEADOWS RD, STE 150",https://www.joinrealtyfirst.com/,regulator firm record (https://orea.elicense.micropact.com/Lookup/GenerateRoster.aspx) + firm website https://www.joinrealtyfirst.com/,2026-10-09,
REALTY ONE GROUP PRESTIGE,(503) 957-1179,high,52,https://orea.elicense.micropact.com/Lookup/GenerateRoster.aspx (Active Individuals + Active Businesses rosters),OR,BEAVERTON,15220 NW GREENBRIER PKWY STE 230,http://www.rogprestige.com/,regulator firm record (https://orea.elicense.micropact.com/Lookup/GenerateRoster.aspx) + firm website http://www.rogprestige.com/,2026-10-09,
REALTY REFERRAL,(503) 302-9642,medium,36,https://orea.elicense.micropact.com/Lookup/GenerateRoster.aspx (Active Individuals + Active Businesses rosters),OR,SALEM,5832 BALLYMEADE ST SE,,regulator firm record (https://orea.elicense.micropact.com/Lookup/GenerateRoster.aspx),2026-10-09,
REFERRAL RESOURCES LLC,(503) 220-1144,medium,51,https://orea.elicense.micropact.com/Lookup/GenerateRoster.aspx (Active Individuals + Active Businesses rosters),OR,PORTLAND,733 NW 20TH AVE,,regulator firm record (https://orea.elicense.micropact.com/Lookup/GenerateRoster.aspx),2026-10-09,
"REGER HOMES, LLC",(971) 808-8539,medium,40,https://orea.elicense.micropact.com/Lookup/GenerateRoster.aspx (Active Individuals + Active Businesses rosters),OR,PORTLAND,9775 SW WILSHIRE ST # 150,,regulator firm record (https://orea.elicense.micropact.com/Lookup/GenerateRoster.aspx),2026-10-09,
"SEKISUI HOUSE PNW, INC.",(503) 930-8018,medium,41,https://orea.elicense.micropact.com/Lookup/GenerateRoster.aspx (Active Individuals + Active Businesses rosters),OR,HAPPY VALLEY,10631 SE HERITAGE RD,,regulator firm record (https://orea.elicense.micropact.com/Lookup/GenerateRoster.aspx),2026-10-09,
SMI REAL ESTATE,(503) 390-6060,medium,40,https://orea.elicense.micropact.com/Lookup/GenerateRoster.aspx (Active Individuals + Active Businesses rosters),OR,KEIZER,3625 RIVER RD N STE 250,,regulator firm record (https://orea.elicense.micropact.com/Lookup/GenerateRoster.aspx),2026-10-09,
"SOLDERA PROPERTIES, INC.",(503) 334-1515,high,46,https://orea.elicense.micropact.com/Lookup/GenerateRoster.aspx (Active Individuals + Active Businesses rosters),OR,LAKE OSWEGO,525 3RD ST,http://www.SolderaProperties.com/,regulator firm record (https://orea.elicense.micropact.com/Lookup/GenerateRoster.aspx) + Overture Maps place 4837e29b-b15f-4174-956e-a99e6bd68d47 (name match 100.0),2026-10-09,
SUNDANCE REALTY LLC,(580) 583-1459,medium,46,https://orea.elicense.micropact.com/Lookup/GenerateRoster.aspx (Active Individuals + Active Businesses rosters),OR,LEBANON,PO BOX #770,,regulator firm record (https://orea.elicense.micropact.com/Lookup/GenerateRoster.aspx),2026-10-09,
THE AGENCY PORTLAND,(503) 297-2000,high,54,https://orea.elicense.micropact.com/Lookup/GenerateRoster.aspx (Active Individuals + Active Businesses rosters),OR,PORTLAND,500 SW 116 AVE,https://agencyportland.com/,regulator firm record (https://orea.elicense.micropact.com/Lookup/GenerateRoster.aspx) + firm website https://agencyportland.com/,2026-10-09,
THE NEIL COMPANY REAL ESTATE,(541) 673-4417,high,38,https://orea.elicense.micropact.com/Lookup/GenerateRoster.aspx (Active Individuals + Active Businesses rosters),OR,ROSEBURG,2245 STEWART PARKWAY,neilco.com,regulator firm record (https://orea.elicense.micropact.com/Lookup/GenerateRoster.aspx) + firm website neilco.com,2026-10-09,
THINK REAL ESTATE,(503) 847-2722,high,58,https://orea.elicense.micropact.com/Lookup/GenerateRoster.aspx (Active Individuals + Active Businesses rosters),OR,PORTLAND,212 SE 18TH AVE,https://www.think-portland.com,regulator firm record (https://orea.elicense.micropact.com/Lookup/GenerateRoster.aspx) + firm website https://www.think-portland.com,2026-10-09,
TRIPLE OAKS REALTY LLC,(541) 636-3666,high,52,https://orea.elicense.micropact.com/Lookup/GenerateRoster.aspx (Active Individuals + Active Businesses rosters),OR,EUGENE,1005 GREEN ACRES RD STE 101,https://tripleoaksrealty.com,regulator firm record (https://orea.elicense.micropact.com/Lookup/GenerateRoster.aspx) + firm website https://tripleoaksrealty.com,2026-10-09,
UNITED REAL ESTATE PROPERTIES,(541) 954-8600,medium,65,https://orea.elicense.micropact.com/Lookup/GenerateRoster.aspx (Active Individuals + Active Businesses rosters),OR,EUGENE,1580 VALLEY RIVER DRIVE SUITE 130,http://www.unitedrealestateproperties.com/,regulator firm record (https://orea.elicense.micropact.com/Lookup/GenerateRoster.aspx),2026-10-09,
URBAN NEST REALTY,(503) 432-8126,high,67,https://orea.elicense.micropact.com/Lookup/GenerateRoster.aspx (Active Individuals + Active Businesses rosters),OR,PORTLAND,6336 NE SANDY BLVD,http://urbannestpdx.com/,regulator firm record (https://orea.elicense.micropact.com/Lookup/GenerateRoster.aspx) + firm website http://urbannestpdx.com/,2026-10-09,
WINDERMERE REAL ESTATE/LANE COUNTY,(206) 527-3801,high,69,https://orea.elicense.micropact.com/Lookup/GenerateRoster.aspx (Active Individuals + Active Businesses rosters),OR,EUGENE,1600 OAK STREET,http://www.windermere.com/,firm website http://www.windermere.com/ (tel on /about); Overture Maps place c3e07254-f942-4cf9-9df3-aae8b682e6a6 (name match 100.0),2026-10-09,
WINDERMERE REALTY TRUST,(541) 388-0404,medium,58,https://orea.elicense.micropact.com/Lookup/GenerateRoster.aspx (Active Individuals + Active Businesses rosters),OR,BEND,807 SW INDUSTRIAL WAY,,regulator firm record (https://orea.elicense.micropact.com/Lookup/GenerateRoster.aspx),2026-10-09,
1ST CHOICE WEST LLC,(210) 310-3148,medium,59,https://data.texas.gov/api/views/s7ft-44qi/rows.csv?accessType=DOWNLOAD,TX,SAN ANTONIO,4414 CENTERVIEW DR (from Overture),http://migdaliaburns.1stchoicerealtysa.com/,Overture Maps place 93d192ef-44e3-4da9-a398-9c2d41d010bd (name match 100.0),2026-10-09,
"3D REALTY AND PROPERTY MANAGEMENT, LLC",(210) 276-0140,medium,50,https://data.texas.gov/api/views/s7ft-44qi/rows.csv?accessType=DOWNLOAD,TX,SAN ANTONIO,8200 I-10 STE 505 (from Overture),http://www.3drealtypm.com/,Overture Maps place 690915a1-23f3-4b1b-9cce-643f7c64b36c (name match 100.0),2026-10-09,
6TH AVE HOMES LLC,(817) 631-9803,high,46,https://data.texas.gov/api/views/s7ft-44qi/rows.csv?accessType=DOWNLOAD,TX,FORT WORTH,908 BRYAN AVE (from Overture),https://6thavehomes.com/,Overture Maps place 7bdae5d0-27e2-42f0-bc28-cb268be47cf9 (name match 100.0) + firm website https://6thavehomes.com/,2026-10-09,
B & W REALTY GROUP LLC,(832) 650-8888,medium,60,https://data.texas.gov/api/views/s7ft-44qi/rows.csv?accessType=DOWNLOAD,TX,HOUSTON,10300 WESTOFFICE DR STE 108 (from Overture),http://www.bandwrealtygroup.com/,Overture Maps place 508c1a6a-5b37-44ac-81ba-e8c0cc720c72 (name match 100.0),2026-10-09,
BENTWOOD REALTY LLC,(254) 300-4800,medium,49,https://data.texas.gov/api/views/s7ft-44qi/rows.csv?accessType=DOWNLOAD,TX,WACO,601 LAKE AIR DR (from Overture),http://www.bentwoodrealty.com/,Overture Maps place 8046800b-237a-4297-8031-0cbe96089563 (name match 100.0),2026-10-09,
"BERNSTEIN REALTY, INC.",(713) 932-1032,high,38,https://data.texas.gov/api/views/s7ft-44qi/rows.csv?accessType=DOWNLOAD,TX,HEDWIG VILLAGE,9575 KATY FWY #205 (from Overture),http://www.BernsteinRealty.com/,Overture Maps place fee20fe9-af78-4518-9ab4-ab7b2aa59526 (name match 100.0) + firm website http://www.BernsteinRealty.com/,2026-10-09,
"BRADEN REAL ESTATE GROUP, LLC",(832) 408-9882,medium,48,https://data.texas.gov/api/views/s7ft-44qi/rows.csv?accessType=DOWNLOAD,TX,HOUSTON,2000 CRAWFORD ST (from Overture),https://linktr.ee/bradenregroup?fbclid=PAAaZuyJkhWrpwofFI1BgwazEGcv-4ix6_k6RDCWv-Fr4ANSXUnN2fSmKPs_s,Overture Maps place cdc990fd-cd07-4775-9cc4-3e5db4a0ec27 (name match 100.0),2026-10-09,
"BROOKS & DAVIS REAL ESTATE FIRM, LLC",(713) 665-8329,high,41,https://data.texas.gov/api/views/s7ft-44qi/rows.csv?accessType=DOWNLOAD,TX,HOUSTON,2600 S LOOP FWY W (from Overture),http://www.brooksanddavisrealestatefirm.com/,Overture Maps place 8aef317e-a40d-4ac4-8fa6-f01e717b23e4 (name match 100.0) + firm website http://www.brooksanddavisrealestatefirm.com/,2026-10-09,
"CATTELL REAL ESTATE GROUP, INC.",(409) 899-2857,high,41,https://data.texas.gov/api/views/s7ft-44qi/rows.csv?accessType=DOWNLOAD,TX,BEAUMONT,350 PINE ST #220 (from Overture),http://www.myopenhouse.com/,Overture Maps place 67ade12a-0aae-4961-957a-dc3f65ff21fc (name match 100.0) + firm website http://www.myopenhouse.com/,2026-10-09,
CITIWIDE ALLIANCE REALTY LLC,(469) 877-9632,medium,49,https://data.texas.gov/api/views/s7ft-44qi/rows.csv?accessType=DOWNLOAD,TX,DALLAS,3839 MCKINNEY AVE (from Overture),http://www.imogeneharris.com,Overture Maps place 3d6ce0eb-0adc-4b73-be1d-0f523ba15e50 (name match 100.0),2026-10-09,
DEN PROPERTY GROUP LLC,(512) 222-3364,medium,37,https://data.texas.gov/api/views/s7ft-44qi/rows.csv?accessType=DOWNLOAD,TX,AUSTIN,317 W 3RD ST (from Overture),http://www.denaustin.com/,Overture Maps place 7aa80184-91bb-44ab-9786-e99bd5d6d066 (name match 100.0),2026-10-09,
"DFWCITYHOMES, LLC",(214) 207-0210,high,42,https://data.texas.gov/api/views/s7ft-44qi/rows.csv?accessType=DOWNLOAD,TX,DALLAS,9243 VINEWOOD DR (from Overture),https://dfwcityhomes.com/,Overture Maps place dd97421c-0222-4eea-9536-9558e85c335f (name match 100.0) + firm website https://dfwcityhomes.com/,2026-10-09,
ELEVATE REALTY GROUP INC,(817) 736-5757,medium,35,https://data.texas.gov/api/views/s7ft-44qi/rows.csv?accessType=DOWNLOAD,TX,GRANBURY,5353 ACTON HWY  STE C (from Overture),https://elevaterealtygroup.com,Overture Maps place 964f6aec-9243-461f-8b26-cf3517eee09c (name match 100.0),2026-10-09,
ELITE LIVING REALTY LLC,(214) 506-0634,medium,38,https://data.texas.gov/api/views/s7ft-44qi/rows.csv?accessType=DOWNLOAD,TX,DALLAS,13155 NOEL RD  STE 900 (from Overture),,Overture Maps place fa624d3f-e969-487b-8eac-ef9a4155a63f (name match 100.0),2026-10-09,
EVOLVE REAL ESTATE LLC,(972) 806-1742,medium,50,https://data.texas.gov/api/views/s7ft-44qi/rows.csv?accessType=DOWNLOAD,TX,DALLAS,3111 COLE AVE STE 203 (from Overture),https://www.evolvere.com,Overture Maps place da1946bc-7e17-445a-beeb-547dbc902689 (name match 100.0),2026-10-09,
FORE PREMIER PROPERTIES LLC,(830) 257-4000,high,71,https://data.texas.gov/api/views/s7ft-44qi/rows.csv?accessType=DOWNLOAD,TX,KERRVILLE,804 WATER ST (from Overture),http://forepremierproperties.com/,Overture Maps place 19d938e8-745e-4679-9ff7-166060b5067b (name match 100.0) + firm website http://forepremierproperties.com/,2026-10-09,
"FUNK REALTY GROUP, LLC",(972) 716-3865,medium,62,https://data.texas.gov/api/views/s7ft-44qi/rows.csv?accessType=DOWNLOAD,TX,PROSPER,1061 N COLEMAN ST #100 (from Overture),http://www.FunkRealtor.com/,Overture Maps place 1d01ea53-62a3-4c78-ba82-efadbd60ac66 (name match 100.0),2026-10-09,
GREAT WALL REALTY LLC,(713) 732-7519,medium,48,https://data.texas.gov/api/views/s7ft-44qi/rows.csv?accessType=DOWNLOAD,TX,HOUSTON,10700 RICHMOND AVE (from Overture),,Overture Maps place 1d0a3580-5be0-4791-8bdd-73ff331abae2 (name match 100.0),2026-10-09,
"GROVE REALTY TEAM, LLC",(817) 337-0000,high,41,https://data.texas.gov/api/views/s7ft-44qi/rows.csv?accessType=DOWNLOAD,TX,KELLER,1866 KELLER PKWY (from Overture),http://www.groveteam.com/,Overture Maps place 8ebf990f-ba86-45d4-a96e-1b565c91cf3d (name_statewide_unique match 100) + firm website http://www.groveteam.com/,2026-10-09,
"HOLT LUNSFORD COMMERCIAL, INC.",(214) 630-2401,medium,57,https://data.texas.gov/api/views/s7ft-44qi/rows.csv?accessType=DOWNLOAD,TX,DALLAS,1545 W MOCKINGBIRD LN (from Overture),http://www.holtlunsford.com,Overture Maps place ceca3763-d300-4fe8-af72-8058a393f278 (name match 100.0),2026-10-09,
HOME CHARM REALTY LLC,(432) 614-1813,medium,47,https://data.texas.gov/api/views/s7ft-44qi/rows.csv?accessType=DOWNLOAD,TX,ODESSA,2512 N GRANDVIEW AVE (from Overture),http://www.homecharmrealty.com/,Overture Maps place f21fc392-a753-47f4-b501-5aeac4ebebc4 (name match 100.0),2026-10-09,
HOMEROCK REALTY LLC,(346) 472-2995,medium,70,https://data.texas.gov/api/views/s7ft-44qi/rows.csv?accessType=DOWNLOAD,TX,SPRING,24624 INTERSTATE 45 N #120 (from Overture),http://www.HomeRockRealty.com/,Overture Maps place 20bfe85d-beb2-460e-944e-9ded714175e9 (name match 100.0),2026-10-09,
HOMETOWN AMERICA INCORPORATED,(281) 565-5626,high,63,https://data.texas.gov/api/views/s7ft-44qi/rows.csv?accessType=DOWNLOAD,TX,SUGAR LAND,4665 SWEETWATER BLVD (from Overture),https://hometown.cc,Overture Maps place b208af13-a55d-41b4-9cfc-8c5109dc661a (name match 100.0) + firm website https://hometown.cc,2026-10-09,
HORSESHOE BAY RESORT REALTY LLC,(830) 598-2702,low,42,https://data.texas.gov/api/views/s7ft-44qi/rows.csv?accessType=DOWNLOAD,TX,MARBLE FALLS,200 HIGH RIDGE DR (from Overture),http://www.hsbresort.com,Overture Maps place d23a77a6-1cf2-496b-88c7-69e17871170b (name_statewide_unique match 100),2026-10-09,
"HOUSE BROKERAGE, LLC",(972) 846-9270,high,35,https://data.texas.gov/api/views/s7ft-44qi/rows.csv?accessType=DOWNLOAD,TX,ARLINGTON,1301 S BOWEN RD  STE 130 (from Overture),http://housebrokerage.com,firm website http://housebrokerage.com (tel on /); Overture Maps place fa0383ca-31b6-4b22-9d9a-f535b11db61b (name match 100.0),2026-10-09,
"JACKSON & COOKSEY, INC.",(972) 934-9757,medium,44,https://data.texas.gov/api/views/s7ft-44qi/rows.csv?accessType=DOWNLOAD,TX,DALLAS,12770 MERIT DR STE 760 (from Overture),www.jacksoncooksey.com,Overture Maps place cb956e37-405f-4eeb-89e6-c6429e503320 (name match 100.0),2026-10-09,
JADE REAL ESTATE LLC,(956) 534-7917,medium,56,https://data.texas.gov/api/views/s7ft-44qi/rows.csv?accessType=DOWNLOAD,TX,MCALLEN,804 PECAN BLVD STE 102 (from Overture),,Overture Maps place be935f54-3b1c-40c1-821a-20498a9124b0 (name match 100.0),2026-10-09,
"JERRY FULLERTON REALTY, INC",(281) 949-8771,medium,73,https://data.texas.gov/api/views/s7ft-44qi/rows.csv?accessType=DOWNLOAD,TX,HOUSTON,2950 NORTH LOOP W STE 500 (from Overture),http://www.jerryfullerton.com/,Overture Maps place 6e7a9cd8-2b97-4331-9026-7bd952781619 (name match 100.0),2026-10-09,
"KEEPING IT REALTY, LLC",(254) 935-3808,low,38,https://data.texas.gov/api/views/s7ft-44qi/rows.csv?accessType=DOWNLOAD,TX,TEMPLE,2118 BIRDCREEK DR STE 110110 (from Overture),https://www.keepingitrealtytx.com,Overture Maps place ce64b6dc-b296-4ab6-b3bb-fd159b8d0691 (name_statewide_unique match 100),2026-10-09,
KIANI REALTY LLC,(832) 276-9935,medium,46,https://data.texas.gov/api/views/s7ft-44qi/rows.csv?accessType=DOWNLOAD,TX,BELLAIRE,5959 WEST LOOP S FWY SVC RD SUITE 178 (from Overture),,Overture Maps place 3515c003-730c-47b9-b096-c02f0f3854ad (name match 100.0),2026-10-09,
"KIMBERLY ADAMS REALTY, LLC",(817) 703-6513,high,41,https://data.texas.gov/api/views/s7ft-44qi/rows.csv?accessType=DOWNLOAD,TX,ARLINGTON,3980 N COLLINS ST  STE 144 (from Overture),http://www.kimberlyadamsrealty.com,firm website http://www.kimberlyadamsrealty.com (tel on /); Overture Maps place 31c349cd-8bd7-4e06-88d1-cc3aa768aaff (name_statewide_unique match 100),2026-10-09,
"KINGFAY, INC",(832) 539-6468,medium,62,https://data.texas.gov/api/views/s7ft-44qi/rows.csv?accessType=DOWNLOAD,TX,MISSOURI CITY,4502 RIVERSTONE BLVD (from Overture),https://www.kingfay.com,Overture Maps place 1a2812ed-9ddc-4ccc-b9de-4033e940a6f7 (name match 100.0),2026-10-09,
"LEGACY HOMES & PROPERTIES, L.L.C.",(281) 787-2391,high,37,https://data.texas.gov/api/views/s7ft-44qi/rows.csv?accessType=DOWNLOAD,TX,HUMBLE,9810 FM 1960 BYPASS RD W (from Overture),https://www.legacyhomesandproperties.net/,Overture Maps place cf70502f-806c-4ced-9fad-645601209582 (name match 100.0) + firm website https://www.legacyhomesandproperties.net/,2026-10-09,
"LEVITATE REAL ESTATE, LLC",(832) 775-6890,high,45,https://data.texas.gov/api/views/s7ft-44qi/rows.csv?accessType=DOWNLOAD,TX,THE WOODLANDS,9595 SIX PINES DR (from Overture),http://www.levitaterealestate.com/,Overture Maps place 82db1f16-d33d-48a6-b314-71d99a99127b (name match 100.0) + firm website http://www.levitaterealestate.com/,2026-10-09,
"LINCOLN PROPERTY COMPANY COMMERCIAL, INC.",(214) 740-3300,high,39,https://data.texas.gov/api/views/s7ft-44qi/rows.csv?accessType=DOWNLOAD,TX,DALLAS,2000 MCKINNEY AVE STE 1000 (from Overture),https://www.lpc.com,firm website https://www.lpc.com (tel on /); Overture Maps place 79230bdb-2529-41d2-b664-3f4fbae6540b (name match 100.0),2026-10-09,
"MAYBEN REALTY, LLC",(903) 572-2400,medium,52,https://data.texas.gov/api/views/s7ft-44qi/rows.csv?accessType=DOWNLOAD,TX,MT PLEASANT,103 W 17TH ST (from Overture),,Overture Maps place 69fc1c86-716e-4d0d-b17f-93b6e8fb23e3 (name match 100.0),2026-10-09,
MILLER HOMES GROUP PLLC,(903) 504-5474,medium,75,https://data.texas.gov/api/views/s7ft-44qi/rows.csv?accessType=DOWNLOAD,TX,TYLER,7925 S BROADWAY AVE (from Overture),https://www.millerhomesgroup.com,Overture Maps place b4e0154f-9360-467c-9305-8857045d284a (name match 100.0),2026-10-09,
"MITCHELL REALTY, LLC",(210) 316-6274,medium,40,https://data.texas.gov/api/views/s7ft-44qi/rows.csv?accessType=DOWNLOAD,TX,SAN ANTONIO,1010 NW LOOP 410 (from Overture),http://www.mitchellrealtyllc.com,Overture Maps place 2ccd37cb-c92c-41f9-8ff9-4d558b133d43 (name match 100.0),2026-10-09,
MONARCA REAL ESTATE GROUP LLC,(956) 862-2964,high,50,https://data.texas.gov/api/views/s7ft-44qi/rows.csv?accessType=DOWNLOAD,TX,MCALLEN,1720 W MAPLE AVE (from Overture),http://www.monarcarealestategroup.com/,Overture Maps place 41318da1-601a-4694-8bb1-1a0b3a2d21b4 (name match 100.0) + firm website http://www.monarcarealestategroup.com/,2026-10-09,
NEW BEDFORD COMPANY INC,(210) 241-8039,medium,44,https://data.texas.gov/api/views/s7ft-44qi/rows.csv?accessType=DOWNLOAD,TX,HELOTES,12274 BANDERA RD STE 121 (from Overture),,Overture Maps place c84d625e-676d-40a6-adf9-14a7bea77173 (name match 100.0),2026-10-09,
PAULY PRESLEY REALTY LLC,(512) 482-9602,high,37,https://data.texas.gov/api/views/s7ft-44qi/rows.csv?accessType=DOWNLOAD,TX,AUSTIN,2401 E 6TH ST  APT 3033 (from Overture),https://www.paulypresleyrealty.com,Overture Maps place 1620b561-c928-437e-bcf9-34ccaec10191 (name match 100.0) + firm website https://www.paulypresleyrealty.com,2026-10-09,
"PREMIER HAUS REALTY, LLC",(713) 364-9169,medium,47,https://data.texas.gov/api/views/s7ft-44qi/rows.csv?accessType=DOWNLOAD,TX,HOUSTON,1334 BRITTMOORE RD #2307 (from Overture),,Overture Maps place e0e0e0ad-5516-4ed3-a98e-411db7fe2674 (name match 100.0),2026-10-09,
PREMIER PROPERTIES REALTY GROUP TX LLC,(214) 414-3712,medium,46,https://data.texas.gov/api/views/s7ft-44qi/rows.csv?accessType=DOWNLOAD,TX,ROCKWALL,102 N SAN JACINTO ST (from Overture),http://pprealtygroup.com/,Overture Maps place 60561abe-3adf-45f0-bdcf-01bc0f2caa61 (name match 100.0),2026-10-09,
PREMIER REALTY LLC,(903) 390-1707,medium,38,https://data.texas.gov/api/views/s7ft-44qi/rows.csv?accessType=DOWNLOAD,TX,CORSICANA,114 E 3RD AVE  STE 2 (from Overture),seecentraltexashomes.com,Overture Maps place 6cb44823-125a-40bc-b108-866d6d9c3a9d (name match 100.0),2026-10-09,
"R. ALEXA GROUP, LLC",(713) 705-0086,high,42,https://data.texas.gov/api/views/s7ft-44qi/rows.csv?accessType=DOWNLOAD,TX,BELLAIRE,6575 WEST LOOP S  STE 500 (from Overture),https://www.ralexagroup.com,Overture Maps place 341327f6-9b0e-494f-9ab2-25b7ae6f6c60 (name match 100.0) + firm website https://www.ralexagroup.com,2026-10-09,
"REALTY RIGHT TEXAS, LLC",(713) 589-8808,medium,41,https://data.texas.gov/api/views/s7ft-44qi/rows.csv?accessType=DOWNLOAD,TX,HOUSTON,12337 JONES RD STE 406 (from Overture),,Overture Maps place a2245876-01eb-40ce-80d1-e695f7ec2c24 (name match 100.0),2026-10-09,
"REPEAT REALTY, L.L.C.",(972) 966-6683,high,46,https://data.texas.gov/api/views/s7ft-44qi/rows.csv?accessType=DOWNLOAD,TX,LEWISVILLE,322 N MILL ST SUITE #2 (from Overture),http://www.RepeatRealty.com/,Overture Maps place 711b6c2c-022e-4bc9-98dc-93829388c002 (name match 100.0) + firm website http://www.RepeatRealty.com/,2026-10-09,
"RESIDENT REALTY, LTD",(512) 899-8309,medium,36,https://data.texas.gov/api/views/s7ft-44qi/rows.csv?accessType=DOWNLOAD,TX,AUSTIN,2414 EXPOSITION BLVD STE C100 (from Overture),http://residentrealtyaustin.com/,Overture Maps place 31ce15e9-14ea-4bc3-8d24-4c3cc807116d (name match 100.0),2026-10-09,
ROBERT LYNN COMPANY,(214) 256-7100,high,73,https://data.texas.gov/api/views/s7ft-44qi/rows.csv?accessType=DOWNLOAD,TX,GRAHAM,1300 KENTUCKY ST (from Overture),http://www.robertlynn.com,Overture Maps place 7c738581-b013-492d-973e-5ecf447c9145 (name_statewide_unique match 100) + firm website http://www.robertlynn.com,2026-10-09,
"ROCKONE REALTY, LLC",(806) 599-9900,high,75,https://data.texas.gov/api/views/s7ft-44qi/rows.csv?accessType=DOWNLOAD,TX,AMARILLO,14422 SONCY RD (from Overture),http://www.RockOneRealty.com/,Overture Maps place f8b302db-ece6-4661-a7e6-d707cc1a1a48 (name match 100.0) + firm website http://www.RockOneRealty.com/,2026-10-09,
"SANDY MESSER AND ASSOCIATES, INC",(915) 833-6111,high,40,https://data.texas.gov/api/views/s7ft-44qi/rows.csv?accessType=DOWNLOAD,TX,EL PASO,855 N RESLER DR (from Overture),http://www.sandymesser.com/,Overture Maps place 30d5d6eb-804a-44bd-b81f-489a817acab2 (name match 92.3076923076923) + firm website http://www.sandymesser.com/,2026-10-09,
SIGMA RELOCATION GROUP LLC,(469) 322-3550,medium,71,https://data.texas.gov/api/views/s7ft-44qi/rows.csv?accessType=DOWNLOAD,TX,IRVING,1304 W WALNUT HILL LN STE 320 (from Overture),https://sigmarelocation.com,Overture Maps place d35213ec-2984-4263-a759-8b2f20fa640a (name match 100.0),2026-10-09,
SIGNATURE REAL ESTATE GROUP LLC,(682) 551-8954,medium,61,https://data.texas.gov/api/views/s7ft-44qi/rows.csv?accessType=DOWNLOAD,TX,ARLINGTON,2204 PARK SPRINGS BLVD (from Overture),http://www.singhregroup.com/,Overture Maps place 598563f2-b8b1-410a-9c98-63e179d96701 (name match 100.0),2026-10-09,
TEXAS CONNECT REALTY LLC,(469) 658-5552,medium,66,https://data.texas.gov/api/views/s7ft-44qi/rows.csv?accessType=DOWNLOAD,TX,ARLINGTON,6051 W INTERSTATE 20 (from Overture),http://Eric.TexasConnectRealty.com/,Overture Maps place 13fe34f5-4a15-4c52-92bb-298a8fdb7dac (name match 100.0),2026-10-09,
TEXAS LEGACY GROUP LLC,(817) 312-9545,medium,52,https://data.texas.gov/api/views/s7ft-44qi/rows.csv?accessType=DOWNLOAD,TX,BURLESON,135 W ELLISON ST (from Overture),http://texaslegacyrealty.com/,Overture Maps place d4518f0f-192f-45e5-aef0-4a048060d30d (name match 100.0),2026-10-09,
"TEXAS RANCH SALES, LLC",(830) 741-8906,high,37,https://data.texas.gov/api/views/s7ft-44qi/rows.csv?accessType=DOWNLOAD,TX,BOERNE,920 S MAIN ST (from Overture),http://texasranchsalesllc.com/,Overture Maps place 9231d45c-df66-4c61-ba5f-9cc2b028df3c (name_statewide_unique match 100) + firm website http://texasranchsalesllc.com/,2026-10-09,
"TEXAS URBAN LIVING REALTY, LLC",(214) 823-7783,high,46,https://data.texas.gov/api/views/s7ft-44qi/rows.csv?accessType=DOWNLOAD,TX,DALLAS,1910 GREENVILLE AVE (from Overture),http://www.texasurbanliving.com/,Overture Maps place 5c6ccf77-c6f8-4d5d-bb43-72891de4cf9f (name match 100.0) + firm website http://www.texasurbanliving.com/,2026-10-09,
THE AGENCY TEAM LLC,(832) 207-3277,medium,48,https://data.texas.gov/api/views/s7ft-44qi/rows.csv?accessType=DOWNLOAD,TX,HOUSTON,1111 N LOOP FWY W (from Overture),https://drive.google.com/file/d/1HLXy5lG3sM1iXxKiumOk1v8w1O0xTzoK/view?usp=sharing,Overture Maps place fb38b73b-eb08-4afa-be98-6620286aa7d2 (name match 100.0),2026-10-09,
THE REAL ESTATE RANCH LLC,(432) 688-8200,high,56,https://data.texas.gov/api/views/s7ft-44qi/rows.csv?accessType=DOWNLOAD,TX,MIDLAND,6 DESTA DR (from Overture),https://www.therealestateranch.com/,Overture Maps place 70e6d8f5-8c72-4f8b-91d4-4a2804f40720 (name match 100.0) + firm website https://www.therealestateranch.com/,2026-10-09,
"THE RIGHT MOVE REAL ESTATE GROUP, LLC",(915) 253-1966,medium,39,https://data.texas.gov/api/views/s7ft-44qi/rows.csv?accessType=DOWNLOAD,TX,EL PASO,10420 MONTWOOD DR  STE N-163 (from Overture),http://www.isabelrobles.com,Overture Maps place 6398d06d-f42a-4991-8666-14fb5fdb1e71 (name match 100.0),2026-10-09,
THE STANDARD REALTY GROUP LLC,(903) 245-4448,high,59,https://data.texas.gov/api/views/s7ft-44qi/rows.csv?accessType=DOWNLOAD,TX,DALLAS,2800 N HENDERSON AVE  STE 102 (from Overture),https://www.thestandardre.com,firm website https://www.thestandardre.com (tel on /); Overture Maps place 45bb8132-d45f-4209-a69a-2373a817864f (name match 100.0),2026-10-09,
"TOP FLIGHT PROPERTIES, LLC",(210) 643-5169,low,40,https://data.texas.gov/api/views/s7ft-44qi/rows.csv?accessType=DOWNLOAD,TX,NEW BRAUNFELS,378 LANDA ST (from Overture),http://TopFlightRealtyGroup.com/,Overture Maps place 0ff4b605-664b-470e-b3de-85ff653938ce (name_statewide_unique match 100),2026-10-09,
TOPGUNS LAND COMPANY,(936) 582-1700,high,60,https://data.texas.gov/api/views/s7ft-44qi/rows.csv?accessType=DOWNLOAD,TX,CONROE,12828 HIGHWAY 105 W (from Overture),https://www.topguns.com,firm website https://www.topguns.com (tel on /); Overture Maps place c586611c-8755-414a-886e-a60497b28558 (name match 100.0),2026-10-09,
TRUHOME REAL ESTATE LLC,(469) 853-9784,medium,42,https://data.texas.gov/api/views/s7ft-44qi/rows.csv?accessType=DOWNLOAD,TX,PLANO,5830 GRANITE PKWY (from Overture),http://www.truhomerealestate.com/,Overture Maps place 386f515e-ea88-4e19-9e7d-bae7474b8df6 (name match 100.0),2026-10-09,
TRUST REAL ESTATE INC,(832) 563-0116,high,35,https://data.texas.gov/api/views/s7ft-44qi/rows.csv?accessType=DOWNLOAD,TX,HOUSTON,800 TOWN AND COUNTRY BLVD  STE 500 (from Overture),https://www.trustrealestate.com,Overture Maps place c5ee67c5-778e-44bb-9523-453ed606976a (name match 100.0) + firm website https://www.trustrealestate.com,2026-10-09,
UNIVERSAL REALTY INC.,(817) 300-8784,high,72,https://data.texas.gov/api/views/s7ft-44qi/rows.csv?accessType=DOWNLOAD,TX,FORT WORTH,4008 SOUTH FWY (from Overture),http://www.maribelsaldivar.com/,Overture Maps place 5bd718ec-a26f-417f-aa68-c369979182eb (name match 100.0) + firm website http://www.maribelsaldivar.com/,2026-10-09,
"URIAH REAL ESTATE ORGANIZATION, LLC",(830) 600-5263,high,36,https://data.texas.gov/api/views/s7ft-44qi/rows.csv?accessType=DOWNLOAD,TX,SAN ANTONIO,1008 HOEFGEN AVE (from Overture),uriahrealestate.com,Overture Maps place 1d7d78d8-0241-4e88-ba12-f353370cb0b6 (name match 100.0) + firm website uriahrealestate.com,2026-10-09,
WHITE LINE REALTY LLC,(210) 951-3478,medium,57,https://data.texas.gov/api/views/s7ft-44qi/rows.csv?accessType=DOWNLOAD,TX,SAN ANTONIO,8531 N NEW BRAUNFELS AVE (from Overture),https://www.whitelinecollin.com/,Overture Maps place ea645289-b262-40f4-9f18-ec0de594b813 (name match 100.0),2026-10-09,
WHITE PICKET REALTY LLC,(832) 532-9229,medium,44,https://data.texas.gov/api/views/s7ft-44qi/rows.csv?accessType=DOWNLOAD,TX,HOUSTON,9301 SOUTHWEST FWY (from Overture),http://Rose.findhoustonareahomelistings.com/,Overture Maps place 21e766ca-5392-452a-a2a0-e71d9b1c6152 (name match 100.0),2026-10-09,
"WILLIAM DAVIS REAL ESTATE SERVICES, LLC",(214) 705-1000,high,68,https://data.texas.gov/api/views/s7ft-44qi/rows.csv?accessType=DOWNLOAD,TX,DALLAS,16135 PRESTON RD #304 (from Overture),http://www.mywdr.com/,Overture Maps place 42ffb07f-1588-49a5-9c30-46f43361cbac (name match 100.0) + firm website http://www.mywdr.com/,2026-10-09,
"ZARCO PROPERTIES, LLC",(281) 306-0336,medium,56,https://data.texas.gov/api/views/s7ft-44qi/rows.csv?accessType=DOWNLOAD,TX,THE WOODLANDS,4576 RESEARCH FOREST DR (from Overture),,Overture Maps place 81e7cc46-ad68-4d48-8c48-fc0847e444ca (name match 100.0),2026-10-09,
