brokerage_name,verified_headcount,headcount_source,state,city,address,website,date_collected
"EXP REALTY, LLC",37,https://services.azre.gov/PdbWeb/List/DownloadList/1 ; https://services.azre.gov/PdbWeb/List/DownloadList/2,AZ,PEORIA,"16165 N 83RD AVE, STE 200",,2026-10-09
"EXP REALTY, LLC",54,https://services.azre.gov/PdbWeb/List/DownloadList/1 ; https://services.azre.gov/PdbWeb/List/DownloadList/2,AZ,PEORIA,"16165 N. 83RD. AVE. SUITE 200 PEORIA, AZ 85382",,2026-10-09
"EXP REALTY, LLC",35,https://services.azre.gov/PdbWeb/List/DownloadList/1 ; https://services.azre.gov/PdbWeb/List/DownloadList/2,AZ,PEORIA,"16165 N 83RD AVE, STE 200",,2026-10-09
"EXP REALTY, LLC",46,https://services.azre.gov/PdbWeb/List/DownloadList/1 ; https://services.azre.gov/PdbWeb/List/DownloadList/2,AZ,PEORIA,"16165 N 83RD AVE, STE 200",,2026-10-09
"EXP REALTY, LLC",52,https://services.azre.gov/PdbWeb/List/DownloadList/1 ; https://services.azre.gov/PdbWeb/List/DownloadList/2,AZ,PEORIA,16165 N 83RD AVE SUITE 200,,2026-10-09
"EXP REALTY, LLC",36,https://services.azre.gov/PdbWeb/List/DownloadList/1 ; https://services.azre.gov/PdbWeb/List/DownloadList/2,AZ,PEORIA,16165 N. 83RD AVE. #200,,2026-10-09
"EXP REALTY, LLC",55,https://services.azre.gov/PdbWeb/List/DownloadList/1 ; https://services.azre.gov/PdbWeb/List/DownloadList/2,AZ,PEORIA,"16165 83RD AVE, STE 200",,2026-10-09
FATHOM REALTY AZ LLC,40,https://services.azre.gov/PdbWeb/List/DownloadList/1 ; https://services.azre.gov/PdbWeb/List/DownloadList/2,AZ,MISSION VIEJO,24800 CHRISANTA DR.,,2026-10-09
"MATTHEWS OF ARIZONA, LLC",44,https://services.azre.gov/PdbWeb/List/DownloadList/1 ; https://services.azre.gov/PdbWeb/List/DownloadList/2,AZ,SCOTTSDALE,4110 N. SCOTTSDALE RD,,2026-10-09
1460 CAPITAL CORPORATION,50,https://secure.dre.ca.gov/datafile/CurrList.zip ; https://secure.dre.ca.gov/datafile/broker_associates_list.xls,CA,SAN DIEGO,10721 TREENA ST STE 200,,2026-10-09
168 REALTY INC.,49,https://secure.dre.ca.gov/datafile/CurrList.zip ; https://secure.dre.ca.gov/datafile/broker_associates_list.xls,CA,CITY OF INDUSTRY,18725 E GALE AVE STE 100,,2026-10-09
1AR INC,39,https://secure.dre.ca.gov/datafile/CurrList.zip ; https://secure.dre.ca.gov/datafile/broker_associates_list.xls,CA,CARMICHAEL,5740 WINDMILL WY #1,,2026-10-09
"3 POWER RE, INC.",39,https://secure.dre.ca.gov/datafile/CurrList.zip ; https://secure.dre.ca.gov/datafile/broker_associates_list.xls,CA,SAN CLEMENTE,1644 N EL CAMINO REAL,,2026-10-09
A-TEAM REAL ESTATE SOLUTIONS INC,54,https://secure.dre.ca.gov/datafile/CurrList.zip ; https://secure.dre.ca.gov/datafile/broker_associates_list.xls,CA,BELLFLOWER,14620 LAKEWOOD BLVD,,2026-10-09
AAA CAPITAL INVESTMENT INC,75,https://secure.dre.ca.gov/datafile/CurrList.zip ; https://secure.dre.ca.gov/datafile/broker_associates_list.xls,CA,ARCADIA,41 E LIVE OAK AVE,,2026-10-09
AC EAGLE CORPORATION,73,https://secure.dre.ca.gov/datafile/CurrList.zip ; https://secure.dre.ca.gov/datafile/broker_associates_list.xls,CA,HENDERSON,3185 SAINT ROSE PKWY STE 100,,2026-10-09
"ADEAR 6730, PROFESSIONAL CORPORATION",64,https://secure.dre.ca.gov/datafile/CurrList.zip ; https://secure.dre.ca.gov/datafile/broker_associates_list.xls,CA,BELL GARDENS,6012 E FLORENCE AVENUE #D,,2026-10-09
ADELA C OLIVARES,46,https://secure.dre.ca.gov/datafile/CurrList.zip ; https://secure.dre.ca.gov/datafile/broker_associates_list.xls,CA,IRVINE,5352 ROYALE AVE,,2026-10-09
ADK BANCORP INC,37,https://secure.dre.ca.gov/datafile/CurrList.zip ; https://secure.dre.ca.gov/datafile/broker_associates_list.xls,CA,WESTMINSTER,14615 MAGNOLIA ST,,2026-10-09
"AEZ INVESTMENT, INC.",46,https://secure.dre.ca.gov/datafile/CurrList.zip ; https://secure.dre.ca.gov/datafile/broker_associates_list.xls,CA,SAN JOSE,4010 MOORPARK AVE #205,,2026-10-09
AFAGH INC,72,https://secure.dre.ca.gov/datafile/CurrList.zip ; https://secure.dre.ca.gov/datafile/broker_associates_list.xls,CA,WOODLAND HILLS,6262 GLADE AVE #8,,2026-10-09
AG ONE REALTY INC,36,https://secure.dre.ca.gov/datafile/CurrList.zip ; https://secure.dre.ca.gov/datafile/broker_associates_list.xls,CA,IRVINE,3200 EL CAMINO REAL STE 140,,2026-10-09
ALL STATE HOMES INC.,52,https://secure.dre.ca.gov/datafile/CurrList.zip ; https://secure.dre.ca.gov/datafile/broker_associates_list.xls,CA,FRESNO,770 E SHAW AVE #128,,2026-10-09
"ALTAS REALTY/ATLAS FINANCIAL SERVICES,",38,https://secure.dre.ca.gov/datafile/CurrList.zip ; https://secure.dre.ca.gov/datafile/broker_associates_list.xls,CA,SAN JOSE,1190 S BASCOM AVE STE 118,,2026-10-09
"ALWAYS BE CLOSING REALTY, INC.",47,https://secure.dre.ca.gov/datafile/CurrList.zip ; https://secure.dre.ca.gov/datafile/broker_associates_list.xls,CA,SOUTH PASADENA,1001 FREMONT AVE #1302,,2026-10-09
AMADO HERNANDEZ,43,https://secure.dre.ca.gov/datafile/CurrList.zip ; https://secure.dre.ca.gov/datafile/broker_associates_list.xls,CA,MORENO VALLEY,12125 DAY ST,,2026-10-09
AMERICAN REAL ESTATE SERVICES GROUP,64,https://secure.dre.ca.gov/datafile/CurrList.zip ; https://secure.dre.ca.gov/datafile/broker_associates_list.xls,CA,YUBA CITY,422 CENTURY PARK DR,,2026-10-09
AMERICAN UNITED MORTGAGE CORP,65,https://secure.dre.ca.gov/datafile/CurrList.zip ; https://secure.dre.ca.gov/datafile/broker_associates_list.xls,CA,FREMONT,39510 PASEO PADRE PKWY STE 120,,2026-10-09
AMERIWAY REALTY,45,https://secure.dre.ca.gov/datafile/CurrList.zip ; https://secure.dre.ca.gov/datafile/broker_associates_list.xls,CA,ANAHEIM,1611 S EUCLID ST,,2026-10-09
AN THI NGUYEN,45,https://secure.dre.ca.gov/datafile/CurrList.zip ; https://secure.dre.ca.gov/datafile/broker_associates_list.xls,CA,GARDEN GROVE,10900 WESTMINSTER AVE STE 10,,2026-10-09
ANCHOR FUNDING INC,46,https://secure.dre.ca.gov/datafile/CurrList.zip ; https://secure.dre.ca.gov/datafile/broker_associates_list.xls,CA,SAN DIEGO,6336 GREENWICH DRIVE #A,,2026-10-09
ANDY'S HOME LOANS,42,https://secure.dre.ca.gov/datafile/CurrList.zip ; https://secure.dre.ca.gov/datafile/broker_associates_list.xls,CA,MODESTO,909 15TH ST STE 1,,2026-10-09
AQUAILOS INC.,69,https://secure.dre.ca.gov/datafile/CurrList.zip ; https://secure.dre.ca.gov/datafile/broker_associates_list.xls,CA,FRESNO,740 W ALLUVIAL #101,,2026-10-09
ARDA INTERNATIONAL,38,https://secure.dre.ca.gov/datafile/CurrList.zip ; https://secure.dre.ca.gov/datafile/broker_associates_list.xls,CA,EL DORADO HILLS,3907 PARK DR STE 220,,2026-10-09
"ARTISAN REALTY GROUP, INC.",49,https://secure.dre.ca.gov/datafile/CurrList.zip ; https://secure.dre.ca.gov/datafile/broker_associates_list.xls,CA,HEALDSBURG,709 HEALDSBURG AVE,,2026-10-09
AT FUTURE CORP,36,https://secure.dre.ca.gov/datafile/CurrList.zip ; https://secure.dre.ca.gov/datafile/broker_associates_list.xls,CA,MANHATTAN BEACH,1042 1ST ST,,2026-10-09
"AVAMASH, INC.",67,https://secure.dre.ca.gov/datafile/CurrList.zip ; https://secure.dre.ca.gov/datafile/broker_associates_list.xls,CA,MERCED,189 EL PORTAL DR,,2026-10-09
"AVERY REALTY MANAGEMENT, INC.",35,https://secure.dre.ca.gov/datafile/CurrList.zip ; https://secure.dre.ca.gov/datafile/broker_associates_list.xls,CA,BUENA PARK,6131 ORANGETHORPE AVE. STE #135,,2026-10-09
"AVISON YOUNG - NORTHERN CALIFORNIA,",39,https://secure.dre.ca.gov/datafile/CurrList.zip ; https://secure.dre.ca.gov/datafile/broker_associates_list.xls,CA,CHICAGO,1 SOUTH WACKER DR STE 3000,,2026-10-09
"AVISON YOUNG - SOUTHERN CALIFORNIA,",67,https://secure.dre.ca.gov/datafile/CurrList.zip ; https://secure.dre.ca.gov/datafile/broker_associates_list.xls,CA,CHICAGO,1 S WACKER DR STE 3000,,2026-10-09
B&A CHICO ASSOCIATES INC,58,https://secure.dre.ca.gov/datafile/CurrList.zip ; https://secure.dre.ca.gov/datafile/broker_associates_list.xls,CA,CHICO,168 E 3RD AVE,,2026-10-09
BARTELS REALTORS INC,61,https://secure.dre.ca.gov/datafile/CurrList.zip ; https://secure.dre.ca.gov/datafile/broker_associates_list.xls,CA,PINOLE,3088 PINOLE VALLEY RD,,2026-10-09
BBR PARTNERS INC.,38,https://secure.dre.ca.gov/datafile/CurrList.zip ; https://secure.dre.ca.gov/datafile/broker_associates_list.xls,CA,SAN DIEGO,427 C ST STE 200,,2026-10-09
BEACHWALK CORP.,38,https://secure.dre.ca.gov/datafile/CurrList.zip ; https://secure.dre.ca.gov/datafile/broker_associates_list.xls,CA,SOLANA BEACH,437 S HWY 101 STE 116,,2026-10-09
BEAZER REALTY LOS ANGELES INC,35,https://secure.dre.ca.gov/datafile/CurrList.zip ; https://secure.dre.ca.gov/datafile/broker_associates_list.xls,CA,IRVINE,310 COMMERCE STE 150,,2026-10-09
"BENJAMIN, INC.",72,https://secure.dre.ca.gov/datafile/CurrList.zip ; https://secure.dre.ca.gov/datafile/broker_associates_list.xls,CA,BIG BEAR LAKE,PO BOX 2814,,2026-10-09
BENJERMEN FRANKY REYES,49,https://secure.dre.ca.gov/datafile/CurrList.zip ; https://secure.dre.ca.gov/datafile/broker_associates_list.xls,CA,BAKERSFIELD,9104 EASTWIND CIR,,2026-10-09
BENTOCK INCORPORATED,64,https://secure.dre.ca.gov/datafile/CurrList.zip ; https://secure.dre.ca.gov/datafile/broker_associates_list.xls,CA,SIERRA MADRE,38 W SIERRA MADRE BLVD STE A,,2026-10-09
BEST ASSOCIATION INC,39,https://secure.dre.ca.gov/datafile/CurrList.zip ; https://secure.dre.ca.gov/datafile/broker_associates_list.xls,CA,SAN FRANCISCO,1653 IRVING ST,,2026-10-09
BESTVILLA GROUP INC.,59,https://secure.dre.ca.gov/datafile/CurrList.zip ; https://secure.dre.ca.gov/datafile/broker_associates_list.xls,CA,IRVINE,1220 ROOSEVELT STE 200,,2026-10-09
"BMC REALTY ADVISORS, INC",54,https://secure.dre.ca.gov/datafile/CurrList.zip ; https://secure.dre.ca.gov/datafile/broker_associates_list.xls,CA,FRESNO,265 E RIVER PARK CIR STE 480,,2026-10-09
"BRIGHT STAR ESTATES, INC.",64,https://secure.dre.ca.gov/datafile/CurrList.zip ; https://secure.dre.ca.gov/datafile/broker_associates_list.xls,CA,RANCHO CUCAMONGA,8599 HAVEN AVE STE 306,,2026-10-09
"BROKERS CONSOLIDATED CALIFORNIA, INC.",46,https://secure.dre.ca.gov/datafile/CurrList.zip ; https://secure.dre.ca.gov/datafile/broker_associates_list.xls,CA,TEMECULA,41955 FOURTH ST STE 102,,2026-10-09
BUTTERFIELD VENTURES INC,35,https://secure.dre.ca.gov/datafile/CurrList.zip ; https://secure.dre.ca.gov/datafile/broker_associates_list.xls,CA,ROSEVILLE,140 DIAMOND CREEK PL,,2026-10-09
"C & C FINANCIAL, CORP.",37,https://secure.dre.ca.gov/datafile/CurrList.zip ; https://secure.dre.ca.gov/datafile/broker_associates_list.xls,CA,ANAHEIM,1475 S STATE COLLEGE BLVD # 204,,2026-10-09
CALIFORNIA LOAN ASSOCIATES INC,42,https://secure.dre.ca.gov/datafile/CurrList.zip ; https://secure.dre.ca.gov/datafile/broker_associates_list.xls,CA,ROCKLIN,5800 STANFORD RANCH RD STE 320,,2026-10-09
CALIFORNIA REAL ESTATE CORPORATION,36,https://secure.dre.ca.gov/datafile/CurrList.zip ; https://secure.dre.ca.gov/datafile/broker_associates_list.xls,CA,SACRAMENTO,1972 DEL PASO RD STE 157,,2026-10-09
CARLILE INVESTMENTS,54,https://secure.dre.ca.gov/datafile/CurrList.zip ; https://secure.dre.ca.gov/datafile/broker_associates_list.xls,CA,SACRAMENTO,1860 HOWE AVE STE 100,,2026-10-09
CARMEL REALTY BROKERAGE SERVICES,51,https://secure.dre.ca.gov/datafile/CurrList.zip ; https://secure.dre.ca.gov/datafile/broker_associates_list.xls,CA,CARMEL,PO DRAWER C,,2026-10-09
"CASTLE REALTORS, PC",58,https://secure.dre.ca.gov/datafile/CurrList.zip ; https://secure.dre.ca.gov/datafile/broker_associates_list.xls,CA,CORONA,405 WYNOLA CT,,2026-10-09
CBSRR INC,55,https://secure.dre.ca.gov/datafile/CurrList.zip ; https://secure.dre.ca.gov/datafile/broker_associates_list.xls,CA,LAKE ARROWHEAD,PO BOX 1089,,2026-10-09
CENTENNIAL REALTY BROKERAGE &,39,https://secure.dre.ca.gov/datafile/CurrList.zip ; https://secure.dre.ca.gov/datafile/broker_associates_list.xls,CA,TUSTIN,17341 IRVINE BLVD SUITE 200,,2026-10-09
CENTERMAC REALTY INC,38,https://secure.dre.ca.gov/datafile/CurrList.zip ; https://secure.dre.ca.gov/datafile/broker_associates_list.xls,CA,DIAMOND BAR,640 N DIAMOND BAR BLVD,,2026-10-09
"CHICO RES, INC.",40,https://secure.dre.ca.gov/datafile/CurrList.zip ; https://secure.dre.ca.gov/datafile/broker_associates_list.xls,CA,CHICO,1834 MANGROVE AVE,,2026-10-09
CHICO'S POWER INC,57,https://secure.dre.ca.gov/datafile/CurrList.zip ; https://secure.dre.ca.gov/datafile/broker_associates_list.xls,CA,HUNTINGTON PARK,3452 E FLORENCE AVE,,2026-10-09
CHRIS MARIE LAMOREAUX,62,https://secure.dre.ca.gov/datafile/CurrList.zip ; https://secure.dre.ca.gov/datafile/broker_associates_list.xls,CA,VICTORVILLE,12138 INDUSTRIAL BLVD SUITE 100,,2026-10-09
CIDEJJKO INC,44,https://secure.dre.ca.gov/datafile/CurrList.zip ; https://secure.dre.ca.gov/datafile/broker_associates_list.xls,CA,TRACY,PO BOX 565,,2026-10-09
CLEAN SLATE CA INC.,39,https://secure.dre.ca.gov/datafile/CurrList.zip ; https://secure.dre.ca.gov/datafile/broker_associates_list.xls,CA,IRVINE,500 TECHNOLOGY DRIVE,,2026-10-09
CMARE INC.,44,https://secure.dre.ca.gov/datafile/CurrList.zip ; https://secure.dre.ca.gov/datafile/broker_associates_list.xls,CA,YUCCA VALLEY,55857 TWENTYNINE PALMS HWY,,2026-10-09
COLBY SEONGWU JO,46,https://secure.dre.ca.gov/datafile/CurrList.zip ; https://secure.dre.ca.gov/datafile/broker_associates_list.xls,CA,LOS ANGELES,3055 WILSHIRE BLVD SUITE 810,,2026-10-09
COLIN JOHN CAMPBELL,56,https://secure.dre.ca.gov/datafile/CurrList.zip ; https://secure.dre.ca.gov/datafile/broker_associates_list.xls,CA,LAS VEGAS,1155 E TWAIN AVE,,2026-10-09
COLLIERS INTERNATIONAL REAL ESTATE,56,https://secure.dre.ca.gov/datafile/CurrList.zip ; https://secure.dre.ca.gov/datafile/broker_associates_list.xls,CA,SAN FRANCISCO,101 SECOND ST 11TH FLR,,2026-10-09
COMFORT REAL ESTATE SERVICES INC,63,https://secure.dre.ca.gov/datafile/CurrList.zip ; https://secure.dre.ca.gov/datafile/broker_associates_list.xls,CA,CAMARILLO,632 LAS POSAS RD,,2026-10-09
COOKE HOLDINGS,40,https://secure.dre.ca.gov/datafile/CurrList.zip ; https://secure.dre.ca.gov/datafile/broker_associates_list.xls,CA,PLEASANTON,608 MAIN ST STE G,,2026-10-09
CRSG INC,54,https://secure.dre.ca.gov/datafile/CurrList.zip ; https://secure.dre.ca.gov/datafile/broker_associates_list.xls,CA,HUNTINGTON BEACH,1720 PACIFIC COAST HWY #101,,2026-10-09
"CVR HOLDINGS, INC.",71,https://secure.dre.ca.gov/datafile/CurrList.zip ; https://secure.dre.ca.gov/datafile/broker_associates_list.xls,CA,LOS ANGELES,1925 CENTURY PARK E STE 1700,,2026-10-09
"CVRE, INC.",60,https://secure.dre.ca.gov/datafile/CurrList.zip ; https://secure.dre.ca.gov/datafile/broker_associates_list.xls,CA,PALM DESERT,39575 WASHINGTON ST STE 105,,2026-10-09
D R HORTON LOS ANGELES HOLDING,39,https://secure.dre.ca.gov/datafile/CurrList.zip ; https://secure.dre.ca.gov/datafile/broker_associates_list.xls,CA,CORONA,980 MONTECITO DR,,2026-10-09
"D.R. HORTON CA2, INC.",39,https://secure.dre.ca.gov/datafile/CurrList.zip ; https://secure.dre.ca.gov/datafile/broker_associates_list.xls,CA,ROSEVILLE,3000 LAVA RIDGE COURT,,2026-10-09
DANIEL WINKLER & ASSOCIATES INC,64,https://secure.dre.ca.gov/datafile/CurrList.zip ; https://secure.dre.ca.gov/datafile/broker_associates_list.xls,CA,ALBANY,1215 SOLANO AVE,,2026-10-09
"DECISION INVESTORS, INC.",45,https://secure.dre.ca.gov/datafile/CurrList.zip ; https://secure.dre.ca.gov/datafile/broker_associates_list.xls,CA,LA MESA,8702 LA MESA BLVD,,2026-10-09
DECKER BULLOCK REALTY INC,42,https://secure.dre.ca.gov/datafile/CurrList.zip ; https://secure.dre.ca.gov/datafile/broker_associates_list.xls,CA,MILL VALLEY,100 TIBURON BLVD STE 100,,2026-10-09
DENNIS KEVIN LIEBL,38,https://secure.dre.ca.gov/datafile/CurrList.zip ; https://secure.dre.ca.gov/datafile/broker_associates_list.xls,CA,CLOVERDALE,305 ROLLING HILL COURT,,2026-10-09
DICKSON REALTY TRUCKEE INC,50,https://secure.dre.ca.gov/datafile/CurrList.zip ; https://secure.dre.ca.gov/datafile/broker_associates_list.xls,CA,RENO,333 HOLCOMB AVE STE 300,,2026-10-09
"DOUGLAS ELLIMAN REFERRAL OF CALIFORNIA,",53,https://secure.dre.ca.gov/datafile/CurrList.zip ; https://secure.dre.ca.gov/datafile/broker_associates_list.xls,CA,BEVERLY HILLS,150 EL CAMINO DR #300,,2026-10-09
DREAM HOME DEVELOPMENT CORPORATION,73,https://secure.dre.ca.gov/datafile/CurrList.zip ; https://secure.dre.ca.gov/datafile/broker_associates_list.xls,CA,SAN DIEGO,9191 TOWNE CENTRE DR,,2026-10-09
DUNNIGAN ASSOCIATES,39,https://secure.dre.ca.gov/datafile/CurrList.zip ; https://secure.dre.ca.gov/datafile/broker_associates_list.xls,CA,SACRAMENTO,4215 FREEPORT BLVD,,2026-10-09
DYNASTY ASSET HOLDINGS INC.,50,https://secure.dre.ca.gov/datafile/CurrList.zip ; https://secure.dre.ca.gov/datafile/broker_associates_list.xls,CA,WHITTIER,15820 WHITTIER BLVD STE B,,2026-10-09
EAH INC.,38,https://secure.dre.ca.gov/datafile/CurrList.zip ; https://secure.dre.ca.gov/datafile/broker_associates_list.xls,CA,SAN RAFAEL,22 PELICAN WAY,,2026-10-09
"EDDINGTON, INC.",47,https://secure.dre.ca.gov/datafile/CurrList.zip ; https://secure.dre.ca.gov/datafile/broker_associates_list.xls,CA,SANTEE,278 TOWN CENTER PKWY #201,,2026-10-09
"ELEMENT RE, INC",41,https://secure.dre.ca.gov/datafile/CurrList.zip ; https://secure.dre.ca.gov/datafile/broker_associates_list.xls,CA,CLAREMONT,405 W FOOTHILL BLVD STE 203,,2026-10-09
"EPLA VENTURES, INC.",42,https://secure.dre.ca.gov/datafile/CurrList.zip ; https://secure.dre.ca.gov/datafile/broker_associates_list.xls,CA,PALOS VERDES ESTATES,63 MALAGA COVE PLAZA,,2026-10-09
ERIC SCHAUB MORI,40,https://secure.dre.ca.gov/datafile/CurrList.zip ; https://secure.dre.ca.gov/datafile/broker_associates_list.xls,CA,TORRANCE,370 AMAPOLA AVE,,2026-10-09
EVERWISE GROUP CORPORATION,38,https://secure.dre.ca.gov/datafile/CurrList.zip ; https://secure.dre.ca.gov/datafile/broker_associates_list.xls,CA,IRVINE,15615 ALTON PKWY STE 450,,2026-10-09
"EXECUTIVE REALTY SERVICES, INC.",58,https://secure.dre.ca.gov/datafile/CurrList.zip ; https://secure.dre.ca.gov/datafile/broker_associates_list.xls,CA,PICO RIVERA,8362 ROSEMEAD BLVD,,2026-10-09
FINLEY PROPERTIES CORP,35,https://secure.dre.ca.gov/datafile/CurrList.zip ; https://secure.dre.ca.gov/datafile/broker_associates_list.xls,CA,SAN DIEGO,6310 GREENWICH DR STE 150,,2026-10-09
FIRST AMERICAN TEAM INC,51,https://secure.dre.ca.gov/datafile/CurrList.zip ; https://secure.dre.ca.gov/datafile/broker_associates_list.xls,CA,SIGNAL HILL,2501 CHERRY AVE STE 100,,2026-10-09
FIRST BANKER MORTGAGE CORPORATION,36,https://secure.dre.ca.gov/datafile/CurrList.zip ; https://secure.dre.ca.gov/datafile/broker_associates_list.xls,CA,ENCINO,17835 VENTURA BLVD #200,,2026-10-09
FOUNDATION VALLEY MM INC.,72,https://secure.dre.ca.gov/datafile/CurrList.zip ; https://secure.dre.ca.gov/datafile/broker_associates_list.xls,CA,MANTECA,1451 MOFFAT BLVD UNIT 2,,2026-10-09
FRANCISCAN PROPERTIES,42,https://secure.dre.ca.gov/datafile/CurrList.zip ; https://secure.dre.ca.gov/datafile/broker_associates_list.xls,CA,SAN FRANCISCO,677 PORTOLA DR,,2026-10-09
FRANK COOK REALTY INC,49,https://secure.dre.ca.gov/datafile/CurrList.zip ; https://secure.dre.ca.gov/datafile/broker_associates_list.xls,CA,SACRAMENTO,4305 FREEPORT BLVD,,2026-10-09
FRONTIER REAL ESTATE SERVICES INC,60,https://secure.dre.ca.gov/datafile/CurrList.zip ; https://secure.dre.ca.gov/datafile/broker_associates_list.xls,CA,TEHACHAPI,765 TUCKER RD,,2026-10-09
FTRE CA INC.,54,https://secure.dre.ca.gov/datafile/CurrList.zip ; https://secure.dre.ca.gov/datafile/broker_associates_list.xls,CA,IRVINE,5 PARK PLAZA STE 1150,,2026-10-09
G & E REAL ESTATE MANAGEMENT,60,https://secure.dre.ca.gov/datafile/CurrList.zip ; https://secure.dre.ca.gov/datafile/broker_associates_list.xls,CA,IRVINE,18401 VON KARMAN AVE,,2026-10-09
GAEA REALTY & CO INC.,55,https://secure.dre.ca.gov/datafile/CurrList.zip ; https://secure.dre.ca.gov/datafile/broker_associates_list.xls,CA,LOS ALTOS,4546 EL CAMINO REAL B10-178,,2026-10-09
GATES ESTATES INC,54,https://secure.dre.ca.gov/datafile/CurrList.zip ; https://secure.dre.ca.gov/datafile/broker_associates_list.xls,CA,YOUNTVILLE,6550 WASHINGTON ST,,2026-10-09
GATEWAY REALTY SERVICES,46,https://secure.dre.ca.gov/datafile/CurrList.zip ; https://secure.dre.ca.gov/datafile/broker_associates_list.xls,CA,WESTMINSTER,9039 BOLSA AVE #313,,2026-10-09
GOGO REALTORS R. H. CORP.,74,https://secure.dre.ca.gov/datafile/CurrList.zip ; https://secure.dre.ca.gov/datafile/broker_associates_list.xls,CA,DIAMOND BAR,1200 S DIAMOND BAR #101B,,2026-10-09
GOLDEN FEATHER INVESTMENTS INC,42,https://secure.dre.ca.gov/datafile/CurrList.zip ; https://secure.dre.ca.gov/datafile/broker_associates_list.xls,CA,BELLFLOWER,16536 BELLFLOWER BLVD,,2026-10-09
GRASS ROOTS REALTY,67,https://secure.dre.ca.gov/datafile/CurrList.zip ; https://secure.dre.ca.gov/datafile/broker_associates_list.xls,CA,GRASS VALLEY,167 SOUTH AUBURN ST,,2026-10-09
GREGG EDWARD WATKINS,38,https://secure.dre.ca.gov/datafile/CurrList.zip ; https://secure.dre.ca.gov/datafile/broker_associates_list.xls,CA,SAN DIEGO,5703 OBERLIN DR STE 212,,2026-10-09
GROUNDED R.E.,61,https://secure.dre.ca.gov/datafile/CurrList.zip ; https://secure.dre.ca.gov/datafile/broker_associates_list.xls,CA,SACRAMENTO,915 20TH ST,,2026-10-09
"H M H REFERRAL, INC.",75,https://secure.dre.ca.gov/datafile/CurrList.zip ; https://secure.dre.ca.gov/datafile/broker_associates_list.xls,CA,RANCHO MIRAGE,70005 MIRAGE COVE DR,,2026-10-09
HACKWORTH INC.,47,https://secure.dre.ca.gov/datafile/CurrList.zip ; https://secure.dre.ca.gov/datafile/broker_associates_list.xls,CA,LODI,310 W LOCUST ST,,2026-10-09
HAPPY REAL ESTATE INC,36,https://secure.dre.ca.gov/datafile/CurrList.zip ; https://secure.dre.ca.gov/datafile/broker_associates_list.xls,CA,SUNNYVALE,958 EDMONDS WAY,,2026-10-09
HOMEBASED ENTERPRISES INC,72,https://secure.dre.ca.gov/datafile/CurrList.zip ; https://secure.dre.ca.gov/datafile/broker_associates_list.xls,CA,SANTA CLARITA,27943 SECO CANYON RD #325,,2026-10-09
"HOMELINK REALTY, INC.",74,https://secure.dre.ca.gov/datafile/CurrList.zip ; https://secure.dre.ca.gov/datafile/broker_associates_list.xls,CA,RIVERSIDE,3400 CENTRAL AVE #160,,2026-10-09
HOMEPLUS CORPORATION,55,https://secure.dre.ca.gov/datafile/CurrList.zip ; https://secure.dre.ca.gov/datafile/broker_associates_list.xls,CA,SAN DIEGO,PO BOX 99466,,2026-10-09
HUGINN HOLDINGS INC.,51,https://secure.dre.ca.gov/datafile/CurrList.zip ; https://secure.dre.ca.gov/datafile/broker_associates_list.xls,CA,BREA,PO BOX 10005,,2026-10-09
"I2I REAL ESTATE AND MORTGAGE, INC.",36,https://secure.dre.ca.gov/datafile/CurrList.zip ; https://secure.dre.ca.gov/datafile/broker_associates_list.xls,CA,CHULA VISTA,821 KUHN DR STE 210,,2026-10-09
IDS REAL ESTATE GROUP,66,https://secure.dre.ca.gov/datafile/CurrList.zip ; https://secure.dre.ca.gov/datafile/broker_associates_list.xls,CA,LOS ANGELES,515 S FIGUEROA ST 16TH FLOOR,,2026-10-09
III CREATE INC,43,https://secure.dre.ca.gov/datafile/CurrList.zip ; https://secure.dre.ca.gov/datafile/broker_associates_list.xls,CA,FREMONT,41111 MISSION BLVD,,2026-10-09
INC REAL ESTATE CORPORATION,39,https://secure.dre.ca.gov/datafile/CurrList.zip ; https://secure.dre.ca.gov/datafile/broker_associates_list.xls,CA,PLACENTIA,431 E PALM DR,,2026-10-09
INFINITE SUN REALTY,39,https://secure.dre.ca.gov/datafile/CurrList.zip ; https://secure.dre.ca.gov/datafile/broker_associates_list.xls,CA,DIAMOND BAR,1411 S DIAMOND BAR BLVD,,2026-10-09
INPECH INC,49,https://secure.dre.ca.gov/datafile/CurrList.zip ; https://secure.dre.ca.gov/datafile/broker_associates_list.xls,CA,IRVINE,43 CORPORATE PARK STE 100,,2026-10-09
INSPIRED REAL ESTATE GROUP INC,38,https://secure.dre.ca.gov/datafile/CurrList.zip ; https://secure.dre.ca.gov/datafile/broker_associates_list.xls,CA,ROCKLIN,PO BOX 2591,,2026-10-09
INTEGRITY MORTGAGE GROUP,45,https://secure.dre.ca.gov/datafile/CurrList.zip ; https://secure.dre.ca.gov/datafile/broker_associates_list.xls,CA,SAN DIEGO,9747 BUSINESSPARK AVE STE 218,,2026-10-09
INTEGRITY REAL ESTATE CENTER,37,https://secure.dre.ca.gov/datafile/CurrList.zip ; https://secure.dre.ca.gov/datafile/broker_associates_list.xls,CA,STOCKTON,4512 FEATHER RIVER DR STE C,,2026-10-09
IPRO REAL ESTATE,35,https://secure.dre.ca.gov/datafile/CurrList.zip ; https://secure.dre.ca.gov/datafile/broker_associates_list.xls,CA,NEWPORT BEACH,4533 MACARTHUR BLVD #5024,,2026-10-09
IRON KEY CENTRAL VALLEY INC.,66,https://secure.dre.ca.gov/datafile/CurrList.zip ; https://secure.dre.ca.gov/datafile/broker_associates_list.xls,CA,FRESNO,7643 N. INGRAM AVENUE,,2026-10-09
"JARRARD & ASSOCIATES, INC.",72,https://secure.dre.ca.gov/datafile/CurrList.zip ; https://secure.dre.ca.gov/datafile/broker_associates_list.xls,CA,OAK HILLS,6562 CALIENTE RD #106,,2026-10-09
"JASON MITCHELL REAL ESTATE CALIFORNIA,",65,https://secure.dre.ca.gov/datafile/CurrList.zip ; https://secure.dre.ca.gov/datafile/broker_associates_list.xls,CA,SCOTTSDALE,3080 N CIVIC CENTER DR,,2026-10-09
JERVIS & ASSOCIATES,41,https://secure.dre.ca.gov/datafile/CurrList.zip ; https://secure.dre.ca.gov/datafile/broker_associates_list.xls,CA,DOWNEY,10841 PARAMOUNT BLVD STE 300,,2026-10-09
JOHN CALVIN FRIEND,44,https://secure.dre.ca.gov/datafile/CurrList.zip ; https://secure.dre.ca.gov/datafile/broker_associates_list.xls,CA,SONORA,11910 HIGHWAY 49,,2026-10-09
JUAN EDUARDO FRANCO,66,https://secure.dre.ca.gov/datafile/CurrList.zip ; https://secure.dre.ca.gov/datafile/broker_associates_list.xls,CA,MORENO VALLEY,12981 PERRIS BLVD,,2026-10-09
"K. HOVNANIAN CALIFORNIA OPERATIONS, INC.",47,https://secure.dre.ca.gov/datafile/CurrList.zip ; https://secure.dre.ca.gov/datafile/broker_associates_list.xls,CA,CORONA,1260 CORONA POINTE CT STE 301,,2026-10-09
KANNELLA INC,69,https://secure.dre.ca.gov/datafile/CurrList.zip ; https://secure.dre.ca.gov/datafile/broker_associates_list.xls,CA,LANCASTER,43832 20TH ST W,,2026-10-09
"KKI VENTURES, INC.",36,https://secure.dre.ca.gov/datafile/CurrList.zip ; https://secure.dre.ca.gov/datafile/broker_associates_list.xls,CA,NEWPORT BEACH,4299 MACARTHUR BLVD STE 105,,2026-10-09
KRG REALTY GROUP INC,45,https://secure.dre.ca.gov/datafile/CurrList.zip ; https://secure.dre.ca.gov/datafile/broker_associates_list.xls,CA,CHINO,14726 RAMONA AVE STE 201,,2026-10-09
LEASKOU HIGGINS CORPORATION,66,https://secure.dre.ca.gov/datafile/CurrList.zip ; https://secure.dre.ca.gov/datafile/broker_associates_list.xls,CA,PALM SPRINGS,248 W. VEREDA NORTE,,2026-10-09
LEE & ASSOC COMMERCIAL REAL ESTATE,47,https://secure.dre.ca.gov/datafile/CurrList.zip ; https://secure.dre.ca.gov/datafile/broker_associates_list.xls,CA,CITY OF INDUSTRY,13181 CROSSROADS PKY NORTH #300,,2026-10-09
LEE & ASSOCIATES COMMERCIAL REAL,38,https://secure.dre.ca.gov/datafile/CurrList.zip ; https://secure.dre.ca.gov/datafile/broker_associates_list.xls,CA,TORRANCE,21250 HAWTHORNE BLVD STE 700,,2026-10-09
LEE & ASSOCIATES COMMERCIAL REAL,43,https://secure.dre.ca.gov/datafile/CurrList.zip ; https://secure.dre.ca.gov/datafile/broker_associates_list.xls,CA,ORANGE,1004 W TAFT AVE STE 150,,2026-10-09
LEE & ASSOCIATES COMMERCIAL REAL,61,https://secure.dre.ca.gov/datafile/CurrList.zip ; https://secure.dre.ca.gov/datafile/broker_associates_list.xls,CA,RIVERSIDE,3240 MISSION INN AVE,,2026-10-09
LEE & ASSOCIATES COMMERCIAL REAL,45,https://secure.dre.ca.gov/datafile/CurrList.zip ; https://secure.dre.ca.gov/datafile/broker_associates_list.xls,CA,CARLSBAD,1902 WRIGHT PL STE 180,,2026-10-09
LEE & ASSOCIATES COMMERCIAL REAL,43,https://secure.dre.ca.gov/datafile/CurrList.zip ; https://secure.dre.ca.gov/datafile/broker_associates_list.xls,CA,IRVINE,9838 RESEARCH DR,,2026-10-09
LEE & ASSOCIATES REALTY GROUP,44,https://secure.dre.ca.gov/datafile/CurrList.zip ; https://secure.dre.ca.gov/datafile/broker_associates_list.xls,CA,NEWPORT BEACH,100 BAYVIEW CIR STE 600,,2026-10-09
LEXINGTON ENTERPRISES GROUP INC,35,https://secure.dre.ca.gov/datafile/CurrList.zip ; https://secure.dre.ca.gov/datafile/broker_associates_list.xls,CA,SAN JOSE,5542 MONTEREY RD #208,,2026-10-09
"LGI REALTY - CALIFORNIA, INC.",49,https://secure.dre.ca.gov/datafile/CurrList.zip ; https://secure.dre.ca.gov/datafile/broker_associates_list.xls,CA,THE WOODLANDS,1450 LAKE ROBBINS DR STE 430,,2026-10-09
LIFETIME REALTY INC,39,https://secure.dre.ca.gov/datafile/CurrList.zip ; https://secure.dre.ca.gov/datafile/broker_associates_list.xls,CA,ORANGE,140 S FLOWER ST STE 200,,2026-10-09
LISA MARIE DRAKE,39,https://secure.dre.ca.gov/datafile/CurrList.zip ; https://secure.dre.ca.gov/datafile/broker_associates_list.xls,CA,FAIR OAKS,10118 FAIR OAKS BLVD,,2026-10-09
"LOAN ADVISOR GROUP, INC.",36,https://secure.dre.ca.gov/datafile/CurrList.zip ; https://secure.dre.ca.gov/datafile/broker_associates_list.xls,CA,LA VERNE,1025 SENTINAL DR 2ND FLR #200,,2026-10-09
LOANS REALTY ELITE CORPORATION,71,https://secure.dre.ca.gov/datafile/CurrList.zip ; https://secure.dre.ca.gov/datafile/broker_associates_list.xls,CA,ELK GROVE,7502 FORTALEZA AVE,,2026-10-09
LSM REALTY INC.,46,https://secure.dre.ca.gov/datafile/CurrList.zip ; https://secure.dre.ca.gov/datafile/broker_associates_list.xls,CA,WALNUT,"19811 COLIMA RD, SUITE 230",,2026-10-09
LUMIN LENDING INC.,72,https://secure.dre.ca.gov/datafile/CurrList.zip ; https://secure.dre.ca.gov/datafile/broker_associates_list.xls,CA,IRVINE,18201 VON KARMEN STE 800,,2026-10-09
"LUXURY HOMES, INC.",61,https://secure.dre.ca.gov/datafile/CurrList.zip ; https://secure.dre.ca.gov/datafile/broker_associates_list.xls,CA,NORTHRIDGE,10240 RESEDA BLVD,,2026-10-09
M POWER MORTGAGE INC,43,https://secure.dre.ca.gov/datafile/CurrList.zip ; https://secure.dre.ca.gov/datafile/broker_associates_list.xls,CA,RANCHO CUCAMONGA,8047 DAY CREEK BLVD #200,,2026-10-09
MARCUS & MILLICHAP CAPITAL,36,https://secure.dre.ca.gov/datafile/CurrList.zip ; https://secure.dre.ca.gov/datafile/broker_associates_list.xls,CA,CALABASAS,23975 PARK SORRENTO STE 400,,2026-10-09
"MARK 1 REAL ESTATE, INC.",37,https://secure.dre.ca.gov/datafile/CurrList.zip ; https://secure.dre.ca.gov/datafile/broker_associates_list.xls,CA,ORANGE,1342 E CHAPMAN AVE,,2026-10-09
MARKETPLACE BROKERS INC.,44,https://secure.dre.ca.gov/datafile/CurrList.zip ; https://secure.dre.ca.gov/datafile/broker_associates_list.xls,CA,COTATI,8220 OLD REDWOOD HWY,,2026-10-09
MASTERMAN ROCHE INC,37,https://secure.dre.ca.gov/datafile/CurrList.zip ; https://secure.dre.ca.gov/datafile/broker_associates_list.xls,CA,SOUTH PASADENA,305 PASADENA AVE,,2026-10-09
MC JAB INC,36,https://secure.dre.ca.gov/datafile/CurrList.zip ; https://secure.dre.ca.gov/datafile/broker_associates_list.xls,CA,SAN DIEGO,4550 KEARNY VILLA RD #215,,2026-10-09
MCRE GROUP INC,58,https://secure.dre.ca.gov/datafile/CurrList.zip ; https://secure.dre.ca.gov/datafile/broker_associates_list.xls,CA,CARMEL,26135 CARMEL RANCHO BLVD STE F200,,2026-10-09
MERITAGE HOMES OF CALIFORNIA INC,38,https://secure.dre.ca.gov/datafile/CurrList.zip ; https://secure.dre.ca.gov/datafile/broker_associates_list.xls,CA,SACRAMENTO,2850 GATEWAY OAKS DR STE 200,,2026-10-09
MOBILEHOMELOANS.COM,44,https://secure.dre.ca.gov/datafile/CurrList.zip ; https://secure.dre.ca.gov/datafile/broker_associates_list.xls,CA,VACAVILLE,607 ELMIRA RD #352,,2026-10-09
MONTEREY PENINSULA REAL ESTATE PARTNERS,55,https://secure.dre.ca.gov/datafile/CurrList.zip ; https://secure.dre.ca.gov/datafile/broker_associates_list.xls,CA,CARMEL,PO DRAWER C,,2026-10-09
MONUMENT ROW,45,https://secure.dre.ca.gov/datafile/CurrList.zip ; https://secure.dre.ca.gov/datafile/broker_associates_list.xls,CA,CARMICHAEL,1501 KINGSFORD DR,,2026-10-09
"MOON INVESTMENT, INC.",70,https://secure.dre.ca.gov/datafile/CurrList.zip ; https://secure.dre.ca.gov/datafile/broker_associates_list.xls,CA,PASADENA,1639 E WASHINGTON BLVD,,2026-10-09
MORTGAGE RESEARCH LABORATORY INC.,36,https://secure.dre.ca.gov/datafile/CurrList.zip ; https://secure.dre.ca.gov/datafile/broker_associates_list.xls,CA,LOS ANGELES,1227 WEST TEMPLE STREET 2ND FLOOR,,2026-10-09
NEW DREAM INVESTMENT CORP,58,https://secure.dre.ca.gov/datafile/CurrList.zip ; https://secure.dre.ca.gov/datafile/broker_associates_list.xls,CA,DIAMOND BAR,20955 PATHFINDER RD STE 215,,2026-10-09
NEW WAVE LENDING GROUP INC,68,https://secure.dre.ca.gov/datafile/CurrList.zip ; https://secure.dre.ca.gov/datafile/broker_associates_list.xls,CA,CITY OF INDUSTRY,1199 FAIRWAY DR,,2026-10-09
"NEWMARK PACIFIC, INC.",48,https://secure.dre.ca.gov/datafile/CurrList.zip ; https://secure.dre.ca.gov/datafile/broker_associates_list.xls,CA,LOS ANGELES,1900 AVENUE OF THE STARS 16TH FLR,,2026-10-09
"NEXGEN REALTORS, INC.",49,https://secure.dre.ca.gov/datafile/CurrList.zip ; https://secure.dre.ca.gov/datafile/broker_associates_list.xls,CA,RANCHO CUCAMONGA,10535 FOOTHILL BLVD STE 230,,2026-10-09
NICOLAS ROMO,43,https://secure.dre.ca.gov/datafile/CurrList.zip ; https://secure.dre.ca.gov/datafile/broker_associates_list.xls,CA,DOWNEY,8050 FLORENCE AVE 109,,2026-10-09
"NORTHMARQ REALTY SERVICES, INC.",47,https://secure.dre.ca.gov/datafile/CurrList.zip ; https://secure.dre.ca.gov/datafile/broker_associates_list.xls,CA,NEWPORT BEACH,500 NEWPORT CENTER DR STE 650,,2026-10-09
"NU LEVEL REALTY, INC.",46,https://secure.dre.ca.gov/datafile/CurrList.zip ; https://secure.dre.ca.gov/datafile/broker_associates_list.xls,CA,BURLINGAME,1818 GILBRETH RD STE #126,,2026-10-09
O C HOME LOANS INC.,37,https://secure.dre.ca.gov/datafile/CurrList.zip ; https://secure.dre.ca.gov/datafile/broker_associates_list.xls,CA,SAN JUAN CAPISTRANO,26291 PASEO ARMONIA,,2026-10-09
"OC LUXURY PARTNERS, INC",61,https://secure.dre.ca.gov/datafile/CurrList.zip ; https://secure.dre.ca.gov/datafile/broker_associates_list.xls,CA,IRVINE,530 TECHNOLOGY DR,,2026-10-09
OHANA AMERICANA CORPORATION,52,https://secure.dre.ca.gov/datafile/CurrList.zip ; https://secure.dre.ca.gov/datafile/broker_associates_list.xls,CA,ARTESIA,18163 PIONEER BLVD,,2026-10-09
OHD INC,72,https://secure.dre.ca.gov/datafile/CurrList.zip ; https://secure.dre.ca.gov/datafile/broker_associates_list.xls,CA,BRENTWOOD,191 SAND CREEK RD STE 100,,2026-10-09
ONY GLO INC,39,https://secure.dre.ca.gov/datafile/CurrList.zip ; https://secure.dre.ca.gov/datafile/broker_associates_list.xls,CA,SANTA ANA,6 HUTTON CENTRE DR #1030,,2026-10-09
OPTIMA REALTY,68,https://secure.dre.ca.gov/datafile/CurrList.zip ; https://secure.dre.ca.gov/datafile/broker_associates_list.xls,CA,CONCORD,3350 CLAYTON RD STE 100,,2026-10-09
OPTION FUNDING INC,37,https://secure.dre.ca.gov/datafile/CurrList.zip ; https://secure.dre.ca.gov/datafile/broker_associates_list.xls,CA,WESTLAKE VILLAGE,4165 EAST THOUSAND OAKS BLVD STE 260,,2026-10-09
"P16:3, INC.",41,https://secure.dre.ca.gov/datafile/CurrList.zip ; https://secure.dre.ca.gov/datafile/broker_associates_list.xls,CA,TEMPLETON,408 S MAIN ST STE 120,,2026-10-09
"PACIFIC BAY LENDING, INC.",55,https://secure.dre.ca.gov/datafile/CurrList.zip ; https://secure.dre.ca.gov/datafile/broker_associates_list.xls,CA,SAN RAFAEL,121 PAUL DR STE D,,2026-10-09
PACIFIC DESERT INC,42,https://secure.dre.ca.gov/datafile/CurrList.zip ; https://secure.dre.ca.gov/datafile/broker_associates_list.xls,CA,DENVER,100 SAINT PAUL ST #200,,2026-10-09
PARK LANE CAPITAL INC,42,https://secure.dre.ca.gov/datafile/CurrList.zip ; https://secure.dre.ca.gov/datafile/broker_associates_list.xls,CA,WOODSIDE,214 ELEANOR DR,,2026-10-09
PATRIOT PACIFIC FINANCIAL CORP.,50,https://secure.dre.ca.gov/datafile/CurrList.zip ; https://secure.dre.ca.gov/datafile/broker_associates_list.xls,CA,MURRIETA,24910 LAS BRISAS RD,,2026-10-09
PAUL BLANCO AND ASSOCIATES INC.,45,https://secure.dre.ca.gov/datafile/CurrList.zip ; https://secure.dre.ca.gov/datafile/broker_associates_list.xls,CA,SANTA MARIA,1750 S BROADWAY STE D,,2026-10-09
PG & ASSOCIATES INC,64,https://secure.dre.ca.gov/datafile/CurrList.zip ; https://secure.dre.ca.gov/datafile/broker_associates_list.xls,CA,SAN FERNANDO,651 SAN FERNANDO MISSION BLVD,,2026-10-09
"PINAKOS PREMIER, INC.",63,https://secure.dre.ca.gov/datafile/CurrList.zip ; https://secure.dre.ca.gov/datafile/broker_associates_list.xls,CA,VENTURA,305 S KALORAMA ST STE B,,2026-10-09
PONOISMS INC.,67,https://secure.dre.ca.gov/datafile/CurrList.zip ; https://secure.dre.ca.gov/datafile/broker_associates_list.xls,CA,SAN DIEGO,2831 CAMINO DEL RIO SOUTH,,2026-10-09
PREFERRED GROUP PROPERTIES INC,53,https://secure.dre.ca.gov/datafile/CurrList.zip ; https://secure.dre.ca.gov/datafile/broker_associates_list.xls,CA,DANA POINT,3 MONARCH BAY PLAZA STE 100,,2026-10-09
PRICE REAL ESTATE GROUP INC,60,https://secure.dre.ca.gov/datafile/CurrList.zip ; https://secure.dre.ca.gov/datafile/broker_associates_list.xls,CA,UPLAND,140 S EUCLID AVE #B,,2026-10-09
PROFESSIONAL LAND CORPORATION,50,https://secure.dre.ca.gov/datafile/CurrList.zip ; https://secure.dre.ca.gov/datafile/broker_associates_list.xls,CA,LAGUNA HILLS,23201 MILL CREEK DR 3RD FLOOR,,2026-10-09
PROFITABLE HOLDINGS INC.,59,https://secure.dre.ca.gov/datafile/CurrList.zip ; https://secure.dre.ca.gov/datafile/broker_associates_list.xls,CA,TEHACHAPI,29500 SPRINGWOOD CT,,2026-10-09
PROLOGIS CALIFORNIA INC.,68,https://secure.dre.ca.gov/datafile/CurrList.zip ; https://secure.dre.ca.gov/datafile/broker_associates_list.xls,CA,ONTARIO,"3546 CONCOURS ST, STE 100",,2026-10-09
PRONET PARTNERS INC,60,https://secure.dre.ca.gov/datafile/CurrList.zip ; https://secure.dre.ca.gov/datafile/broker_associates_list.xls,CA,RANCHO MIRAGE,70227 HIGHWAY 111,,2026-10-09
"PULTE HOMES OF CALIFORNIA, INC.",70,https://secure.dre.ca.gov/datafile/CurrList.zip ; https://secure.dre.ca.gov/datafile/broker_associates_list.xls,CA,MISSION VIEJO,27401 LOS ALTOS STE 400,,2026-10-09
PURE HOMERIVER PROPERTY MANAGEMENT INC,40,https://secure.dre.ca.gov/datafile/CurrList.zip ; https://secure.dre.ca.gov/datafile/broker_associates_list.xls,CA,LOS GATOS,15495 LOS GATOS BLVD #9,,2026-10-09
RAPISARDA & RAPISARDA INC,35,https://secure.dre.ca.gov/datafile/CurrList.zip ; https://secure.dre.ca.gov/datafile/broker_associates_list.xls,CA,VACAVILLE,366 MERCHANT ST,,2026-10-09
RCA PROPERTIES INC,59,https://secure.dre.ca.gov/datafile/CurrList.zip ; https://secure.dre.ca.gov/datafile/broker_associates_list.xls,CA,PASO ROBLES,711 12TH ST,,2026-10-09
RE/MAX-ALL ESTATES REALTORS,46,https://secure.dre.ca.gov/datafile/CurrList.zip ; https://secure.dre.ca.gov/datafile/broker_associates_list.xls,CA,VISALIA,4840 W MINERAL KING AVE,,2026-10-09
REAL CONSULTANTS MORTGAGE AND REAL,42,https://secure.dre.ca.gov/datafile/CurrList.zip ; https://secure.dre.ca.gov/datafile/broker_associates_list.xls,CA,DOWNEY,8141 2ND ST STE 420,,2026-10-09
REAL ESTATE ELITE CORPORATION,75,https://secure.dre.ca.gov/datafile/CurrList.zip ; https://secure.dre.ca.gov/datafile/broker_associates_list.xls,CA,ARCADIA,133 E HUNTINGTON DR,,2026-10-09
"REAL MVPS, INC.",62,https://secure.dre.ca.gov/datafile/CurrList.zip ; https://secure.dre.ca.gov/datafile/broker_associates_list.xls,CA,RIVERSIDE,6820 INDIANA AVE STE 110,,2026-10-09
REALTY ADVENTURES INC,41,https://secure.dre.ca.gov/datafile/CurrList.zip ; https://secure.dre.ca.gov/datafile/broker_associates_list.xls,CA,WESTLAKE VILLAGE,5707 CORSA AVE STE 200,,2026-10-09
REALTYPRO NETWORK CALIFORNIA INC.,50,https://secure.dre.ca.gov/datafile/CurrList.zip ; https://secure.dre.ca.gov/datafile/broker_associates_list.xls,CA,NEWPORT BEACH,23 CORPORATE PLAZA DR STE 150-88,,2026-10-09
"REFERRAL NETWORK, INC.",62,https://secure.dre.ca.gov/datafile/CurrList.zip ; https://secure.dre.ca.gov/datafile/broker_associates_list.xls,CA,TUSTIN,12651 NEWPORT AVE,,2026-10-09
"REYNA GIBBS PROPERTIES, INC.",42,https://secure.dre.ca.gov/datafile/CurrList.zip ; https://secure.dre.ca.gov/datafile/broker_associates_list.xls,CA,MURPHYS,106 MAIN ST,,2026-10-09
RIDGEWATER REAL ESTATE SERVICES INC,41,https://secure.dre.ca.gov/datafile/CurrList.zip ; https://secure.dre.ca.gov/datafile/broker_associates_list.xls,CA,OAKLEY,2170 MAIN ST STE C,,2026-10-09
RIVERLAKES BROKERS INC,35,https://secure.dre.ca.gov/datafile/CurrList.zip ; https://secure.dre.ca.gov/datafile/broker_associates_list.xls,CA,BAKERSFIELD,9100 MING AVE #100,,2026-10-09
ROADRUNNER REALTY INCORPORATED,37,https://secure.dre.ca.gov/datafile/CurrList.zip ; https://secure.dre.ca.gov/datafile/broker_associates_list.xls,CA,YUCCA VALLEY,56809 29 PALMS HWY,,2026-10-09
ROBERT L STALLINGS INC,38,https://secure.dre.ca.gov/datafile/CurrList.zip ; https://secure.dre.ca.gov/datafile/broker_associates_list.xls,CA,LONG BEACH,5199 E PACIFIC COAST HWY STE 100D,,2026-10-09
ROD ALUISI & ASSOCIATES REAL ESTATE INC,51,https://secure.dre.ca.gov/datafile/CurrList.zip ; https://secure.dre.ca.gov/datafile/broker_associates_list.xls,CA,FRESNO,1170 E CHAMPLAIN DR STE 109,,2026-10-09
"S & S GOLDEN REALTY, INC.",45,https://secure.dre.ca.gov/datafile/CurrList.zip ; https://secure.dre.ca.gov/datafile/broker_associates_list.xls,CA,PASADENA,482 N ROSEMEAD BLVD #101,,2026-10-09
S J HERITAGE INC,42,https://secure.dre.ca.gov/datafile/CurrList.zip ; https://secure.dre.ca.gov/datafile/broker_associates_list.xls,CA,NORTHRIDGE,9003 RESEDA BLVD STE 105,,2026-10-09
SAN DIEGO CASTLES REALTY,39,https://secure.dre.ca.gov/datafile/CurrList.zip ; https://secure.dre.ca.gov/datafile/broker_associates_list.xls,CA,SAN DIEGO,9980 RUE CHANTEMAR,,2026-10-09
SARINANA INC,63,https://secure.dre.ca.gov/datafile/CurrList.zip ; https://secure.dre.ca.gov/datafile/broker_associates_list.xls,CA,DOWNEY,10839 LA REINA AVE STE 100,,2026-10-09
SCENIC DEVELOPMENT INC,71,https://secure.dre.ca.gov/datafile/CurrList.zip ; https://secure.dre.ca.gov/datafile/broker_associates_list.xls,CA,MODESTO,1120 SCENIC DR,,2026-10-09
SEGERSTROM REAL ESTATE INC,66,https://secure.dre.ca.gov/datafile/CurrList.zip ; https://secure.dre.ca.gov/datafile/broker_associates_list.xls,CA,SONORA,84 N WASHINGTON ST,,2026-10-09
"SEQUOIA REAL ESTATE - CITY PROPERTIES,",41,https://secure.dre.ca.gov/datafile/CurrList.zip ; https://secure.dre.ca.gov/datafile/broker_associates_list.xls,CA,SAN FRANCISCO,3595 BALBOA ST,,2026-10-09
SERV CORP.,72,https://secure.dre.ca.gov/datafile/CurrList.zip ; https://secure.dre.ca.gov/datafile/broker_associates_list.xls,CA,RANCHO MIRAGE,72877 DINAH SHORE DRIVE,,2026-10-09
"SERVICE REAL ESTATE, INC.",71,https://secure.dre.ca.gov/datafile/CurrList.zip ; https://secure.dre.ca.gov/datafile/broker_associates_list.xls,CA,PALM DESERT,78000 FRED WARING DR STE 205,,2026-10-09
"SFRE BEVERLY HILLS, INC.",44,https://secure.dre.ca.gov/datafile/CurrList.zip ; https://secure.dre.ca.gov/datafile/broker_associates_list.xls,CA,PARK CITY,PO BOX 680717,,2026-10-09
"SFRE WESTLAKE, INC.",40,https://secure.dre.ca.gov/datafile/CurrList.zip ; https://secure.dre.ca.gov/datafile/broker_associates_list.xls,CA,PARK CITY,P O BOX 680717,,2026-10-09
SFRE WINE COUNTRY,68,https://secure.dre.ca.gov/datafile/CurrList.zip ; https://secure.dre.ca.gov/datafile/broker_associates_list.xls,CA,PARK CITY,PO BOX 680717,,2026-10-09
"SHISHANA HOGG, INC.",64,https://secure.dre.ca.gov/datafile/CurrList.zip ; https://secure.dre.ca.gov/datafile/broker_associates_list.xls,CA,TEMECULA,32605 TEMECULA PKWY STE 310,,2026-10-09
SIERRA NEVADA GOLD INC.,48,https://secure.dre.ca.gov/datafile/CurrList.zip ; https://secure.dre.ca.gov/datafile/broker_associates_list.xls,CA,GRASS VALLEY,776-B FREEMAN LANE,,2026-10-09
SIMPLIHOM INC,68,https://secure.dre.ca.gov/datafile/CurrList.zip ; https://secure.dre.ca.gov/datafile/broker_associates_list.xls,CA,HENDERSONVILLE,118 SAUNDERSVILLE RD #150,,2026-10-09
SMART SELL REAL ESTATE INC,36,https://secure.dre.ca.gov/datafile/CurrList.zip ; https://secure.dre.ca.gov/datafile/broker_associates_list.xls,CA,RANCHO CUCAMONGA,11023 EUCALYPTUS ST,,2026-10-09
"SMITHANDCOMPANY, PROFESSIONAL",40,https://secure.dre.ca.gov/datafile/CurrList.zip ; https://secure.dre.ca.gov/datafile/broker_associates_list.xls,CA,GARDEN GROVE,11887 VALLEY VIEW ST,,2026-10-09
SOLANO PACIFIC CORPORATION,55,https://secure.dre.ca.gov/datafile/CurrList.zip ; https://secure.dre.ca.gov/datafile/broker_associates_list.xls,CA,BENICIA,900 FIRST ST,,2026-10-09
"SORENSEN SOLUTIONS, INC.",43,https://secure.dre.ca.gov/datafile/CurrList.zip ; https://secure.dre.ca.gov/datafile/broker_associates_list.xls,CA,TEMECULA,43521 RIDGE PARK DR STE 201,,2026-10-09
SPG HOMES INC.,39,https://secure.dre.ca.gov/datafile/CurrList.zip ; https://secure.dre.ca.gov/datafile/broker_associates_list.xls,CA,DOWNEY,12155 PARAMOUNT BLVD,,2026-10-09
STARFIRE REAL ESTATE CORP.,47,https://secure.dre.ca.gov/datafile/CurrList.zip ; https://secure.dre.ca.gov/datafile/broker_associates_list.xls,CA,LAGUNA NIGUEL,27611 LA PAZ ROAD STE A2,,2026-10-09
STARKEY HOLDINGS INC,51,https://secure.dre.ca.gov/datafile/CurrList.zip ; https://secure.dre.ca.gov/datafile/broker_associates_list.xls,CA,PLEASANTON,550 MAIN STREET,,2026-10-09
STERLING LOUIS ROYAL,36,https://secure.dre.ca.gov/datafile/CurrList.zip ; https://secure.dre.ca.gov/datafile/broker_associates_list.xls,CA,SACRAMENTO,1383 GARDEN HWY #100,,2026-10-09
STERLING ROYAL REAL ESTATE,45,https://secure.dre.ca.gov/datafile/CurrList.zip ; https://secure.dre.ca.gov/datafile/broker_associates_list.xls,CA,SACRAMENTO,1383 GARDEN HWY #100,,2026-10-09
"STREAM REALTY-SOUTHERN CALIFORNIA, INC.",42,https://secure.dre.ca.gov/datafile/CurrList.zip ; https://secure.dre.ca.gov/datafile/broker_associates_list.xls,CA,DALLAS,2001 ROSS AVE STE 400,,2026-10-09
SULLIVAN & GENIE INCORPORATED,47,https://secure.dre.ca.gov/datafile/CurrList.zip ; https://secure.dre.ca.gov/datafile/broker_associates_list.xls,CA,COVINA,599 S BARRANCA AVE STE 573,,2026-10-09
"SUNNY HILLS REAL ESTATE, INC.",48,https://secure.dre.ca.gov/datafile/CurrList.zip ; https://secure.dre.ca.gov/datafile/broker_associates_list.xls,CA,FULLERTON,2270 ROSECRANS AVE,,2026-10-09
SURF CITY EQUITIES INC,43,https://secure.dre.ca.gov/datafile/CurrList.zip ; https://secure.dre.ca.gov/datafile/broker_associates_list.xls,CA,HUNTINGTON BEACH,21230 BEACH BLVD,,2026-10-09
SUSAN ANNE EBERT,35,https://secure.dre.ca.gov/datafile/CurrList.zip ; https://secure.dre.ca.gov/datafile/broker_associates_list.xls,CA,MURRIETA,39381 LOS ALAMOS RD STE D,,2026-10-09
TAMI PARDEE PROPERTIES,45,https://secure.dre.ca.gov/datafile/CurrList.zip ; https://secure.dre.ca.gov/datafile/broker_associates_list.xls,CA,VENICE,1524 ABBOT KINNEY BLVD,,2026-10-09
"TEAMCARRIECHARISSE, INC.",39,https://secure.dre.ca.gov/datafile/CurrList.zip ; https://secure.dre.ca.gov/datafile/broker_associates_list.xls,CA,ORANGE,1342 E CHAPMAN AVE,,2026-10-09
TEYMOUR FARHANG ENTERPRISES INC,54,https://secure.dre.ca.gov/datafile/CurrList.zip ; https://secure.dre.ca.gov/datafile/broker_associates_list.xls,CA,VISALIA,1770 W WALNUT AVE,,2026-10-09
THE 209 AGENT INC,71,https://secure.dre.ca.gov/datafile/CurrList.zip ; https://secure.dre.ca.gov/datafile/broker_associates_list.xls,CA,TURLOCK,2051 GEER RD,,2026-10-09
THE COLSTON COMPANY,44,https://secure.dre.ca.gov/datafile/CurrList.zip ; https://secure.dre.ca.gov/datafile/broker_associates_list.xls,CA,TURLOCK,2853 GEER RD STE B,,2026-10-09
"THE LUXURY PITTS GROUP, INC.",36,https://secure.dre.ca.gov/datafile/CurrList.zip ; https://secure.dre.ca.gov/datafile/broker_associates_list.xls,CA,INGLEWOOD,100 S. MARKET ST,,2026-10-09
THE MORTGAGE LAB INC,40,https://secure.dre.ca.gov/datafile/CurrList.zip ; https://secure.dre.ca.gov/datafile/broker_associates_list.xls,CA,SAN DIEGO,401 WEST A ST STE 200,,2026-10-09
"THE MORTGAGE PROS FUNDING, INC",36,https://secure.dre.ca.gov/datafile/CurrList.zip ; https://secure.dre.ca.gov/datafile/broker_associates_list.xls,CA,RIVERSIDE,1299 COLUMBIA AVE STE E1,,2026-10-09
THE MORTGAGE SOLUTION SERVICES,51,https://secure.dre.ca.gov/datafile/CurrList.zip ; https://secure.dre.ca.gov/datafile/broker_associates_list.xls,CA,CERRITOS,17409 MARQUARDT AVE STE F,,2026-10-09
"THE ROBLES COMPANIES, INC",57,https://secure.dre.ca.gov/datafile/CurrList.zip ; https://secure.dre.ca.gov/datafile/broker_associates_list.xls,CA,MISSION HILLS,15455 SAN FERNANDO MISSION BLVD STE 101,,2026-10-09
THINK RE MANAGEMENT INC.,45,https://secure.dre.ca.gov/datafile/CurrList.zip ; https://secure.dre.ca.gov/datafile/broker_associates_list.xls,CA,LOS ALAMITOS,4478 CERRITOS AVE,,2026-10-09
TNC REALTY,41,https://secure.dre.ca.gov/datafile/CurrList.zip ; https://secure.dre.ca.gov/datafile/broker_associates_list.xls,CA,ONTARIO,3200 INLAND EMPIRE BLVD STE 230,,2026-10-09
TNHC REALTY AND CONSTRUCTION INC,48,https://secure.dre.ca.gov/datafile/CurrList.zip ; https://secure.dre.ca.gov/datafile/broker_associates_list.xls,CA,IRVINE,18300 VON KARMAN AVE,,2026-10-09
TOPSKY REALTY INC,74,https://secure.dre.ca.gov/datafile/CurrList.zip ; https://secure.dre.ca.gov/datafile/broker_associates_list.xls,CA,IRVINE,19900 MACARTHUR BLVD SUITE 1120,,2026-10-09
TREG INC,35,https://secure.dre.ca.gov/datafile/CurrList.zip ; https://secure.dre.ca.gov/datafile/broker_associates_list.xls,CA,REDDING,950 MISSION DE ORO DR,,2026-10-09
TRENDS RE INC.,41,https://secure.dre.ca.gov/datafile/CurrList.zip ; https://secure.dre.ca.gov/datafile/broker_associates_list.xls,CA,NEWPORT BEACH,120 NEWPORT CENTER DR,,2026-10-09
TROTH V INC,68,https://secure.dre.ca.gov/datafile/CurrList.zip ; https://secure.dre.ca.gov/datafile/broker_associates_list.xls,CA,LANCASTER,1801 W AVENUE K STE 101,,2026-10-09
TRT HOME LOANS INC,58,https://secure.dre.ca.gov/datafile/CurrList.zip ; https://secure.dre.ca.gov/datafile/broker_associates_list.xls,CA,WEST COVINA,3110 E GARVEY AVE SOUTH,,2026-10-09
TRUMARK CONSTRUCTION SERVICES INC,62,https://secure.dre.ca.gov/datafile/CurrList.zip ; https://secure.dre.ca.gov/datafile/broker_associates_list.xls,CA,SAN RAMON,3001 BISHOP DRIVE,,2026-10-09
TWO PARTNERS INC,36,https://secure.dre.ca.gov/datafile/CurrList.zip ; https://secure.dre.ca.gov/datafile/broker_associates_list.xls,CA,CORONA,434 N MAIN ST #107,,2026-10-09
"TXR HOMES, INC.",59,https://secure.dre.ca.gov/datafile/CurrList.zip ; https://secure.dre.ca.gov/datafile/broker_associates_list.xls,CA,SAN DIEGO,3211 KEATS ST,,2026-10-09
UNITED LENDING PARTNERS INC,65,https://secure.dre.ca.gov/datafile/CurrList.zip ; https://secure.dre.ca.gov/datafile/broker_associates_list.xls,CA,PLEASANTON,3825 HOPYARD RD #150,,2026-10-09
"UREALTY, INC.",51,https://secure.dre.ca.gov/datafile/CurrList.zip ; https://secure.dre.ca.gov/datafile/broker_associates_list.xls,CA,ROCKLIN,6524 LONETREE BLVD,,2026-10-09
UTOPIA MANAGEMENT INC,44,https://secure.dre.ca.gov/datafile/CurrList.zip ; https://secure.dre.ca.gov/datafile/broker_associates_list.xls,CA,SAN DIEGO,4617 RUFFNER ST,,2026-10-09
VDINTER CORP,64,https://secure.dre.ca.gov/datafile/CurrList.zip ; https://secure.dre.ca.gov/datafile/broker_associates_list.xls,CA,DOWNEY,8141 E 2ND ST #414,,2026-10-09
"VELUR REAL ESTATE SERVICES, INC.",44,https://secure.dre.ca.gov/datafile/CurrList.zip ; https://secure.dre.ca.gov/datafile/broker_associates_list.xls,CA,WOODLAND HILLS,20700 VENTURA BLVD STE 301,,2026-10-09
VII COMMERCIAL CORP,38,https://secure.dre.ca.gov/datafile/CurrList.zip ; https://secure.dre.ca.gov/datafile/broker_associates_list.xls,CA,AGOURA HILLS,5739 KANAN RD #525,,2026-10-09
W E FINANCIAL INC,50,https://secure.dre.ca.gov/datafile/CurrList.zip ; https://secure.dre.ca.gov/datafile/broker_associates_list.xls,CA,HUNTINGTON BEACH,4952 WARNER AVE STE 109,,2026-10-09
WALTON REALTY INC,36,https://secure.dre.ca.gov/datafile/CurrList.zip ; https://secure.dre.ca.gov/datafile/broker_associates_list.xls,CA,BREA,570 S BREA BLVD,,2026-10-09
WEDGEWOOD HOMES REALTY,41,https://secure.dre.ca.gov/datafile/CurrList.zip ; https://secure.dre.ca.gov/datafile/broker_associates_list.xls,CA,REDONDO BEACH,2015 MANHATTAN BEACH BLVD STE 100,,2026-10-09
WEM PACIFIC INVESTMENT INC,42,https://secure.dre.ca.gov/datafile/CurrList.zip ; https://secure.dre.ca.gov/datafile/broker_associates_list.xls,CA,DALY CITY,333 GELLERT BLVD STE 140,,2026-10-09
"WESTCHESTER PLAYA REALTY ALLIANCE, INC.",39,https://secure.dre.ca.gov/datafile/CurrList.zip ; https://secure.dre.ca.gov/datafile/broker_associates_list.xls,CA,EL SEGUNDO,883 N DOUGLAS ST,,2026-10-09
WESTCOE REALTORS INC,59,https://secure.dre.ca.gov/datafile/CurrList.zip ; https://secure.dre.ca.gov/datafile/broker_associates_list.xls,CA,RIVERSIDE,7191 MAGNOLIA AVE,,2026-10-09
WESTERN PIONEER FINANCIAL INC,45,https://secure.dre.ca.gov/datafile/CurrList.zip ; https://secure.dre.ca.gov/datafile/broker_associates_list.xls,CA,FRESNO,1398 W HERNDON AVE STE 205,,2026-10-09
WILDWOOD PROPERTIES INC,35,https://secure.dre.ca.gov/datafile/CurrList.zip ; https://secure.dre.ca.gov/datafile/broker_associates_list.xls,CA,TWAIN HARTE,PO BOX 548,,2026-10-09
"WINNING RESULTS REALTY, INC.",63,https://secure.dre.ca.gov/datafile/CurrList.zip ; https://secure.dre.ca.gov/datafile/broker_associates_list.xls,CA,BRENTWOOD,613 1ST ST STE 211,,2026-10-09
"WISDOM PROPERTIES, INC.",41,https://secure.dre.ca.gov/datafile/CurrList.zip ; https://secure.dre.ca.gov/datafile/broker_associates_list.xls,CA,DEL MAR,1312 CAMINO DEL MAR,,2026-10-09
EXP COMMERCIAL LLC,74,https://apps2.colorado.gov/dre/licensing/Lookup/GenerateRoster.aspx (Active Associate Brokers + Active Responsible Brokers + Active Real Estate Companies rosters),CO,ENGLEWOOD,9800 PYRAMID CT STE 400,,2026-10-09
MICHAEL STEPHEN KENNEY,64,https://apps2.colorado.gov/dre/licensing/Lookup/GenerateRoster.aspx (Active Associate Brokers + Active Responsible Brokers + Active Real Estate Companies rosters),CO,,,,2026-10-09
BELL PARK REALTY INC,40,https://data.ct.gov/api/views/eqtn-rppv/rows.csv?accessType=DOWNLOAD ; https://data.ct.gov/api/views/fwpc-pgqj/rows.csv?accessType=DOWNLOAD,CT,DAYVILLE,,,2026-10-09
BERKSHIRE HATHAWAY HOMESERVICES REALTY PROFESSIONALS,53,https://data.ct.gov/api/views/eqtn-rppv/rows.csv?accessType=DOWNLOAD ; https://data.ct.gov/api/views/fwpc-pgqj/rows.csv?accessType=DOWNLOAD,CT,SOUTHWICK,,,2026-10-09
BHS CT REFERRAL LLC,58,https://data.ct.gov/api/views/eqtn-rppv/rows.csv?accessType=DOWNLOAD ; https://data.ct.gov/api/views/fwpc-pgqj/rows.csv?accessType=DOWNLOAD,CT,DARIEN,,,2026-10-09
CARBUTTI & CO REALTORS LLC,48,https://data.ct.gov/api/views/eqtn-rppv/rows.csv?accessType=DOWNLOAD ; https://data.ct.gov/api/views/fwpc-pgqj/rows.csv?accessType=DOWNLOAD,CT,WALLINGFORD,,,2026-10-09
CLEMENS & SONS REALTY INC,51,https://data.ct.gov/api/views/eqtn-rppv/rows.csv?accessType=DOWNLOAD ; https://data.ct.gov/api/views/fwpc-pgqj/rows.csv?accessType=DOWNLOAD,CT,ROCKY HILL,,,2026-10-09
COMPASS CONNECTICUT RD LLC,40,https://data.ct.gov/api/views/eqtn-rppv/rows.csv?accessType=DOWNLOAD ; https://data.ct.gov/api/views/fwpc-pgqj/rows.csv?accessType=DOWNLOAD,CT,NEW YORK,,,2026-10-09
CT REFERRAL GROUP LLC,73,https://data.ct.gov/api/views/eqtn-rppv/rows.csv?accessType=DOWNLOAD ; https://data.ct.gov/api/views/fwpc-pgqj/rows.csv?accessType=DOWNLOAD,CT,RIDGEFIELD,,,2026-10-09
DOUGLAS ELLIMAN OF CONNECTICUT LLC,49,https://data.ct.gov/api/views/eqtn-rppv/rows.csv?accessType=DOWNLOAD ; https://data.ct.gov/api/views/fwpc-pgqj/rows.csv?accessType=DOWNLOAD,CT,GREENWICH,,,2026-10-09
EREALTY ADVISORS INC,51,https://data.ct.gov/api/views/eqtn-rppv/rows.csv?accessType=DOWNLOAD ; https://data.ct.gov/api/views/fwpc-pgqj/rows.csv?accessType=DOWNLOAD,CT,STAMFORD,,,2026-10-09
EXP COMMERCIAL OF CONNECTICUT LLC,36,https://data.ct.gov/api/views/eqtn-rppv/rows.csv?accessType=DOWNLOAD ; https://data.ct.gov/api/views/fwpc-pgqj/rows.csv?accessType=DOWNLOAD,CT,STAMFORD,,,2026-10-09
FIVE STARS REALTY LLC,53,https://data.ct.gov/api/views/eqtn-rppv/rows.csv?accessType=DOWNLOAD ; https://data.ct.gov/api/views/fwpc-pgqj/rows.csv?accessType=DOWNLOAD,CT,HARTFORD,,,2026-10-09
GEORGE W AGNELLI JR,50,https://data.ct.gov/api/views/eqtn-rppv/rows.csv?accessType=DOWNLOAD ; https://data.ct.gov/api/views/fwpc-pgqj/rows.csv?accessType=DOWNLOAD,CT,EAST HARTFORD,,,2026-10-09
HIGGINS REFERRAL GROUP,69,https://data.ct.gov/api/views/eqtn-rppv/rows.csv?accessType=DOWNLOAD ; https://data.ct.gov/api/views/fwpc-pgqj/rows.csv?accessType=DOWNLOAD,CT,FAIRFIELD,,,2026-10-09
"HL REFERRAL NETWORK CT, LLC",54,https://data.ct.gov/api/views/eqtn-rppv/rows.csv?accessType=DOWNLOAD ; https://data.ct.gov/api/views/fwpc-pgqj/rows.csv?accessType=DOWNLOAD,CT,DARIEN,,,2026-10-09
JCMSA LLC,38,https://data.ct.gov/api/views/eqtn-rppv/rows.csv?accessType=DOWNLOAD ; https://data.ct.gov/api/views/fwpc-pgqj/rows.csv?accessType=DOWNLOAD,CT,WESTPORT,,,2026-10-09
LAURA STEVENS INC,36,https://data.ct.gov/api/views/eqtn-rppv/rows.csv?accessType=DOWNLOAD ; https://data.ct.gov/api/views/fwpc-pgqj/rows.csv?accessType=DOWNLOAD,CT,LONGMEADOW,,,2026-10-09
NAPLES REALTY GROUP LLC,47,https://data.ct.gov/api/views/eqtn-rppv/rows.csv?accessType=DOWNLOAD ; https://data.ct.gov/api/views/fwpc-pgqj/rows.csv?accessType=DOWNLOAD,CT,FEEDING HILLS,,,2026-10-09
NEXT LEVEL TEAM OF RE/MAX ONE.,66,https://data.ct.gov/api/views/eqtn-rppv/rows.csv?accessType=DOWNLOAD ; https://data.ct.gov/api/views/fwpc-pgqj/rows.csv?accessType=DOWNLOAD,CT,,,,2026-10-09
ONE HUNDRED FIFTY PLUS LLC,43,https://data.ct.gov/api/views/eqtn-rppv/rows.csv?accessType=DOWNLOAD ; https://data.ct.gov/api/views/fwpc-pgqj/rows.csv?accessType=DOWNLOAD,CT,WEST HARTFORD,,,2026-10-09
REDFIN CORPORATION,57,https://data.ct.gov/api/views/eqtn-rppv/rows.csv?accessType=DOWNLOAD ; https://data.ct.gov/api/views/fwpc-pgqj/rows.csv?accessType=DOWNLOAD,CT,NEW HAVEN,,,2026-10-09
RWSP REALTY LLC,62,https://data.ct.gov/api/views/eqtn-rppv/rows.csv?accessType=DOWNLOAD ; https://data.ct.gov/api/views/fwpc-pgqj/rows.csv?accessType=DOWNLOAD,CT,RIDGEFIELD,,,2026-10-09
SERHANT CONNECTICUT LLC,46,https://data.ct.gov/api/views/eqtn-rppv/rows.csv?accessType=DOWNLOAD ; https://data.ct.gov/api/views/fwpc-pgqj/rows.csv?accessType=DOWNLOAD,CT,GREENWICH,,,2026-10-09
STACEY M ALCORN,47,https://data.ct.gov/api/views/eqtn-rppv/rows.csv?accessType=DOWNLOAD ; https://data.ct.gov/api/views/fwpc-pgqj/rows.csv?accessType=DOWNLOAD,CT,DRACUT,,,2026-10-09
TEAM AFA AT WILLIAM RAVEIS REAL ESTATE,47,https://data.ct.gov/api/views/eqtn-rppv/rows.csv?accessType=DOWNLOAD ; https://data.ct.gov/api/views/fwpc-pgqj/rows.csv?accessType=DOWNLOAD,CT,,,,2026-10-09
THE BELLA GROUP LLC,41,https://data.ct.gov/api/views/eqtn-rppv/rows.csv?accessType=DOWNLOAD ; https://data.ct.gov/api/views/fwpc-pgqj/rows.csv?accessType=DOWNLOAD,CT,LITCHFIELD,,,2026-10-09
WARECK D'OSTILIO REAL ESTATE LLC,63,https://data.ct.gov/api/views/eqtn-rppv/rows.csv?accessType=DOWNLOAD ; https://data.ct.gov/api/views/fwpc-pgqj/rows.csv?accessType=DOWNLOAD,CT,MILFORD,,,2026-10-09
1 FLAMINGO REALTY LLC,49,https://www2.myfloridalicense.com/sto/file_download/extracts//REALESTATE2501LICENSE_1.csv ; https://www2.myfloridalicense.com/sto/file_download/extracts//RealEstateCorpLicense.csv,FL,MIAMI,6205 BLUE LAGOON DRIVE,,2026-10-09
305 INTERNATIONAL REALTY LLC,63,https://www2.myfloridalicense.com/sto/file_download/extracts//REALESTATE2501LICENSE_1.csv ; https://www2.myfloridalicense.com/sto/file_download/extracts//RealEstateCorpLicense.csv,FL,MIAMI,848 BRICKELL AVE SUITE 620,,2026-10-09
AAA GLOBAL VENTURES PA,47,https://www2.myfloridalicense.com/sto/file_download/extracts//REALESTATE2501LICENSE_1.csv ; https://www2.myfloridalicense.com/sto/file_download/extracts//RealEstateCorpLicense.csv,FL,SAINT CLOUD,3079 RAMBLER AVE,,2026-10-09
AAA REALTY GROUP INC,45,https://www2.myfloridalicense.com/sto/file_download/extracts//REALESTATE2501LICENSE_1.csv ; https://www2.myfloridalicense.com/sto/file_download/extracts//RealEstateCorpLicense.csv,FL,PLANTATION,11200 SW 1ST CT,,2026-10-09
ABES REALTY INC,38,https://www2.myfloridalicense.com/sto/file_download/extracts//REALESTATE2501LICENSE_1.csv ; https://www2.myfloridalicense.com/sto/file_download/extracts//RealEstateCorpLicense.csv,FL,GAINESVILLE,PO BOX 141690,,2026-10-09
ACE OF SWORDS CORP,35,https://www2.myfloridalicense.com/sto/file_download/extracts//REALESTATE2501LICENSE_1.csv ; https://www2.myfloridalicense.com/sto/file_download/extracts//RealEstateCorpLicense.csv,FL,TAMPA,6606 NEWPORT PALMS COURT,,2026-10-09
AFFILIATED FLORIDA OPERATIONS LLC,35,https://www2.myfloridalicense.com/sto/file_download/extracts//REALESTATE2501LICENSE_1.csv ; https://www2.myfloridalicense.com/sto/file_download/extracts//RealEstateCorpLicense.csv,FL,MELBOURNE,415 S BABCOCK STREET,,2026-10-09
AGENCY FLORIDA LLC,75,https://www2.myfloridalicense.com/sto/file_download/extracts//REALESTATE2501LICENSE_1.csv ; https://www2.myfloridalicense.com/sto/file_download/extracts//RealEstateCorpLicense.csv,FL,FORT LAUDERDALE,901 E LAS OLAS BLVD,,2026-10-09
AGENT REFERRAL CORP,36,https://www2.myfloridalicense.com/sto/file_download/extracts//REALESTATE2501LICENSE_1.csv ; https://www2.myfloridalicense.com/sto/file_download/extracts//RealEstateCorpLicense.csv,FL,CLEARWATER,"1261 GULF BLVD., #119",,2026-10-09
AHRG LLC,56,https://www2.myfloridalicense.com/sto/file_download/extracts//REALESTATE2501LICENSE_1.csv ; https://www2.myfloridalicense.com/sto/file_download/extracts//RealEstateCorpLicense.csv,FL,HOLLYWOOD,2719 HOLLYWOOD BLVD B 202,,2026-10-09
ALEX MACWILLIAM REFERRAL GROUP INC,48,https://www2.myfloridalicense.com/sto/file_download/extracts//REALESTATE2501LICENSE_1.csv ; https://www2.myfloridalicense.com/sto/file_download/extracts//RealEstateCorpLicense.csv,FL,VERO BEACH,2901 OCEAN DR,,2026-10-09
ALFRED ROBBINS REALTY GROUP LLC,58,https://www2.myfloridalicense.com/sto/file_download/extracts//REALESTATE2501LICENSE_1.csv ; https://www2.myfloridalicense.com/sto/file_download/extracts//RealEstateCorpLicense.csv,FL,NAPLES,1795 TAMIAMI TRAIL N,,2026-10-09
ALLSTAR REALTY INC,36,https://www2.myfloridalicense.com/sto/file_download/extracts//REALESTATE2501LICENSE_1.csv ; https://www2.myfloridalicense.com/sto/file_download/extracts//RealEstateCorpLicense.csv,FL,FORT LAUDERDALE,1975 E SUNRISE BLVD,,2026-10-09
AMERICA'S CHOICE OF FLORIDA INC,37,https://www2.myfloridalicense.com/sto/file_download/extracts//REALESTATE2501LICENSE_1.csv ; https://www2.myfloridalicense.com/sto/file_download/extracts//RealEstateCorpLicense.csv,FL,PALM BEACH,2875 S OCEAN BLVD,,2026-10-09
AMERICAN DREAM N FL REALTY LLC,45,https://www2.myfloridalicense.com/sto/file_download/extracts//REALESTATE2501LICENSE_1.csv ; https://www2.myfloridalicense.com/sto/file_download/extracts//RealEstateCorpLicense.csv,FL,PERRY,3498 SOUTH BYRON BUTLER PARKWAY,,2026-10-09
AMERICAN HOMES REAL ESTATE INMOBILIARIA LLC,70,https://www2.myfloridalicense.com/sto/file_download/extracts//REALESTATE2501LICENSE_1.csv ; https://www2.myfloridalicense.com/sto/file_download/extracts//RealEstateCorpLicense.csv,FL,HOLLYWOOD,6662 STIRLING RD,,2026-10-09
AMERICAN HOMES REALTY GROUP LLC,39,https://www2.myfloridalicense.com/sto/file_download/extracts//REALESTATE2501LICENSE_1.csv ; https://www2.myfloridalicense.com/sto/file_download/extracts//RealEstateCorpLicense.csv,FL,HOLLYWOOD,2719 HOLLYWOOD BLVD SUITE 202,,2026-10-09
AMERICAN REFERRAL PROFESSIONALS INC,46,https://www2.myfloridalicense.com/sto/file_download/extracts//REALESTATE2501LICENSE_1.csv ; https://www2.myfloridalicense.com/sto/file_download/extracts//RealEstateCorpLicense.csv,FL,INVERNESS,117 SOUTH HWY 41,,2026-10-09
AMERITEAM REALTY REFERRAL ASSOCIATES INC,47,https://www2.myfloridalicense.com/sto/file_download/extracts//REALESTATE2501LICENSE_1.csv ; https://www2.myfloridalicense.com/sto/file_download/extracts//RealEstateCorpLicense.csv,FL,APOPKA,2138 KURT CT,,2026-10-09
AMIRRA CONSULTING GROUP LLC,40,https://www2.myfloridalicense.com/sto/file_download/extracts//REALESTATE2501LICENSE_1.csv ; https://www2.myfloridalicense.com/sto/file_download/extracts//RealEstateCorpLicense.csv,FL,PEMBROKE PINES,800 SW 137TH AVENUE,,2026-10-09
ANCHOR VACATION PROPERTIES REAL ESTATE REFERRALS INC,46,https://www2.myfloridalicense.com/sto/file_download/extracts//REALESTATE2501LICENSE_1.csv ; https://www2.myfloridalicense.com/sto/file_download/extracts//RealEstateCorpLicense.csv,FL,APALACHICOLA,PO BOX 250,,2026-10-09
ANNA LEE WILLIAMS REFERRALS PA,37,https://www2.myfloridalicense.com/sto/file_download/extracts//REALESTATE2501LICENSE_1.csv ; https://www2.myfloridalicense.com/sto/file_download/extracts//RealEstateCorpLicense.csv,FL,SARASOTA,6539 GATEWAY AVE,,2026-10-09
ARMOR REALTY INC,38,https://www2.myfloridalicense.com/sto/file_download/extracts//REALESTATE2501LICENSE_1.csv ; https://www2.myfloridalicense.com/sto/file_download/extracts//RealEstateCorpLicense.csv,FL,TALLAHASSEE,1519 KILLEARN CENTER BLVD,,2026-10-09
ATLAS REALTY COMPANY INC,41,https://www2.myfloridalicense.com/sto/file_download/extracts//REALESTATE2501LICENSE_1.csv ; https://www2.myfloridalicense.com/sto/file_download/extracts//RealEstateCorpLicense.csv,FL,MEDLEY,7752 NW 72ND AVE,,2026-10-09
AVISTA BAY REALTY LLC,41,https://www2.myfloridalicense.com/sto/file_download/extracts//REALESTATE2501LICENSE_1.csv ; https://www2.myfloridalicense.com/sto/file_download/extracts//RealEstateCorpLicense.csv,FL,LUTZ,3636 CRENSHAW LAKE RD,,2026-10-09
BARCLAYS PARTNERSHIP LLC,42,https://www2.myfloridalicense.com/sto/file_download/extracts//REALESTATE2501LICENSE_1.csv ; https://www2.myfloridalicense.com/sto/file_download/extracts//RealEstateCorpLicense.csv,FL,NORTH FORT MYERS,3444 MARINATOWN LN. SUITE 11,,2026-10-09
BARNES INTERNATIONAL REALTY LLC,65,https://www2.myfloridalicense.com/sto/file_download/extracts//REALESTATE2501LICENSE_1.csv ; https://www2.myfloridalicense.com/sto/file_download/extracts//RealEstateCorpLicense.csv,FL,MIAMI,1150 SW 22ND STREET,,2026-10-09
BARON MYERS REALTY LLC,68,https://www2.myfloridalicense.com/sto/file_download/extracts//REALESTATE2501LICENSE_1.csv ; https://www2.myfloridalicense.com/sto/file_download/extracts//RealEstateCorpLicense.csv,FL,AUBURNDALE,304 E PARK ST,,2026-10-09
BARON MYERS REALTY REFERRAL COMPANY,51,https://www2.myfloridalicense.com/sto/file_download/extracts//REALESTATE2501LICENSE_1.csv ; https://www2.myfloridalicense.com/sto/file_download/extracts//RealEstateCorpLicense.csv,FL,AUBURNDALE,304 EAST PARK STREET,,2026-10-09
BARR AGENCY REAL ESTATE CONSULTANTS LLC,45,https://www2.myfloridalicense.com/sto/file_download/extracts//REALESTATE2501LICENSE_1.csv ; https://www2.myfloridalicense.com/sto/file_download/extracts//RealEstateCorpLicense.csv,FL,BOYNTON BEACH,6567 COBIA CIR,,2026-10-09
"BEACHY CONNECTIONS, LLC",45,https://www2.myfloridalicense.com/sto/file_download/extracts//REALESTATE2501LICENSE_1.csv ; https://www2.myfloridalicense.com/sto/file_download/extracts//RealEstateCorpLicense.csv,FL,PANAMA CITY BEACH,17651 PANAMA CITY BEACH PKWY,,2026-10-09
BELLA VISTA REALTY GROUP LLC,49,https://www2.myfloridalicense.com/sto/file_download/extracts//REALESTATE2501LICENSE_1.csv ; https://www2.myfloridalicense.com/sto/file_download/extracts//RealEstateCorpLicense.csv,FL,NEW PORT RICHEY,5101 GALLEON CT,,2026-10-09
BELLROSE REALTY INC,37,https://www2.myfloridalicense.com/sto/file_download/extracts//REALESTATE2501LICENSE_1.csv ; https://www2.myfloridalicense.com/sto/file_download/extracts//RealEstateCorpLicense.csv,FL,DEERFIELD BCH,1215 EAST HILLSBORO BLVD,,2026-10-09
BENCHMARK INTERNATIONAL COMPANY SALES SPECIALIST LLC,62,https://www2.myfloridalicense.com/sto/file_download/extracts//REALESTATE2501LICENSE_1.csv ; https://www2.myfloridalicense.com/sto/file_download/extracts//RealEstateCorpLicense.csv,FL,TAMPA,4030 WEST BOY SCOUT BLVD SUITE 500,,2026-10-09
BEST DEALS REALTY LLC,46,https://www2.myfloridalicense.com/sto/file_download/extracts//REALESTATE2501LICENSE_1.csv ; https://www2.myfloridalicense.com/sto/file_download/extracts//RealEstateCorpLicense.csv,FL,NORTH FORT MYERS,3200 RUSTIC LN,,2026-10-09
BINGHAM REALTY INC,39,https://www2.myfloridalicense.com/sto/file_download/extracts//REALESTATE2501LICENSE_1.csv ; https://www2.myfloridalicense.com/sto/file_download/extracts//RealEstateCorpLicense.csv,FL,ZEPHYRHILLS,38070 DAUGHTERY ROAD,,2026-10-09
BOOTH REALTY LLC,56,https://www2.myfloridalicense.com/sto/file_download/extracts//REALESTATE2501LICENSE_1.csv ; https://www2.myfloridalicense.com/sto/file_download/extracts//RealEstateCorpLicense.csv,FL,JACKSONVILLE,5679 GRAYWOOD RD.,,2026-10-09
BOUTIQUE REALTY INC,35,https://www2.myfloridalicense.com/sto/file_download/extracts//REALESTATE2501LICENSE_1.csv ; https://www2.myfloridalicense.com/sto/file_download/extracts//RealEstateCorpLicense.csv,FL,FORT MYERS,7910 SUMMERLIN LAKES DRIVE,,2026-10-09
BREVARD REAL ESTATE REFERRAL SERVICES LLC,49,https://www2.myfloridalicense.com/sto/file_download/extracts//REALESTATE2501LICENSE_1.csv ; https://www2.myfloridalicense.com/sto/file_download/extracts//RealEstateCorpLicense.csv,FL,MERRITT ISLAND,4050 CROOKED MILE ROAD SUITE 101,,2026-10-09
BROKERAGE A REAL ESTATE COMPANY LLC,38,https://www2.myfloridalicense.com/sto/file_download/extracts//REALESTATE2501LICENSE_1.csv ; https://www2.myfloridalicense.com/sto/file_download/extracts//RealEstateCorpLicense.csv,FL,CORAL GABLES,325 ALMERIA AVE.,,2026-10-09
BROKERS REFERRAL SERVICES INC,45,https://www2.myfloridalicense.com/sto/file_download/extracts//REALESTATE2501LICENSE_1.csv ; https://www2.myfloridalicense.com/sto/file_download/extracts//RealEstateCorpLicense.csv,FL,TAMPA,13009 W LINEBAUGH AVENUE #2,,2026-10-09
BRUCKMAN REALTY LLC,54,https://www2.myfloridalicense.com/sto/file_download/extracts//REALESTATE2501LICENSE_1.csv ; https://www2.myfloridalicense.com/sto/file_download/extracts//RealEstateCorpLicense.csv,FL,CORAL GABLES,2655 S LE JEUNE ROAD,,2026-10-09
BUCCI REALTY INC,37,https://www2.myfloridalicense.com/sto/file_download/extracts//REALESTATE2501LICENSE_1.csv ; https://www2.myfloridalicense.com/sto/file_download/extracts//RealEstateCorpLicense.csv,FL,MELBOURNE,2948 CORTONA DRIVE,,2026-10-09
C SMITH REAL ESTATE GROUP LLC,48,https://www2.myfloridalicense.com/sto/file_download/extracts//REALESTATE2501LICENSE_1.csv ; https://www2.myfloridalicense.com/sto/file_download/extracts//RealEstateCorpLicense.csv,FL,TAMPA,100 ASHLEY DR S,,2026-10-09
CALL IT CLOSED INTERNATIONAL INC,58,https://www2.myfloridalicense.com/sto/file_download/extracts//REALESTATE2501LICENSE_1.csv ; https://www2.myfloridalicense.com/sto/file_download/extracts//RealEstateCorpLicense.csv,FL,NAPLES,4851 TAMIAMI TRL N,,2026-10-09
CALVO GROUP INTERNATIONAL LLC,44,https://www2.myfloridalicense.com/sto/file_download/extracts//REALESTATE2501LICENSE_1.csv ; https://www2.myfloridalicense.com/sto/file_download/extracts//RealEstateCorpLicense.csv,FL,ROYAL PALM BEACH,1159 ROYAL PALM BEACH BLVD,,2026-10-09
CHAMPIONS REFERRAL SERVICE INC,67,https://www2.myfloridalicense.com/sto/file_download/extracts//REALESTATE2501LICENSE_1.csv ; https://www2.myfloridalicense.com/sto/file_download/extracts//RealEstateCorpLicense.csv,FL,MADEIRA BEACH,4350 DUHME ROAD,,2026-10-09
CHAMPIONS REFERRALS INC,46,https://www2.myfloridalicense.com/sto/file_download/extracts//REALESTATE2501LICENSE_1.csv ; https://www2.myfloridalicense.com/sto/file_download/extracts//RealEstateCorpLicense.csv,FL,TRINITY,11541 TRINITY BLVD,,2026-10-09
CHANGE REAL ESTATE LLC,43,https://www2.myfloridalicense.com/sto/file_download/extracts//REALESTATE2501LICENSE_1.csv ; https://www2.myfloridalicense.com/sto/file_download/extracts//RealEstateCorpLicense.csv,FL,JACKSONVILLE,13475 ATLANTIC BLVD,,2026-10-09
CHEZ REALTY LLC,51,https://www2.myfloridalicense.com/sto/file_download/extracts//REALESTATE2501LICENSE_1.csv ; https://www2.myfloridalicense.com/sto/file_download/extracts//RealEstateCorpLicense.csv,FL,WESTON,76 WHITEHEAD CIRCLE,,2026-10-09
CIGNOS REAL ESTATE LLC,63,https://www2.myfloridalicense.com/sto/file_download/extracts//REALESTATE2501LICENSE_1.csv ; https://www2.myfloridalicense.com/sto/file_download/extracts//RealEstateCorpLicense.csv,FL,MIAMI,800 S. DOUGLAS RD,,2026-10-09
CITADELLE CORPORATION,39,https://www2.myfloridalicense.com/sto/file_download/extracts//REALESTATE2501LICENSE_1.csv ; https://www2.myfloridalicense.com/sto/file_download/extracts//RealEstateCorpLicense.csv,FL,BOYNTON BEACH,8846 GEORGETOWN,,2026-10-09
CLUB EXPLORIA LLC,56,https://www2.myfloridalicense.com/sto/file_download/extracts//REALESTATE2501LICENSE_1.csv ; https://www2.myfloridalicense.com/sto/file_download/extracts//RealEstateCorpLicense.csv,FL,CLERMONT,"25 TOWN CENTER BLVD, SUITE C",,2026-10-09
COASTAL ALLIANCE HOLDINGS CORP,54,https://www2.myfloridalicense.com/sto/file_download/extracts//REALESTATE2501LICENSE_1.csv ; https://www2.myfloridalicense.com/sto/file_download/extracts//RealEstateCorpLicense.csv,FL,CLEARWATER,1253 PARK STREET,,2026-10-09
COASTAL PROPERTIES GROUP FLORIDA LLC,43,https://www2.myfloridalicense.com/sto/file_download/extracts//REALESTATE2501LICENSE_1.csv ; https://www2.myfloridalicense.com/sto/file_download/extracts//RealEstateCorpLicense.csv,FL,CLEARWATER BEACH,423 MANDALAY AVE 102,,2026-10-09
COLLADO REAL ESTATE REFERRAL INC,55,https://www2.myfloridalicense.com/sto/file_download/extracts//REALESTATE2501LICENSE_1.csv ; https://www2.myfloridalicense.com/sto/file_download/extracts//RealEstateCorpLicense.csv,FL,NEW SMYRNA BEACH,402 FLAGLER AVENUE,,2026-10-09
COLLECTIVE REALTY INC,39,https://www2.myfloridalicense.com/sto/file_download/extracts//REALESTATE2501LICENSE_1.csv ; https://www2.myfloridalicense.com/sto/file_download/extracts//RealEstateCorpLicense.csv,FL,LARGO,11200 SEMINOLE BLVD.,,2026-10-09
"CORE REALTY ASSOCIATES, INC",54,https://www2.myfloridalicense.com/sto/file_download/extracts//REALESTATE2501LICENSE_1.csv ; https://www2.myfloridalicense.com/sto/file_download/extracts//RealEstateCorpLicense.csv,FL,SUNNY ISLES BEACH,"323 SUNNY ISLES BLVD, SUITE 700",,2026-10-09
COSMORE FLORIDA CORP,37,https://www2.myfloridalicense.com/sto/file_download/extracts//REALESTATE2501LICENSE_1.csv ; https://www2.myfloridalicense.com/sto/file_download/extracts//RealEstateCorpLicense.csv,FL,MIAMI,1200 BRICKELL AVENUE,,2026-10-09
COUNTS REAL ESTATE REFERRALS INC,37,https://www2.myfloridalicense.com/sto/file_download/extracts//REALESTATE2501LICENSE_1.csv ; https://www2.myfloridalicense.com/sto/file_download/extracts//RealEstateCorpLicense.csv,FL,PANAMA CITY BEACH,2104 THOMAS DRIVE,,2026-10-09
CREATIVE VENTURES OF BOCA INC,49,https://www2.myfloridalicense.com/sto/file_download/extracts//REALESTATE2501LICENSE_1.csv ; https://www2.myfloridalicense.com/sto/file_download/extracts//RealEstateCorpLicense.csv,FL,BOCA RATON,5820 N FEDERAL HIGHWAY,,2026-10-09
CUSHMAN & WAKEFIELD OF FLORIDA LLC,67,https://www2.myfloridalicense.com/sto/file_download/extracts//REALESTATE2501LICENSE_1.csv ; https://www2.myfloridalicense.com/sto/file_download/extracts//RealEstateCorpLicense.csv,FL,BOCA RATON,225 NE MIZNER BLVD SUITE 300,,2026-10-09
D R HORTON INC,75,https://www2.myfloridalicense.com/sto/file_download/extracts//REALESTATE2501LICENSE_1.csv ; https://www2.myfloridalicense.com/sto/file_download/extracts//RealEstateCorpLicense.csv,FL,,,,2026-10-09
D.R. HORTON INC.,55,https://www2.myfloridalicense.com/sto/file_download/extracts//REALESTATE2501LICENSE_1.csv ; https://www2.myfloridalicense.com/sto/file_download/extracts//RealEstateCorpLicense.csv,FL,,,,2026-10-09
DAVID WEEKLEY HOMES,40,https://www2.myfloridalicense.com/sto/file_download/extracts//REALESTATE2501LICENSE_1.csv ; https://www2.myfloridalicense.com/sto/file_download/extracts//RealEstateCorpLicense.csv,FL,,,,2026-10-09
DECONOVA REFERRAL NETWORK INC,44,https://www2.myfloridalicense.com/sto/file_download/extracts//REALESTATE2501LICENSE_1.csv ; https://www2.myfloridalicense.com/sto/file_download/extracts//RealEstateCorpLicense.csv,FL,MIAMI,1000 BRICKELL AVE SUITE 200,,2026-10-09
DENIZ REALTY PARTNERS LLC,42,https://www2.myfloridalicense.com/sto/file_download/extracts//REALESTATE2501LICENSE_1.csv ; https://www2.myfloridalicense.com/sto/file_download/extracts//RealEstateCorpLicense.csv,FL,WINTER GARDEN,446 W PLANT ST,,2026-10-09
DIVITO REAL ESTATE GROUP LLC,68,https://www2.myfloridalicense.com/sto/file_download/extracts//REALESTATE2501LICENSE_1.csv ; https://www2.myfloridalicense.com/sto/file_download/extracts//RealEstateCorpLicense.csv,FL,PORT ST. LUCIE,8704 SW FLUTTO WAY,,2026-10-09
DOMAINREALTY.COM REFERRAL LLC,46,https://www2.myfloridalicense.com/sto/file_download/extracts//REALESTATE2501LICENSE_1.csv ; https://www2.myfloridalicense.com/sto/file_download/extracts//RealEstateCorpLicense.csv,FL,BONITA SPRINGS,24031 SOUTH TAMIAMI TRAIL SUITE 101,,2026-10-09
DOMINION REALTY GROUP LLC,36,https://www2.myfloridalicense.com/sto/file_download/extracts//REALESTATE2501LICENSE_1.csv ; https://www2.myfloridalicense.com/sto/file_download/extracts//RealEstateCorpLicense.csv,FL,CORAL SPRINGS,7401 WILES RD SUITE,,2026-10-09
"DOWN HOME REALTY, LLLP",45,https://www2.myfloridalicense.com/sto/file_download/extracts//REALESTATE2501LICENSE_1.csv ; https://www2.myfloridalicense.com/sto/file_download/extracts//RealEstateCorpLicense.csv,FL,WILDWOOD,1305 CLEVELAND AVE SUITE B,,2026-10-09
DR HORTON INC JACKSONVILLE,44,https://www2.myfloridalicense.com/sto/file_download/extracts//REALESTATE2501LICENSE_1.csv ; https://www2.myfloridalicense.com/sto/file_download/extracts//RealEstateCorpLicense.csv,FL,,,,2026-10-09
DUO REALTY LLC,40,https://www2.myfloridalicense.com/sto/file_download/extracts//REALESTATE2501LICENSE_1.csv ; https://www2.myfloridalicense.com/sto/file_download/extracts//RealEstateCorpLicense.csv,FL,TAMPA,8370 W HILLSBOROUGH AVE,,2026-10-09
ECHELON REFERRAL NETWORK LLC,37,https://www2.myfloridalicense.com/sto/file_download/extracts//REALESTATE2501LICENSE_1.csv ; https://www2.myfloridalicense.com/sto/file_download/extracts//RealEstateCorpLicense.csv,FL,SARASOTA,5391 LAKEWOOD RANCH BLVD N STE 100,,2026-10-09
EG ORLANDO LLC,50,https://www2.myfloridalicense.com/sto/file_download/extracts//REALESTATE2501LICENSE_1.csv ; https://www2.myfloridalicense.com/sto/file_download/extracts//RealEstateCorpLicense.csv,FL,ORLANDO,8403 SOUTHPARK CIR,,2026-10-09
ELITE REALTY EXPERIENCE LLC,42,https://www2.myfloridalicense.com/sto/file_download/extracts//REALESTATE2501LICENSE_1.csv ; https://www2.myfloridalicense.com/sto/file_download/extracts//RealEstateCorpLicense.csv,FL,WESLEY CHAPEL,2630 CYPRESS RIDGE BLVD,,2026-10-09
ELITE REFERRALS LLC,57,https://www2.myfloridalicense.com/sto/file_download/extracts//REALESTATE2501LICENSE_1.csv ; https://www2.myfloridalicense.com/sto/file_download/extracts//RealEstateCorpLicense.csv,FL,CLERMONT,12817 BRUNELLO CIR,,2026-10-09
"EMERALD COAST LUXURY PROPERTIES, LLC",37,https://www2.myfloridalicense.com/sto/file_download/extracts//REALESTATE2501LICENSE_1.csv ; https://www2.myfloridalicense.com/sto/file_download/extracts//RealEstateCorpLicense.csv,FL,PENSACOLA,190 S JEFFERSON ST,,2026-10-09
EMERALD COAST REFERRAL NETWORK LLC,51,https://www2.myfloridalicense.com/sto/file_download/extracts//REALESTATE2501LICENSE_1.csv ; https://www2.myfloridalicense.com/sto/file_download/extracts//RealEstateCorpLicense.csv,FL,DESTIN,"4460 LEGENDARY DRIVE, SUITE 300A",,2026-10-09
ENGAGE REAL ESTATE LLC,67,https://www2.myfloridalicense.com/sto/file_download/extracts//REALESTATE2501LICENSE_1.csv ; https://www2.myfloridalicense.com/sto/file_download/extracts//RealEstateCorpLicense.csv,FL,JENSEN BEACH,3591 NW FEDERAL HWY,,2026-10-09
ENTERPRISE REFERRAL REALTY INC,50,https://www2.myfloridalicense.com/sto/file_download/extracts//REALESTATE2501LICENSE_1.csv ; https://www2.myfloridalicense.com/sto/file_download/extracts//RealEstateCorpLicense.csv,FL,WINTER PARK,1155 LOUISIANA AVE.,,2026-10-09
EXCLUSIVE PREMIER REALTY LLC,54,https://www2.myfloridalicense.com/sto/file_download/extracts//REALESTATE2501LICENSE_1.csv ; https://www2.myfloridalicense.com/sto/file_download/extracts//RealEstateCorpLicense.csv,FL,PEMBROKE PINES,18800 NW 12TH ST.,,2026-10-09
EXP REALTY SOUTH LLC,65,https://www2.myfloridalicense.com/sto/file_download/extracts//REALESTATE2501LICENSE_1.csv ; https://www2.myfloridalicense.com/sto/file_download/extracts//RealEstateCorpLicense.csv,FL,JACKSONVILLE,10752 DEERWOOD PARK BLVD,,2026-10-09
EXPERIENCE REAL ESTATE GROUP LLC,65,https://www2.myfloridalicense.com/sto/file_download/extracts//REALESTATE2501LICENSE_1.csv ; https://www2.myfloridalicense.com/sto/file_download/extracts//RealEstateCorpLicense.csv,FL,CAPE CORAL,1222 SE 47TH ST,,2026-10-09
EXPERT REFERRAL CONNECTION LIMITED LIABILITY COMPANY,38,https://www2.myfloridalicense.com/sto/file_download/extracts//REALESTATE2501LICENSE_1.csv ; https://www2.myfloridalicense.com/sto/file_download/extracts//RealEstateCorpLicense.csv,FL,LAKELAND,439 SOUTH FLORIDA AVE,,2026-10-09
F I GREY & SON RESIDENTIAL INC,49,https://www2.myfloridalicense.com/sto/file_download/extracts//REALESTATE2501LICENSE_1.csv ; https://www2.myfloridalicense.com/sto/file_download/extracts//RealEstateCorpLicense.csv,FL,NEW PORT RICHEY,5636 GRAND BOULEVARD,,2026-10-09
FAUSTO COMMERCIAL REALTY CONSULTANTS INC,54,https://www2.myfloridalicense.com/sto/file_download/extracts//REALESTATE2501LICENSE_1.csv ; https://www2.myfloridalicense.com/sto/file_download/extracts//RealEstateCorpLicense.csv,FL,MIAMI,1761 SW 7 ST,,2026-10-09
"FIRM LUXURY REALTY, INC",47,https://www2.myfloridalicense.com/sto/file_download/extracts//REALESTATE2501LICENSE_1.csv ; https://www2.myfloridalicense.com/sto/file_download/extracts//RealEstateCorpLicense.csv,FL,MIAMI,17111 SW 115 AV,,2026-10-09
FIRST ROMAN REFERRAL INC,52,https://www2.myfloridalicense.com/sto/file_download/extracts//REALESTATE2501LICENSE_1.csv ; https://www2.myfloridalicense.com/sto/file_download/extracts//RealEstateCorpLicense.csv,FL,MIAMI,13155 SW 42TH STREET #200,,2026-10-09
FIVE STAR REAL ESTATE OF FLORIDA LLC,45,https://www2.myfloridalicense.com/sto/file_download/extracts//REALESTATE2501LICENSE_1.csv ; https://www2.myfloridalicense.com/sto/file_download/extracts//RealEstateCorpLicense.csv,FL,GRAND RAPIDS,4601 LAKE MICHIGAN DRIVE,,2026-10-09
FLORIDA CAPITAL REALTY LUXURY INC,55,https://www2.myfloridalicense.com/sto/file_download/extracts//REALESTATE2501LICENSE_1.csv ; https://www2.myfloridalicense.com/sto/file_download/extracts//RealEstateCorpLicense.csv,FL,MIAMI,8001 SW 24TH STREET,,2026-10-09
"FLORIDA DIRECT REFERRAL, LLC",59,https://www2.myfloridalicense.com/sto/file_download/extracts//REALESTATE2501LICENSE_1.csv ; https://www2.myfloridalicense.com/sto/file_download/extracts//RealEstateCorpLicense.csv,FL,COCONUT CREEK,5481 WILES RD,,2026-10-09
FLORIDA HOMES REALTY & MORTGAGE PROPERTY MANAGEMENT LLC,48,https://www2.myfloridalicense.com/sto/file_download/extracts//REALESTATE2501LICENSE_1.csv ; https://www2.myfloridalicense.com/sto/file_download/extracts//RealEstateCorpLicense.csv,FL,JACKSONVILLE,9191 RG SKINNER PKWY SUITE 102,,2026-10-09
FLORIDA KEYS PROPERTY REFERRALS COMPANY,47,https://www2.myfloridalicense.com/sto/file_download/extracts//REALESTATE2501LICENSE_1.csv ; https://www2.myfloridalicense.com/sto/file_download/extracts//RealEstateCorpLicense.csv,FL,MARATHON,11100 OVERSEAS HWY,,2026-10-09
FLORIDA LUXURY REALTY REFERRALS LLC,36,https://www2.myfloridalicense.com/sto/file_download/extracts//REALESTATE2501LICENSE_1.csv ; https://www2.myfloridalicense.com/sto/file_download/extracts//RealEstateCorpLicense.csv,FL,PORT RICHEY,11923 OAK TRAIL WAY,,2026-10-09
FLORIDA RE REFERRAL LLC,44,https://www2.myfloridalicense.com/sto/file_download/extracts//REALESTATE2501LICENSE_1.csv ; https://www2.myfloridalicense.com/sto/file_download/extracts//RealEstateCorpLicense.csv,FL,JACKSONVILLE BEACH,1011 3RD STREET N,,2026-10-09
FLORIDA REAL ESTATE PARTNERSHIP INC,36,https://www2.myfloridalicense.com/sto/file_download/extracts//REALESTATE2501LICENSE_1.csv ; https://www2.myfloridalicense.com/sto/file_download/extracts//RealEstateCorpLicense.csv,FL,CAPE CORAL,1113 SE 47TH TER,,2026-10-09
FLORIDA REFERRAL CONNECTION INC,65,https://www2.myfloridalicense.com/sto/file_download/extracts//REALESTATE2501LICENSE_1.csv ; https://www2.myfloridalicense.com/sto/file_download/extracts//RealEstateCorpLicense.csv,FL,BRANDON,2020 W BRANDON BLVD #145,,2026-10-09
FLORIDA REFERRAL GROUP INC,43,https://www2.myfloridalicense.com/sto/file_download/extracts//REALESTATE2501LICENSE_1.csv ; https://www2.myfloridalicense.com/sto/file_download/extracts//RealEstateCorpLicense.csv,FL,VENICE,1360 PORPOISE RD,,2026-10-09
FLORIDA'S CHOICE REALTY LLC,44,https://www2.myfloridalicense.com/sto/file_download/extracts//REALESTATE2501LICENSE_1.csv ; https://www2.myfloridalicense.com/sto/file_download/extracts//RealEstateCorpLicense.csv,FL,FORT MCCOY,PO BOX 132,,2026-10-09
FOLIO REALTY LLC,55,https://www2.myfloridalicense.com/sto/file_download/extracts//REALESTATE2501LICENSE_1.csv ; https://www2.myfloridalicense.com/sto/file_download/extracts//RealEstateCorpLicense.csv,FL,ORLANDO,1615 EDGEWATER DRIVE,,2026-10-09
FOXFIRE REALTY RELOCATION REFERAL LLC,39,https://www2.myfloridalicense.com/sto/file_download/extracts//REALESTATE2501LICENSE_1.csv ; https://www2.myfloridalicense.com/sto/file_download/extracts//RealEstateCorpLicense.csv,FL,OCALA,615 E SILVER SPGS BLVD,,2026-10-09
FREDERICK J BELES PA,51,https://www2.myfloridalicense.com/sto/file_download/extracts//REALESTATE2501LICENSE_1.csv ; https://www2.myfloridalicense.com/sto/file_download/extracts//RealEstateCorpLicense.csv,FL,SARASOTA,8586 POTTER PARK DRIVE,,2026-10-09
FREEDOM PROPERTIES OF FLORIDA INC,59,https://www2.myfloridalicense.com/sto/file_download/extracts//REALESTATE2501LICENSE_1.csv ; https://www2.myfloridalicense.com/sto/file_download/extracts//RealEstateCorpLicense.csv,FL,WILDWOOD,5625 SEVEN MILE DR,,2026-10-09
G L HOMES OF FLORIDA,39,https://www2.myfloridalicense.com/sto/file_download/extracts//REALESTATE2501LICENSE_1.csv ; https://www2.myfloridalicense.com/sto/file_download/extracts//RealEstateCorpLicense.csv,FL,,,,2026-10-09
GAILEY ENTERPRISES LLC,48,https://www2.myfloridalicense.com/sto/file_download/extracts//REALESTATE2501LICENSE_1.csv ; https://www2.myfloridalicense.com/sto/file_download/extracts//RealEstateCorpLicense.csv,FL,JACKSONVILLE BEACH,102 6TH AVE N,,2026-10-09
GALLERY OF PROPERTIES INT'L REALTY INC,66,https://www2.myfloridalicense.com/sto/file_download/extracts//REALESTATE2501LICENSE_1.csv ; https://www2.myfloridalicense.com/sto/file_download/extracts//RealEstateCorpLicense.csv,FL,BOCA RATON,1800 NW CORPORATE BLVD SUITE 310,,2026-10-09
GARY HENNES REALTY INC,53,https://www2.myfloridalicense.com/sto/file_download/extracts//REALESTATE2501LICENSE_1.csv ; https://www2.myfloridalicense.com/sto/file_download/extracts//RealEstateCorpLicense.csv,FL,MIAMI BEACH,1335 LINCOLN RD.,,2026-10-09
GATOR REFERRALS INC,37,https://www2.myfloridalicense.com/sto/file_download/extracts//REALESTATE2501LICENSE_1.csv ; https://www2.myfloridalicense.com/sto/file_download/extracts//RealEstateCorpLicense.csv,FL,ORANGE PARK,1401 KINGSLEY AVE,,2026-10-09
GCRN PROPERTIES INC,37,https://www2.myfloridalicense.com/sto/file_download/extracts//REALESTATE2501LICENSE_1.csv ; https://www2.myfloridalicense.com/sto/file_download/extracts//RealEstateCorpLicense.csv,FL,CAPE CORAL,1326 SE 47TH STREET,,2026-10-09
GK REALTY GROUP LLC,64,https://www2.myfloridalicense.com/sto/file_download/extracts//REALESTATE2501LICENSE_1.csv ; https://www2.myfloridalicense.com/sto/file_download/extracts//RealEstateCorpLicense.csv,FL,FORT LAUDERDALE,6301 NW 5TH WAY #1300,,2026-10-09
GLOBAL RELOCATION NETWORK INC,63,https://www2.myfloridalicense.com/sto/file_download/extracts//REALESTATE2501LICENSE_1.csv ; https://www2.myfloridalicense.com/sto/file_download/extracts//RealEstateCorpLicense.csv,FL,POMPANO BEACH,1350 N FEDERAL HIGHWAY,,2026-10-09
GOLDEN LINK REALTY CO.,37,https://www2.myfloridalicense.com/sto/file_download/extracts//REALESTATE2501LICENSE_1.csv ; https://www2.myfloridalicense.com/sto/file_download/extracts//RealEstateCorpLicense.csv,FL,SARASOTA,1822 WOODHAVEN CIR,,2026-10-09
GRANT AND ASSOCIATES REAL ESTATE INC,67,https://www2.myfloridalicense.com/sto/file_download/extracts//REALESTATE2501LICENSE_1.csv ; https://www2.myfloridalicense.com/sto/file_download/extracts//RealEstateCorpLicense.csv,FL,POMPANO,1720 SW 64 TERR,,2026-10-09
"GRANT TEAM REAL ESTATE, LLC",50,https://www2.myfloridalicense.com/sto/file_download/extracts//REALESTATE2501LICENSE_1.csv ; https://www2.myfloridalicense.com/sto/file_download/extracts//RealEstateCorpLicense.csv,FL,PUNTA GORDA,208 TAMIAMI TRAIL,,2026-10-09
GULF COAST INTERNATIONAL PROPERTIES LLC,72,https://www2.myfloridalicense.com/sto/file_download/extracts//REALESTATE2501LICENSE_1.csv ; https://www2.myfloridalicense.com/sto/file_download/extracts//RealEstateCorpLicense.csv,FL,BOCA GRANDE,5800 GASPARILLA RD,,2026-10-09
H2 COLLECTIVE LLC,40,https://www2.myfloridalicense.com/sto/file_download/extracts//REALESTATE2501LICENSE_1.csv ; https://www2.myfloridalicense.com/sto/file_download/extracts//RealEstateCorpLicense.csv,FL,WINTER PARK,1101 LEWIS DRIVE,,2026-10-09
"HANSEN, KALEY",40,https://www2.myfloridalicense.com/sto/file_download/extracts//REALESTATE2501LICENSE_1.csv ; https://www2.myfloridalicense.com/sto/file_download/extracts//RealEstateCorpLicense.csv,FL,,,,2026-10-09
HARBOR REALTY INC OF CHARLOTTE COUNTY,40,https://www2.myfloridalicense.com/sto/file_download/extracts//REALESTATE2501LICENSE_1.csv ; https://www2.myfloridalicense.com/sto/file_download/extracts//RealEstateCorpLicense.csv,FL,PUNTA GORDA,2815 TAMIAMI TRAIL,,2026-10-09
"HEYMANN WILLIAMS REAL ESTATE, INC",61,https://www2.myfloridalicense.com/sto/file_download/extracts//REALESTATE2501LICENSE_1.csv ; https://www2.myfloridalicense.com/sto/file_download/extracts//RealEstateCorpLicense.csv,FL,FERNANDINA BEACH,720 MAGNOLIA LN,,2026-10-09
"HIGGINS REALTY GROUP, LLC",40,https://www2.myfloridalicense.com/sto/file_download/extracts//REALESTATE2501LICENSE_1.csv ; https://www2.myfloridalicense.com/sto/file_download/extracts//RealEstateCorpLicense.csv,FL,VERO BEACH,6156 57TH CT,,2026-10-09
HIGHLAND HOMES,39,https://www2.myfloridalicense.com/sto/file_download/extracts//REALESTATE2501LICENSE_1.csv ; https://www2.myfloridalicense.com/sto/file_download/extracts//RealEstateCorpLicense.csv,FL,,,,2026-10-09
HILLMAN REFERRAL INC,62,https://www2.myfloridalicense.com/sto/file_download/extracts//REALESTATE2501LICENSE_1.csv ; https://www2.myfloridalicense.com/sto/file_download/extracts//RealEstateCorpLicense.csv,FL,WINTER PARK,205 W FAIRBANKS AVE,,2026-10-09
HOMEVEST MANAGEMENT INC,61,https://www2.myfloridalicense.com/sto/file_download/extracts//REALESTATE2501LICENSE_1.csv ; https://www2.myfloridalicense.com/sto/file_download/extracts//RealEstateCorpLicense.csv,FL,ORLANDO,1300 EAST MICHIGAN STREET,,2026-10-09
HOMEXPRESS REALTY INC,48,https://www2.myfloridalicense.com/sto/file_download/extracts//REALESTATE2501LICENSE_1.csv ; https://www2.myfloridalicense.com/sto/file_download/extracts//RealEstateCorpLicense.csv,FL,HUDSON,6622 LEESIDE ISLE,,2026-10-09
HOREB KISSIMMEE NETWORK LLC,38,https://www2.myfloridalicense.com/sto/file_download/extracts//REALESTATE2501LICENSE_1.csv ; https://www2.myfloridalicense.com/sto/file_download/extracts//RealEstateCorpLicense.csv,FL,KISSIMMEE,3040 LOOPDALE LANE,,2026-10-09
HORIZON REALTY REFERRAL NETWORK INC,41,https://www2.myfloridalicense.com/sto/file_download/extracts//REALESTATE2501LICENSE_1.csv ; https://www2.myfloridalicense.com/sto/file_download/extracts//RealEstateCorpLicense.csv,FL,BRADENTON,6160 STATE ROAD 70 EAST,,2026-10-09
HS SUNSHINE REALTY LLC,51,https://www2.myfloridalicense.com/sto/file_download/extracts//REALESTATE2501LICENSE_1.csv ; https://www2.myfloridalicense.com/sto/file_download/extracts//RealEstateCorpLicense.csv,FL,PENSACOLA,321 DEVILLIERS STREET,,2026-10-09
"HUBBARD HANSEN REALTY, LLC",68,https://www2.myfloridalicense.com/sto/file_download/extracts//REALESTATE2501LICENSE_1.csv ; https://www2.myfloridalicense.com/sto/file_download/extracts//RealEstateCorpLicense.csv,FL,CLERMONT,1795 E HIGHWAY 50,,2026-10-09
ICAZA REYALTY LLC,43,https://www2.myfloridalicense.com/sto/file_download/extracts//REALESTATE2501LICENSE_1.csv ; https://www2.myfloridalicense.com/sto/file_download/extracts//RealEstateCorpLicense.csv,FL,CORAL GABLES,308 ALHAMBRA CIRCLE,,2026-10-09
ICON REALTY ADVISORS LLC,64,https://www2.myfloridalicense.com/sto/file_download/extracts//REALESTATE2501LICENSE_1.csv ; https://www2.myfloridalicense.com/sto/file_download/extracts//RealEstateCorpLicense.csv,FL,CORAL SPRINGS,2808 N UNIVERSITY DR,,2026-10-09
ICONIC REALTY AND ASSOCIATES PLLC,55,https://www2.myfloridalicense.com/sto/file_download/extracts//REALESTATE2501LICENSE_1.csv ; https://www2.myfloridalicense.com/sto/file_download/extracts//RealEstateCorpLicense.csv,FL,AVENTURA,"2980 NE 207 STREET, 3RD FLOOR",,2026-10-09
INNOVATION REFERRAL GROUP INC,48,https://www2.myfloridalicense.com/sto/file_download/extracts//REALESTATE2501LICENSE_1.csv ; https://www2.myfloridalicense.com/sto/file_download/extracts//RealEstateCorpLicense.csv,FL,PALM BEACH GARDENS,7751 N MILITARY TRAIL,,2026-10-09
INVITATION HOMES REALTY LLC,54,https://www2.myfloridalicense.com/sto/file_download/extracts//REALESTATE2501LICENSE_1.csv ; https://www2.myfloridalicense.com/sto/file_download/extracts//RealEstateCorpLicense.csv,FL,DALLAS,5420 LBJ FREEWAY,,2026-10-09
J K B REALTY INC,73,https://www2.myfloridalicense.com/sto/file_download/extracts//REALESTATE2501LICENSE_1.csv ; https://www2.myfloridalicense.com/sto/file_download/extracts//RealEstateCorpLicense.csv,FL,MELBOURNE,6022 FARCENDA PL STE 101,,2026-10-09
JAMES THIRD LLC,39,https://www2.myfloridalicense.com/sto/file_download/extracts//REALESTATE2501LICENSE_1.csv ; https://www2.myfloridalicense.com/sto/file_download/extracts//RealEstateCorpLicense.csv,FL,OLDSMAR,3150-8 TAMPA RD.,,2026-10-09
JC REALTY GROUP INC,47,https://www2.myfloridalicense.com/sto/file_download/extracts//REALESTATE2501LICENSE_1.csv ; https://www2.myfloridalicense.com/sto/file_download/extracts//RealEstateCorpLicense.csv,FL,POMPANO BEACH,2641 E ATLANTIC BLVD,,2026-10-09
JFA REALTY CO,58,https://www2.myfloridalicense.com/sto/file_download/extracts//REALESTATE2501LICENSE_1.csv ; https://www2.myfloridalicense.com/sto/file_download/extracts//RealEstateCorpLicense.csv,FL,MIAMI,2828 CORAL WAY STE 470A,,2026-10-09
JKB REAL ESTATE INC,50,https://www2.myfloridalicense.com/sto/file_download/extracts//REALESTATE2501LICENSE_1.csv ; https://www2.myfloridalicense.com/sto/file_download/extracts//RealEstateCorpLicense.csv,FL,MELBOURNE,791 GLENGARRY DRIVE,,2026-10-09
JONATHAN SOLOMON LLC,35,https://www2.myfloridalicense.com/sto/file_download/extracts//REALESTATE2501LICENSE_1.csv ; https://www2.myfloridalicense.com/sto/file_download/extracts//RealEstateCorpLicense.csv,FL,HOLLYWOOD,2435 HOLLYWOOD BLVD,,2026-10-09
KB HOME ORLANDO LLC,49,https://www2.myfloridalicense.com/sto/file_download/extracts//REALESTATE2501LICENSE_1.csv ; https://www2.myfloridalicense.com/sto/file_download/extracts//RealEstateCorpLicense.csv,FL,,,,2026-10-09
KEYES PLATINUM REAL ESTATE LLC,40,https://www2.myfloridalicense.com/sto/file_download/extracts//REALESTATE2501LICENSE_1.csv ; https://www2.myfloridalicense.com/sto/file_download/extracts//RealEstateCorpLicense.csv,FL,JUNO BEACH,14241 US HIGHWAY 1,,2026-10-09
KING REALTY GROUP CORP,54,https://www2.myfloridalicense.com/sto/file_download/extracts//REALESTATE2501LICENSE_1.csv ; https://www2.myfloridalicense.com/sto/file_download/extracts//RealEstateCorpLicense.csv,FL,HALLANDALE BEACH,1006 E HALLANDALE BEACH BLVD,,2026-10-09
"KNOWLEDGE BASE REAL ESTATE, INC.",36,https://www2.myfloridalicense.com/sto/file_download/extracts//REALESTATE2501LICENSE_1.csv ; https://www2.myfloridalicense.com/sto/file_download/extracts//RealEstateCorpLicense.csv,FL,BONITA SPRINGS,9148 BONITA BEACH RD SE,,2026-10-09
KSH REALTY LLC,40,https://www2.myfloridalicense.com/sto/file_download/extracts//REALESTATE2501LICENSE_1.csv ; https://www2.myfloridalicense.com/sto/file_download/extracts//RealEstateCorpLicense.csv,FL,PALM BEACH GARDENS,4807 PGA BLVD,,2026-10-09
LA ROSA REALTY CENTRAL FLORIDA LLC,60,https://www2.myfloridalicense.com/sto/file_download/extracts//REALESTATE2501LICENSE_1.csv ; https://www2.myfloridalicense.com/sto/file_download/extracts//RealEstateCorpLicense.csv,FL,DAVENPORT,43344 HWY 27,,2026-10-09
LAB REALTY GROUP LLC,56,https://www2.myfloridalicense.com/sto/file_download/extracts//REALESTATE2501LICENSE_1.csv ; https://www2.myfloridalicense.com/sto/file_download/extracts//RealEstateCorpLicense.csv,FL,CORAL GABLES,255 ALHAMBRA CIRCLE SUITE 520,,2026-10-09
LANGLEY KNIGHT GARDNER LLC,40,https://www2.myfloridalicense.com/sto/file_download/extracts//REALESTATE2501LICENSE_1.csv ; https://www2.myfloridalicense.com/sto/file_download/extracts//RealEstateCorpLicense.csv,FL,KEY WEST,336 DUVAL STREET,,2026-10-09
LEGACY GROUP REAL ESTATE LLC,58,https://www2.myfloridalicense.com/sto/file_download/extracts//REALESTATE2501LICENSE_1.csv ; https://www2.myfloridalicense.com/sto/file_download/extracts//RealEstateCorpLicense.csv,FL,HIALEAH,7551 W 4 AVE SUITE 103,,2026-10-09
"LEGACY PREMIER AGENCY, LLC",35,https://www2.myfloridalicense.com/sto/file_download/extracts//REALESTATE2501LICENSE_1.csv ; https://www2.myfloridalicense.com/sto/file_download/extracts//RealEstateCorpLicense.csv,FL,PANAMA CITY BEACH,8730 THOMAS DR,,2026-10-09
LEGACY REALTY & ASSOCIATES INC,37,https://www2.myfloridalicense.com/sto/file_download/extracts//REALESTATE2501LICENSE_1.csv ; https://www2.myfloridalicense.com/sto/file_download/extracts//RealEstateCorpLicense.csv,FL,BELLEVIEW,8925 E HWY 25,,2026-10-09
LEGENDS LANDS AND REALTY INC,72,https://www2.myfloridalicense.com/sto/file_download/extracts//REALESTATE2501LICENSE_1.csv ; https://www2.myfloridalicense.com/sto/file_download/extracts//RealEstateCorpLicense.csv,FL,JACKSONVILLE BEACH,1236 3RD. STREET S.,,2026-10-09
LEHMANN REALTY INC,40,https://www2.myfloridalicense.com/sto/file_download/extracts//REALESTATE2501LICENSE_1.csv ; https://www2.myfloridalicense.com/sto/file_download/extracts//RealEstateCorpLicense.csv,FL,DELRAY BEACH,111 SE 2ND STREET,,2026-10-09
LEVIN AND RINKE REFERRAL REALTY INC,55,https://www2.myfloridalicense.com/sto/file_download/extracts//REALESTATE2501LICENSE_1.csv ; https://www2.myfloridalicense.com/sto/file_download/extracts//RealEstateCorpLicense.csv,FL,PENSACOLA BEACH,10 PORTOFINO DRIVE,,2026-10-09
LGI HOMES,67,https://www2.myfloridalicense.com/sto/file_download/extracts//REALESTATE2501LICENSE_1.csv ; https://www2.myfloridalicense.com/sto/file_download/extracts//RealEstateCorpLicense.csv,FL,,,,2026-10-09
"LINHART REALTY GROUP, LLC",47,https://www2.myfloridalicense.com/sto/file_download/extracts//REALESTATE2501LICENSE_1.csv ; https://www2.myfloridalicense.com/sto/file_download/extracts//RealEstateCorpLicense.csv,FL,PONTE VEDRA,158 MARKETSIDE AVENUE,,2026-10-09
LINK REALTY INC,39,https://www2.myfloridalicense.com/sto/file_download/extracts//REALESTATE2501LICENSE_1.csv ; https://www2.myfloridalicense.com/sto/file_download/extracts//RealEstateCorpLicense.csv,FL,BRANDON,1517 OAKFIELD DR,,2026-10-09
LIST WITH BEGGINS LLC,60,https://www2.myfloridalicense.com/sto/file_download/extracts//REALESTATE2501LICENSE_1.csv ; https://www2.myfloridalicense.com/sto/file_download/extracts//RealEstateCorpLicense.csv,FL,APOLLO BEACH,6542 N US HWY 41 STE 101,,2026-10-09
LISTED COM AMBASSADOR REALTY INC,63,https://www2.myfloridalicense.com/sto/file_download/extracts//REALESTATE2501LICENSE_1.csv ; https://www2.myfloridalicense.com/sto/file_download/extracts//RealEstateCorpLicense.csv,FL,LAKE MARY,1400 S INTERNATIONAL PARKWAY,,2026-10-09
LISTING SERVICES DIRECT INC,58,https://www2.myfloridalicense.com/sto/file_download/extracts//REALESTATE2501LICENSE_1.csv ; https://www2.myfloridalicense.com/sto/file_download/extracts//RealEstateCorpLicense.csv,FL,SARASOTA,1990 MAIN ST SUITE 750,,2026-10-09
LUXE LIVING REALTY LLC,47,https://www2.myfloridalicense.com/sto/file_download/extracts//REALESTATE2501LICENSE_1.csv ; https://www2.myfloridalicense.com/sto/file_download/extracts//RealEstateCorpLicense.csv,FL,MIAMI BEACH,1680 MICHIGAN AVENUE SUITE 100,,2026-10-09
MADISON ALLIED LLC,65,https://www2.myfloridalicense.com/sto/file_download/extracts//REALESTATE2501LICENSE_1.csv ; https://www2.myfloridalicense.com/sto/file_download/extracts//RealEstateCorpLicense.csv,FL,MIAMI,333 SE 2ND AVENUE,,2026-10-09
MAKENZIE GRACE CORP,46,https://www2.myfloridalicense.com/sto/file_download/extracts//REALESTATE2501LICENSE_1.csv ; https://www2.myfloridalicense.com/sto/file_download/extracts//RealEstateCorpLicense.csv,FL,PORT ORANGE,3731 S NOVA ROAD,,2026-10-09
MAKRO INVESTMENT INC,66,https://www2.myfloridalicense.com/sto/file_download/extracts//REALESTATE2501LICENSE_1.csv ; https://www2.myfloridalicense.com/sto/file_download/extracts//RealEstateCorpLicense.csv,FL,ATLANTA,3372 PEACHTREE RD NE,,2026-10-09
MARCO SUNRISE REALTY LLC,74,https://www2.myfloridalicense.com/sto/file_download/extracts//REALESTATE2501LICENSE_1.csv ; https://www2.myfloridalicense.com/sto/file_download/extracts//RealEstateCorpLicense.csv,FL,MARCO ISLAND,830 BALD EAGLE DR,,2026-10-09
MARVIEW INTERNATIONAL REALTY L.L.C,39,https://www2.myfloridalicense.com/sto/file_download/extracts//REALESTATE2501LICENSE_1.csv ; https://www2.myfloridalicense.com/sto/file_download/extracts//RealEstateCorpLicense.csv,FL,ORLANDO,2521 S FERN CREEK AVE,,2026-10-09
MATTAMY HOMES,74,https://www2.myfloridalicense.com/sto/file_download/extracts//REALESTATE2501LICENSE_1.csv ; https://www2.myfloridalicense.com/sto/file_download/extracts//RealEstateCorpLicense.csv,FL,,,,2026-10-09
MAXREV LLC,64,https://www2.myfloridalicense.com/sto/file_download/extracts//REALESTATE2501LICENSE_1.csv ; https://www2.myfloridalicense.com/sto/file_download/extracts//RealEstateCorpLicense.csv,FL,SAINT AUGUSTINE,88 RIBERIA STREET SUITE 360,,2026-10-09
MERITAGE HOMES OF FLORIDA INC,59,https://www2.myfloridalicense.com/sto/file_download/extracts//REALESTATE2501LICENSE_1.csv ; https://www2.myfloridalicense.com/sto/file_download/extracts//RealEstateCorpLicense.csv,FL,,,,2026-10-09
MGR REALTY SERVICES INC,42,https://www2.myfloridalicense.com/sto/file_download/extracts//REALESTATE2501LICENSE_1.csv ; https://www2.myfloridalicense.com/sto/file_download/extracts//RealEstateCorpLicense.csv,FL,LEHIGH ACRES,"1140 LEE BLVD, SUITE110",,2026-10-09
MIAMI CONDO SOLUTION GROUP INC,58,https://www2.myfloridalicense.com/sto/file_download/extracts//REALESTATE2501LICENSE_1.csv ; https://www2.myfloridalicense.com/sto/file_download/extracts//RealEstateCorpLicense.csv,FL,MIAMI,90 SW 3RD ST RETAIL #CU3,,2026-10-09
MIDDLE KEYS VACATION LLC,35,https://www2.myfloridalicense.com/sto/file_download/extracts//REALESTATE2501LICENSE_1.csv ; https://www2.myfloridalicense.com/sto/file_download/extracts//RealEstateCorpLicense.csv,FL,KEY WEST,336 DUVAL STREET,,2026-10-09
MILLENNIUM REALTY CENTER LC,44,https://www2.myfloridalicense.com/sto/file_download/extracts//REALESTATE2501LICENSE_1.csv ; https://www2.myfloridalicense.com/sto/file_download/extracts//RealEstateCorpLicense.csv,FL,ORLANDO,8027 STEEPLE CHASE BLVD,,2026-10-09
MILLER ELITE LLC,43,https://www2.myfloridalicense.com/sto/file_download/extracts//REALESTATE2501LICENSE_1.csv ; https://www2.myfloridalicense.com/sto/file_download/extracts//RealEstateCorpLicense.csv,FL,AMELIA ISLAND,1888 S 14TH STREET,,2026-10-09
"MILLIGAN, ROBERT CARL",38,https://www2.myfloridalicense.com/sto/file_download/extracts//REALESTATE2501LICENSE_1.csv ; https://www2.myfloridalicense.com/sto/file_download/extracts//RealEstateCorpLicense.csv,FL,,,,2026-10-09
MIRANDA EXECUTIVE REALTY CORP,36,https://www2.myfloridalicense.com/sto/file_download/extracts//REALESTATE2501LICENSE_1.csv ; https://www2.myfloridalicense.com/sto/file_download/extracts//RealEstateCorpLicense.csv,FL,FORT LAUDERDALE,2598 E SUNRISE BLVD,,2026-10-09
MIRANDA LANDA REALTY GROUP LLC,54,https://www2.myfloridalicense.com/sto/file_download/extracts//REALESTATE2501LICENSE_1.csv ; https://www2.myfloridalicense.com/sto/file_download/extracts//RealEstateCorpLicense.csv,FL,KENNETH CITY,5760 54TH AVE N,,2026-10-09
MORRIS WILLIAMS CORPORATION,38,https://www2.myfloridalicense.com/sto/file_download/extracts//REALESTATE2501LICENSE_1.csv ; https://www2.myfloridalicense.com/sto/file_download/extracts//RealEstateCorpLicense.csv,FL,PALM COAST,PO BOX 354179,,2026-10-09
MY WAY CELEBRATION LLC,43,https://www2.myfloridalicense.com/sto/file_download/extracts//REALESTATE2501LICENSE_1.csv ; https://www2.myfloridalicense.com/sto/file_download/extracts//RealEstateCorpLicense.csv,FL,CELEBRATION,700 CELEBRATION AVENUE,,2026-10-09
MY WAY LLC,58,https://www2.myfloridalicense.com/sto/file_download/extracts//REALESTATE2501LICENSE_1.csv ; https://www2.myfloridalicense.com/sto/file_download/extracts//RealEstateCorpLicense.csv,FL,MADEIRA BEACH,429 BOCA CIEGA DR,,2026-10-09
NAPLES SUNRISE REFERRALS LLC,53,https://www2.myfloridalicense.com/sto/file_download/extracts//REALESTATE2501LICENSE_1.csv ; https://www2.myfloridalicense.com/sto/file_download/extracts//RealEstateCorpLicense.csv,FL,NAPLES,7955 AIRPORT PULLNG ROAD,,2026-10-09
NATIONAL REAL ESTATE REFERRAL NETWORK INC,36,https://www2.myfloridalicense.com/sto/file_download/extracts//REALESTATE2501LICENSE_1.csv ; https://www2.myfloridalicense.com/sto/file_download/extracts//RealEstateCorpLicense.csv,FL,JUNO BEACH,14241 US HIGHWAY 1,,2026-10-09
"NAVARRA, WILLIAM",38,https://www2.myfloridalicense.com/sto/file_download/extracts//REALESTATE2501LICENSE_1.csv ; https://www2.myfloridalicense.com/sto/file_download/extracts//RealEstateCorpLicense.csv,FL,,,,2026-10-09
NB ELITE REALTY LLC,73,https://www2.myfloridalicense.com/sto/file_download/extracts//REALESTATE2501LICENSE_1.csv ; https://www2.myfloridalicense.com/sto/file_download/extracts//RealEstateCorpLicense.csv,FL,MIAMI,1101 BRICKELL AVE 8TH FLOOR,,2026-10-09
NEAL COMMUNITIES OF SOUTHWEST FLORIDA,48,https://www2.myfloridalicense.com/sto/file_download/extracts//REALESTATE2501LICENSE_1.csv ; https://www2.myfloridalicense.com/sto/file_download/extracts//RealEstateCorpLicense.csv,FL,,,,2026-10-09
NEST SEEKERS FLORIDA LLC,60,https://www2.myfloridalicense.com/sto/file_download/extracts//REALESTATE2501LICENSE_1.csv ; https://www2.myfloridalicense.com/sto/file_download/extracts//RealEstateCorpLicense.csv,FL,MIAMI,888 BISCAYNE BOULEVARD,,2026-10-09
NEW CASTLE REALTY REFERRAL GROUP LLC,35,https://www2.myfloridalicense.com/sto/file_download/extracts//REALESTATE2501LICENSE_1.csv ; https://www2.myfloridalicense.com/sto/file_download/extracts//RealEstateCorpLicense.csv,FL,COOPER CITY,12181 SHERIDAN ST,,2026-10-09
NEWMARK SOUTHERN REGION LLC,58,https://www2.myfloridalicense.com/sto/file_download/extracts//REALESTATE2501LICENSE_1.csv ; https://www2.myfloridalicense.com/sto/file_download/extracts//RealEstateCorpLicense.csv,FL,ATLANTA,3455 PEACHTREE ROAD NE SUITE 1800,,2026-10-09
NEXT GENERATION REALTY OF MARION COUNTY LLC,41,https://www2.myfloridalicense.com/sto/file_download/extracts//REALESTATE2501LICENSE_1.csv ; https://www2.myfloridalicense.com/sto/file_download/extracts//RealEstateCorpLicense.csv,FL,OCALA,6601 SW 80TH AVENUE,,2026-10-09
NIZZ AGENTS LLC,56,https://www2.myfloridalicense.com/sto/file_download/extracts//REALESTATE2501LICENSE_1.csv ; https://www2.myfloridalicense.com/sto/file_download/extracts//RealEstateCorpLicense.csv,FL,SUNRISE,2414 NW 138 DR,,2026-10-09
NIZZ REALTY INC,63,https://www2.myfloridalicense.com/sto/file_download/extracts//REALESTATE2501LICENSE_1.csv ; https://www2.myfloridalicense.com/sto/file_download/extracts//RealEstateCorpLicense.csv,FL,SUNRISE,2414 N.W. 138 DR.,,2026-10-09
OCEANS LUXURY REFERRALS LLC,36,https://www2.myfloridalicense.com/sto/file_download/extracts//REALESTATE2501LICENSE_1.csv ; https://www2.myfloridalicense.com/sto/file_download/extracts//RealEstateCorpLicense.csv,FL,DAYTONA BEACH SHORES,3162 S ATLANTIC AVENUE SUITE C,,2026-10-09
OPULENCE GROUP BROKERAGE LLC,52,https://www2.myfloridalicense.com/sto/file_download/extracts//REALESTATE2501LICENSE_1.csv ; https://www2.myfloridalicense.com/sto/file_download/extracts//RealEstateCorpLicense.csv,FL,MIAMI,12595 SW 137 AVE,,2026-10-09
ORCHARD BROKERAGE LLC,51,https://www2.myfloridalicense.com/sto/file_download/extracts//REALESTATE2501LICENSE_1.csv ; https://www2.myfloridalicense.com/sto/file_download/extracts//RealEstateCorpLicense.csv,FL,NEW YORK,195 BROADWAY,,2026-10-09
"ORTA, RAUL E",45,https://www2.myfloridalicense.com/sto/file_download/extracts//REALESTATE2501LICENSE_1.csv ; https://www2.myfloridalicense.com/sto/file_download/extracts//RealEstateCorpLicense.csv,FL,,,,2026-10-09
P&T FLORIDA HOLDINGS LLC,50,https://www2.myfloridalicense.com/sto/file_download/extracts//REALESTATE2501LICENSE_1.csv ; https://www2.myfloridalicense.com/sto/file_download/extracts//RealEstateCorpLicense.csv,FL,PORT SAINT LUCIE,"1775 SW GATLIN BLVD, STE 101",,2026-10-09
PALM REALTY GROUP FL LLC,52,https://www2.myfloridalicense.com/sto/file_download/extracts//REALESTATE2501LICENSE_1.csv ; https://www2.myfloridalicense.com/sto/file_download/extracts//RealEstateCorpLicense.csv,FL,PORT CHARLOTTE,1808 TAMIAMI TRL UNIT D-2,,2026-10-09
PARADISE EXCLUSIVE EXCHANGE LLC,54,https://www2.myfloridalicense.com/sto/file_download/extracts//REALESTATE2501LICENSE_1.csv ; https://www2.myfloridalicense.com/sto/file_download/extracts//RealEstateCorpLicense.csv,FL,PORT CHARLOTTE,8300 WILTSHIRE DRIVE,,2026-10-09
PAVICH FAMILY REALTY INC,49,https://www2.myfloridalicense.com/sto/file_download/extracts//REALESTATE2501LICENSE_1.csv ; https://www2.myfloridalicense.com/sto/file_download/extracts//RealEstateCorpLicense.csv,FL,ESTERO,21301 S TAMIAMI TRAIL 340,,2026-10-09
PEACE RIVER REALTY REFERRAL LLC,64,https://www2.myfloridalicense.com/sto/file_download/extracts//REALESTATE2501LICENSE_1.csv ; https://www2.myfloridalicense.com/sto/file_download/extracts//RealEstateCorpLicense.csv,FL,PUNTA GORDA,1675 WEST MARION AVE,,2026-10-09
PELLEGO LLC,49,https://www2.myfloridalicense.com/sto/file_download/extracts//REALESTATE2501LICENSE_1.csv ; https://www2.myfloridalicense.com/sto/file_download/extracts//RealEstateCorpLicense.csv,FL,BELLEVUE,3600 136TH PL SE,,2026-10-09
"PEPINE, ELIZABETH",38,https://www2.myfloridalicense.com/sto/file_download/extracts//REALESTATE2501LICENSE_1.csv ; https://www2.myfloridalicense.com/sto/file_download/extracts//RealEstateCorpLicense.csv,FL,,,,2026-10-09
PHANTOM REAL ESTATE REFERRAL LLC,47,https://www2.myfloridalicense.com/sto/file_download/extracts//REALESTATE2501LICENSE_1.csv ; https://www2.myfloridalicense.com/sto/file_download/extracts//RealEstateCorpLicense.csv,FL,MIAMI,9995 SW 72 ST,,2026-10-09
PINEYWOODS REALTY REFERRALS LLC,36,https://www2.myfloridalicense.com/sto/file_download/extracts//REALESTATE2501LICENSE_1.csv ; https://www2.myfloridalicense.com/sto/file_download/extracts//RealEstateCorpLicense.csv,FL,TAMPA,2023 W PLATT ST 209,,2026-10-09
"PINNACLE REALTY ADVISORS, LLC",36,https://www2.myfloridalicense.com/sto/file_download/extracts//REALESTATE2501LICENSE_1.csv ; https://www2.myfloridalicense.com/sto/file_download/extracts//RealEstateCorpLicense.csv,FL,MIAMI,777 BRICKELL AVE,,2026-10-09
PMG RESIDENTIAL LLC,59,https://www2.myfloridalicense.com/sto/file_download/extracts//REALESTATE2501LICENSE_1.csv ; https://www2.myfloridalicense.com/sto/file_download/extracts//RealEstateCorpLicense.csv,FL,MIAMI,398 NE 5TH STREET,,2026-10-09
POINTE SOUTH INC,36,https://www2.myfloridalicense.com/sto/file_download/extracts//REALESTATE2501LICENSE_1.csv ; https://www2.myfloridalicense.com/sto/file_download/extracts//RealEstateCorpLicense.csv,FL,PENSACOLA,13578 PERDIDO KEY DRIVE,,2026-10-09
PREFERRED REFERRAL PARTNERS LLC,40,https://www2.myfloridalicense.com/sto/file_download/extracts//REALESTATE2501LICENSE_1.csv ; https://www2.myfloridalicense.com/sto/file_download/extracts//RealEstateCorpLicense.csv,FL,LONGWOOD,1041 VISTA RD,,2026-10-09
PREMIER AGENT NETWORK INC,58,https://www2.myfloridalicense.com/sto/file_download/extracts//REALESTATE2501LICENSE_1.csv ; https://www2.myfloridalicense.com/sto/file_download/extracts//RealEstateCorpLicense.csv,FL,ST. PETERSBURG,"7901 4TH ST N, STE 8528",,2026-10-09
PREMIER LEGACY REALTY LLC,35,https://www2.myfloridalicense.com/sto/file_download/extracts//REALESTATE2501LICENSE_1.csv ; https://www2.myfloridalicense.com/sto/file_download/extracts//RealEstateCorpLicense.csv,FL,KISSIMMEE,3040 LOOPDALE LANE,,2026-10-09
PREMIER PLATINUM REALTY CS LLC,36,https://www2.myfloridalicense.com/sto/file_download/extracts//REALESTATE2501LICENSE_1.csv ; https://www2.myfloridalicense.com/sto/file_download/extracts//RealEstateCorpLicense.csv,FL,POMPANO BEACH,1919 E ATLANTIC BLVD,,2026-10-09
PREMIER PROPERTIES NATIONAL REFERRAL LLC,71,https://www2.myfloridalicense.com/sto/file_download/extracts//REALESTATE2501LICENSE_1.csv ; https://www2.myfloridalicense.com/sto/file_download/extracts//RealEstateCorpLicense.csv,FL,MIAMI,11440 N KENDALL DR,,2026-10-09
PREMIER PROPERTY MANAGEMENT FL LLC,44,https://www2.myfloridalicense.com/sto/file_download/extracts//REALESTATE2501LICENSE_1.csv ; https://www2.myfloridalicense.com/sto/file_download/extracts//RealEstateCorpLicense.csv,FL,RIVERVIEW,11962 BALM RIVERVIEW RD,,2026-10-09
PREMIER REFERRAL SERVICES INC,36,https://www2.myfloridalicense.com/sto/file_download/extracts//REALESTATE2501LICENSE_1.csv ; https://www2.myfloridalicense.com/sto/file_download/extracts//RealEstateCorpLicense.csv,FL,MIAMI,393 ARAGON AVE,,2026-10-09
PREMIUM ESTATES REALTY CORP,69,https://www2.myfloridalicense.com/sto/file_download/extracts//REALESTATE2501LICENSE_1.csv ; https://www2.myfloridalicense.com/sto/file_download/extracts//RealEstateCorpLicense.csv,FL,MIAMI,719 NW 133 AVENUE,,2026-10-09
PRESTIGE PROPERTIES INTERNATIONAL LLC,48,https://www2.myfloridalicense.com/sto/file_download/extracts//REALESTATE2501LICENSE_1.csv ; https://www2.myfloridalicense.com/sto/file_download/extracts//RealEstateCorpLicense.csv,FL,MIAMI,13450 SW 126TH ST ST #12,,2026-10-09
PRESTIGE REALTY REFERRALS INC,54,https://www2.myfloridalicense.com/sto/file_download/extracts//REALESTATE2501LICENSE_1.csv ; https://www2.myfloridalicense.com/sto/file_download/extracts//RealEstateCorpLicense.csv,FL,WELLINGTON,12789 FOREST HILL BOULEVARD,,2026-10-09
PRIME PROPERTY INC,45,https://www2.myfloridalicense.com/sto/file_download/extracts//REALESTATE2501LICENSE_1.csv ; https://www2.myfloridalicense.com/sto/file_download/extracts//RealEstateCorpLicense.csv,FL,WINTER GARDEN,311 SOUTH MAIN ST,,2026-10-09
PRIME REALTY ADVISORY GROUP,39,https://www2.myfloridalicense.com/sto/file_download/extracts//REALESTATE2501LICENSE_1.csv ; https://www2.myfloridalicense.com/sto/file_download/extracts//RealEstateCorpLicense.csv,FL,FORT LAUDERDALE,6750 N ANDREWS AVE,,2026-10-09
PROMARK ASSOCIATES INC,61,https://www2.myfloridalicense.com/sto/file_download/extracts//REALESTATE2501LICENSE_1.csv ; https://www2.myfloridalicense.com/sto/file_download/extracts//RealEstateCorpLicense.csv,FL,BOCA RATON,6653 JOG ROAD,,2026-10-09
PROPERTY PROS REAL ESTATE INC,41,https://www2.myfloridalicense.com/sto/file_download/extracts//REALESTATE2501LICENSE_1.csv ; https://www2.myfloridalicense.com/sto/file_download/extracts//RealEstateCorpLicense.csv,FL,KISSIMMEE,2510 BALMORAL DRIVE,,2026-10-09
R & R INVESTMENT PROPERTIES INC,60,https://www2.myfloridalicense.com/sto/file_download/extracts//REALESTATE2501LICENSE_1.csv ; https://www2.myfloridalicense.com/sto/file_download/extracts//RealEstateCorpLicense.csv,FL,WINTER SPRINGS,1315 TUSKAWILLA ROAD,,2026-10-09
RADIUS REALTY GROUP LLC,39,https://www2.myfloridalicense.com/sto/file_download/extracts//REALESTATE2501LICENSE_1.csv ; https://www2.myfloridalicense.com/sto/file_download/extracts//RealEstateCorpLicense.csv,FL,CARY,1143-C EXECUTIVE CIRCLE,,2026-10-09
"RAPP, RICHARD T",37,https://www2.myfloridalicense.com/sto/file_download/extracts//REALESTATE2501LICENSE_1.csv ; https://www2.myfloridalicense.com/sto/file_download/extracts//RealEstateCorpLicense.csv,FL,,,,2026-10-09
RDS REALTY LLC,40,https://www2.myfloridalicense.com/sto/file_download/extracts//REALESTATE2501LICENSE_1.csv ; https://www2.myfloridalicense.com/sto/file_download/extracts//RealEstateCorpLicense.csv,FL,HIALEAH,PO BOX 173903,,2026-10-09
REAL ESTATE CENTER INC.,35,https://www2.myfloridalicense.com/sto/file_download/extracts//REALESTATE2501LICENSE_1.csv ; https://www2.myfloridalicense.com/sto/file_download/extracts//RealEstateCorpLicense.csv,FL,LAKE WORTH BEACH,406 LUCERNE AVE,,2026-10-09
REAL ESTATE REFERRAL AGENCY INC,36,https://www2.myfloridalicense.com/sto/file_download/extracts//REALESTATE2501LICENSE_1.csv ; https://www2.myfloridalicense.com/sto/file_download/extracts//RealEstateCorpLicense.csv,FL,JACKSONVILLE,4540 SOUTHSIDE BLVD 902,,2026-10-09
REAL ESTATE REFERRAL COMPANY LLC,45,https://www2.myfloridalicense.com/sto/file_download/extracts//REALESTATE2501LICENSE_1.csv ; https://www2.myfloridalicense.com/sto/file_download/extracts//RealEstateCorpLicense.csv,FL,DESTIN,4507 FURLING LN SUITE #106,,2026-10-09
REAL ESTATE REFERRAL SERVICES LLC,55,https://www2.myfloridalicense.com/sto/file_download/extracts//REALESTATE2501LICENSE_1.csv ; https://www2.myfloridalicense.com/sto/file_download/extracts//RealEstateCorpLicense.csv,FL,WEST MELBOURNE,373 ADAMO WAY,,2026-10-09
REAL ESTATE UNIVERSE INC,48,https://www2.myfloridalicense.com/sto/file_download/extracts//REALESTATE2501LICENSE_1.csv ; https://www2.myfloridalicense.com/sto/file_download/extracts//RealEstateCorpLicense.csv,FL,NORTH PALM BEACH,9112 ALTERNATE A1A,,2026-10-09
REAL REALTY INVESTMENT CORP,36,https://www2.myfloridalicense.com/sto/file_download/extracts//REALESTATE2501LICENSE_1.csv ; https://www2.myfloridalicense.com/sto/file_download/extracts//RealEstateCorpLicense.csv,FL,MIAMI,7010 SW 144 PL,,2026-10-09
REALTEC GROUP INC,75,https://www2.myfloridalicense.com/sto/file_download/extracts//REALESTATE2501LICENSE_1.csv ; https://www2.myfloridalicense.com/sto/file_download/extracts//RealEstateCorpLicense.csv,FL,PALM HARBOR,4175 WOODLANDS PKWY,,2026-10-09
REALTEC REFERRAL SERVICES INC,40,https://www2.myfloridalicense.com/sto/file_download/extracts//REALESTATE2501LICENSE_1.csv ; https://www2.myfloridalicense.com/sto/file_download/extracts//RealEstateCorpLicense.csv,FL,PALM HARBOR,4175 WOODLANDS PKWY,,2026-10-09
REALTY ADVISORS REFERRAL ASSOCIATES,36,https://www2.myfloridalicense.com/sto/file_download/extracts//REALESTATE2501LICENSE_1.csv ; https://www2.myfloridalicense.com/sto/file_download/extracts//RealEstateCorpLicense.csv,FL,BOCA RATON,9174 GLADES RD,,2026-10-09
REALTY KING INC,43,https://www2.myfloridalicense.com/sto/file_download/extracts//REALESTATE2501LICENSE_1.csv ; https://www2.myfloridalicense.com/sto/file_download/extracts//RealEstateCorpLicense.csv,FL,SEBASTIAN,1603 US HIGHWAY 1,,2026-10-09
REALTY MARK OF FLORIDA LLC,58,https://www2.myfloridalicense.com/sto/file_download/extracts//REALESTATE2501LICENSE_1.csv ; https://www2.myfloridalicense.com/sto/file_download/extracts//RealEstateCorpLicense.csv,FL,HUNTINGDON VALLEY,2250 TERWOOD 2250 TERWOOD DRIVE,,2026-10-09
REALTY NSB LLC,36,https://www2.myfloridalicense.com/sto/file_download/extracts//REALESTATE2501LICENSE_1.csv ; https://www2.myfloridalicense.com/sto/file_download/extracts//RealEstateCorpLicense.csv,FL,NEW SMYRNA,101 CANAL STREET,,2026-10-09
REFERRAL ADVANTAGE CORP,58,https://www2.myfloridalicense.com/sto/file_download/extracts//REALESTATE2501LICENSE_1.csv ; https://www2.myfloridalicense.com/sto/file_download/extracts//RealEstateCorpLicense.csv,FL,JUPITER,601 HERITAGE DRIVE SUITE 111,,2026-10-09
REFERRAL ASSOCIATES OF AMERICA LLC,48,https://www2.myfloridalicense.com/sto/file_download/extracts//REALESTATE2501LICENSE_1.csv ; https://www2.myfloridalicense.com/sto/file_download/extracts//RealEstateCorpLicense.csv,FL,PENSACOLA,1313 CREIGHTON RD,,2026-10-09
REFERRAL LINK LLC,35,https://www2.myfloridalicense.com/sto/file_download/extracts//REALESTATE2501LICENSE_1.csv ; https://www2.myfloridalicense.com/sto/file_download/extracts//RealEstateCorpLicense.csv,FL,BRANDON,1517 OAKFIELD DRIVE,,2026-10-09
REFERRAL SERVICES OF CENTRAL FLORIDA LLC,37,https://www2.myfloridalicense.com/sto/file_download/extracts//REALESTATE2501LICENSE_1.csv ; https://www2.myfloridalicense.com/sto/file_download/extracts//RealEstateCorpLicense.csv,FL,CLERMONT,17301 PAGONIA RD SUITE 300,,2026-10-09
REFERRAL SPECIALIST INC,49,https://www2.myfloridalicense.com/sto/file_download/extracts//REALESTATE2501LICENSE_1.csv ; https://www2.myfloridalicense.com/sto/file_download/extracts//RealEstateCorpLicense.csv,FL,JACKSONVILLE,12646 SAN JOSE BLVD,,2026-10-09
REJOICE REALTY GROUP INC,63,https://www2.myfloridalicense.com/sto/file_download/extracts//REALESTATE2501LICENSE_1.csv ; https://www2.myfloridalicense.com/sto/file_download/extracts//RealEstateCorpLicense.csv,FL,MIAMI,8351 SW 4TH STREET,,2026-10-09
RELOTON REALTY LLC,39,https://www2.myfloridalicense.com/sto/file_download/extracts//REALESTATE2501LICENSE_1.csv ; https://www2.myfloridalicense.com/sto/file_download/extracts//RealEstateCorpLicense.csv,FL,SPRING HILL,13206 WEATHERSTONE DR,,2026-10-09
REV REALTY GROUP LLC,35,https://www2.myfloridalicense.com/sto/file_download/extracts//REALESTATE2501LICENSE_1.csv ; https://www2.myfloridalicense.com/sto/file_download/extracts//RealEstateCorpLicense.csv,FL,MIAMI BEACH,7115 RUE NOTRE DAME,,2026-10-09
RICHMOND AMERICAN HOMES OF FLORIDA LP,37,https://www2.myfloridalicense.com/sto/file_download/extracts//REALESTATE2501LICENSE_1.csv ; https://www2.myfloridalicense.com/sto/file_download/extracts//RealEstateCorpLicense.csv,FL,,,,2026-10-09
RISEWELL HOMES FLORIDA LLC,39,https://www2.myfloridalicense.com/sto/file_download/extracts//REALESTATE2501LICENSE_1.csv ; https://www2.myfloridalicense.com/sto/file_download/extracts//RealEstateCorpLicense.csv,FL,,,,2026-10-09
ROSEBAY REFERRAL INC,38,https://www2.myfloridalicense.com/sto/file_download/extracts//REALESTATE2501LICENSE_1.csv ; https://www2.myfloridalicense.com/sto/file_download/extracts//RealEstateCorpLicense.csv,FL,SARASOTA,1815 S OSPREY AVE,,2026-10-09
ROSSMAN REALTY GROUP INC,56,https://www2.myfloridalicense.com/sto/file_download/extracts//REALESTATE2501LICENSE_1.csv ; https://www2.myfloridalicense.com/sto/file_download/extracts//RealEstateCorpLicense.csv,FL,CAPE CORAL,1104 SE 46 LANE,,2026-10-09
ROSSMAN REFERRAL REALTY INC,69,https://www2.myfloridalicense.com/sto/file_download/extracts//REALESTATE2501LICENSE_1.csv ; https://www2.myfloridalicense.com/sto/file_download/extracts//RealEstateCorpLicense.csv,FL,CAPE CORAL,1104 SE 46TH LANE,,2026-10-09
RPR OF HERNANDO INC,56,https://www2.myfloridalicense.com/sto/file_download/extracts//REALESTATE2501LICENSE_1.csv ; https://www2.myfloridalicense.com/sto/file_download/extracts//RealEstateCorpLicense.csv,FL,SPRING HILL,3377 MARINER BLVD,,2026-10-09
RSPP REFERRAL GROUP INC,42,https://www2.myfloridalicense.com/sto/file_download/extracts//REALESTATE2501LICENSE_1.csv ; https://www2.myfloridalicense.com/sto/file_download/extracts//RealEstateCorpLicense.csv,FL,CAPTIVA,P O BOX 610,,2026-10-09
RUSSELL POST PROPERTIES ISLAMORADA INC,36,https://www2.myfloridalicense.com/sto/file_download/extracts//REALESTATE2501LICENSE_1.csv ; https://www2.myfloridalicense.com/sto/file_download/extracts//RealEstateCorpLicense.csv,FL,ISLAMORADA,81888 OVERSEAS HWY,,2026-10-09
S & D REAL ESTATE SERVICES LLC,74,https://www2.myfloridalicense.com/sto/file_download/extracts//REALESTATE2501LICENSE_1.csv ; https://www2.myfloridalicense.com/sto/file_download/extracts//RealEstateCorpLicense.csv,FL,LAKELAND,230 DORIS DRIVE,,2026-10-09
S AND D REAL ESTATE REFERRAL GROUP LLC,38,https://www2.myfloridalicense.com/sto/file_download/extracts//REALESTATE2501LICENSE_1.csv ; https://www2.myfloridalicense.com/sto/file_download/extracts//RealEstateCorpLicense.csv,FL,LAKELAND,230 DORIS DRIVE,,2026-10-09
SAGGIO REALTY INC,45,https://www2.myfloridalicense.com/sto/file_download/extracts//REALESTATE2501LICENSE_1.csv ; https://www2.myfloridalicense.com/sto/file_download/extracts//RealEstateCorpLicense.csv,FL,MIAMI LAKES,6625 MIAMI LAKES DR.,,2026-10-09
SALLY LOVE REAL ESTATE INC,42,https://www2.myfloridalicense.com/sto/file_download/extracts//REALESTATE2501LICENSE_1.csv ; https://www2.myfloridalicense.com/sto/file_download/extracts//RealEstateCorpLicense.csv,FL,WILDWOOD,607 LEE STREET,,2026-10-09
SALTY MARLIN REALTY LLC,41,https://www2.myfloridalicense.com/sto/file_download/extracts//REALESTATE2501LICENSE_1.csv ; https://www2.myfloridalicense.com/sto/file_download/extracts//RealEstateCorpLicense.csv,FL,WESTON,76 WHITEHEAD CIRCLE,,2026-10-09
SAMSON COMPANIES LLC,36,https://www2.myfloridalicense.com/sto/file_download/extracts//REALESTATE2501LICENSE_1.csv ; https://www2.myfloridalicense.com/sto/file_download/extracts//RealEstateCorpLicense.csv,FL,NAPLES,"610 9TH STREET, N.W",,2026-10-09
SANDPEAK REALTY INC,54,https://www2.myfloridalicense.com/sto/file_download/extracts//REALESTATE2501LICENSE_1.csv ; https://www2.myfloridalicense.com/sto/file_download/extracts//RealEstateCorpLicense.csv,FL,HUDSON,9033 FLAGSTICK LANE,,2026-10-09
SARASOTA REFERRAL NETWORK LLC,55,https://www2.myfloridalicense.com/sto/file_download/extracts//REALESTATE2501LICENSE_1.csv ; https://www2.myfloridalicense.com/sto/file_download/extracts//RealEstateCorpLicense.csv,FL,LAKEWOOD RANCH,7012 PORTMARNOCK PL,,2026-10-09
SAVILLS INC,45,https://www2.myfloridalicense.com/sto/file_download/extracts//REALESTATE2501LICENSE_1.csv ; https://www2.myfloridalicense.com/sto/file_download/extracts//RealEstateCorpLicense.csv,FL,MIAMI,333 SE 2ND AVENUE SUITE 2800,,2026-10-09
SCHOONER BAY REALTY INC,68,https://www2.myfloridalicense.com/sto/file_download/extracts//REALESTATE2501LICENSE_1.csv ; https://www2.myfloridalicense.com/sto/file_download/extracts//RealEstateCorpLicense.csv,FL,CAPE CORAL,1210 DEL PRADO BOULEVARD S,,2026-10-09
SELECT REFERRAL REALTY LLC,60,https://www2.myfloridalicense.com/sto/file_download/extracts//REALESTATE2501LICENSE_1.csv ; https://www2.myfloridalicense.com/sto/file_download/extracts//RealEstateCorpLicense.csv,FL,PLANTATION,10175 W SUNRISE BLVD,,2026-10-09
SIERRA ELITE PROPERTIES LLC,40,https://www2.myfloridalicense.com/sto/file_download/extracts//REALESTATE2501LICENSE_1.csv ; https://www2.myfloridalicense.com/sto/file_download/extracts//RealEstateCorpLicense.csv,FL,SOUTH DAYTONA,3132 S RIDGEWOOD AVE,,2026-10-09
SIERRA ELITE REFERRALS LLC,46,https://www2.myfloridalicense.com/sto/file_download/extracts//REALESTATE2501LICENSE_1.csv ; https://www2.myfloridalicense.com/sto/file_download/extracts//RealEstateCorpLicense.csv,FL,SOUTH DAYTONA,3132 S RIDGEWOOD AVE,,2026-10-09
SIMPLIHOM FLORIDA LLC,39,https://www2.myfloridalicense.com/sto/file_download/extracts//REALESTATE2501LICENSE_1.csv ; https://www2.myfloridalicense.com/sto/file_download/extracts//RealEstateCorpLicense.csv,FL,SARASOTA,2163 MAIN STREET,,2026-10-09
SOTHEBYS INTERNATIONAL REALTY REFERRAL COMPANY LLC,48,https://www2.myfloridalicense.com/sto/file_download/extracts//REALESTATE2501LICENSE_1.csv ; https://www2.myfloridalicense.com/sto/file_download/extracts//RealEstateCorpLicense.csv,FL,PALM BEACH,340 ROYAL POINCIANA WAY,,2026-10-09
SRE REFERRALS LLC,38,https://www2.myfloridalicense.com/sto/file_download/extracts//REALESTATE2501LICENSE_1.csv ; https://www2.myfloridalicense.com/sto/file_download/extracts//RealEstateCorpLicense.csv,FL,LAKELAND,1723 BARTOW ROAD,,2026-10-09
SRNFLA LLC,70,https://www2.myfloridalicense.com/sto/file_download/extracts//REALESTATE2501LICENSE_1.csv ; https://www2.myfloridalicense.com/sto/file_download/extracts//RealEstateCorpLicense.csv,FL,ORLANDO,618 E. SOUTH STREET,,2026-10-09
STARLIGHT HOMES FLORIDA L.L.C.,41,https://www2.myfloridalicense.com/sto/file_download/extracts//REALESTATE2501LICENSE_1.csv ; https://www2.myfloridalicense.com/sto/file_download/extracts//RealEstateCorpLicense.csv,FL,LAKE MARY,1064 GREENWOOD BLVD SUITE 124,,2026-10-09
SUMMER HOUSE REALTY LLC,48,https://www2.myfloridalicense.com/sto/file_download/extracts//REALESTATE2501LICENSE_1.csv ; https://www2.myfloridalicense.com/sto/file_download/extracts//RealEstateCorpLicense.csv,FL,FERNANDINA BEACH,316 ASH STREET,,2026-10-09
SUNSHINE ELITE REALTY REFERRAL LLC,48,https://www2.myfloridalicense.com/sto/file_download/extracts//REALESTATE2501LICENSE_1.csv ; https://www2.myfloridalicense.com/sto/file_download/extracts//RealEstateCorpLicense.csv,FL,BONITA SPRINGS,9696 BONITA BEACH ROAD,,2026-10-09
TEMPS PLUS INC,52,https://www2.myfloridalicense.com/sto/file_download/extracts//REALESTATE2501LICENSE_1.csv ; https://www2.myfloridalicense.com/sto/file_download/extracts//RealEstateCorpLicense.csv,FL,CORONA,268 N LINCOLN AVE SUITE 12,,2026-10-09
TFP FLORIDA REALTY LLC,44,https://www2.myfloridalicense.com/sto/file_download/extracts//REALESTATE2501LICENSE_1.csv ; https://www2.myfloridalicense.com/sto/file_download/extracts//RealEstateCorpLicense.csv,FL,LAKELAND,932 SWANN DR,,2026-10-09
THINK REAL ESTATE LLC,63,https://www2.myfloridalicense.com/sto/file_download/extracts//REALESTATE2501LICENSE_1.csv ; https://www2.myfloridalicense.com/sto/file_download/extracts//RealEstateCorpLicense.csv,FL,PANAMA CITY,2810 MARTIN LUTHER KING JR. BLVD,,2026-10-09
THOMAS GROUP REALTY LLC,53,https://www2.myfloridalicense.com/sto/file_download/extracts//REALESTATE2501LICENSE_1.csv ; https://www2.myfloridalicense.com/sto/file_download/extracts//RealEstateCorpLicense.csv,FL,GAINESVILLE,5346 SW 91ST TERRACE,,2026-10-09
"TOWER RESORTS REALTY, LLC",41,https://www2.myfloridalicense.com/sto/file_download/extracts//REALESTATE2501LICENSE_1.csv ; https://www2.myfloridalicense.com/sto/file_download/extracts//RealEstateCorpLicense.csv,FL,FORT LAUDERDALE,2626 E OAKLAND PARK BLVD,,2026-10-09
"TOWER TEAM REALTY, LLC",71,https://www2.myfloridalicense.com/sto/file_download/extracts//REALESTATE2501LICENSE_1.csv ; https://www2.myfloridalicense.com/sto/file_download/extracts//RealEstateCorpLicense.csv,FL,PEMBROKE PINES,9211 NW 5TH 9211 NW 5TH STREET,,2026-10-09
TREND RE LLC,42,https://www2.myfloridalicense.com/sto/file_download/extracts//REALESTATE2501LICENSE_1.csv ; https://www2.myfloridalicense.com/sto/file_download/extracts//RealEstateCorpLicense.csv,FL,FORT MYERS,9160 FORUM CORPORATE PARKWAY,,2026-10-09
TREND REAL ESTATE REFERRAL GROUP INC,50,https://www2.myfloridalicense.com/sto/file_download/extracts//REALESTATE2501LICENSE_1.csv ; https://www2.myfloridalicense.com/sto/file_download/extracts//RealEstateCorpLicense.csv,FL,CAPE CORAL,1715 CAPE CORAL PKWY W,,2026-10-09
TREXY REALTY REFFERALS INC,63,https://www2.myfloridalicense.com/sto/file_download/extracts//REALESTATE2501LICENSE_1.csv ; https://www2.myfloridalicense.com/sto/file_download/extracts//RealEstateCorpLicense.csv,FL,HIALEAH,7590 NW 186 ST STE 1054-106,,2026-10-09
TRUE QUALITY SERVICE REALTY LLC,44,https://www2.myfloridalicense.com/sto/file_download/extracts//REALESTATE2501LICENSE_1.csv ; https://www2.myfloridalicense.com/sto/file_download/extracts//RealEstateCorpLicense.csv,FL,LAKE WORTH,7109 LAKE WORTH RD,,2026-10-09
TSC HOMES LLC,44,https://www2.myfloridalicense.com/sto/file_download/extracts//REALESTATE2501LICENSE_1.csv ; https://www2.myfloridalicense.com/sto/file_download/extracts//RealEstateCorpLicense.csv,FL,TAMPA,3907 HENDERSON BLVD,,2026-10-09
"UREG REFERRALS, LLC",48,https://www2.myfloridalicense.com/sto/file_download/extracts//REALESTATE2501LICENSE_1.csv ; https://www2.myfloridalicense.com/sto/file_download/extracts//RealEstateCorpLicense.csv,FL,JACKSONVILLE,8380 BAYMEADOWS ROAD,,2026-10-09
V I P REFERRAL GROUP INC,48,https://www2.myfloridalicense.com/sto/file_download/extracts//REALESTATE2501LICENSE_1.csv ; https://www2.myfloridalicense.com/sto/file_download/extracts//RealEstateCorpLicense.csv,FL,FORT MYERS,13131 UNIVERSITY DRIVE,,2026-10-09
VANTASURE REALTY REFERRALS LLC,39,https://www2.myfloridalicense.com/sto/file_download/extracts//REALESTATE2501LICENSE_1.csv ; https://www2.myfloridalicense.com/sto/file_download/extracts//RealEstateCorpLicense.csv,FL,PARKLAND,8070 NW 110TH DR,,2026-10-09
VIP REALTY GROUP INC,45,https://www2.myfloridalicense.com/sto/file_download/extracts//REALESTATE2501LICENSE_1.csv ; https://www2.myfloridalicense.com/sto/file_download/extracts//RealEstateCorpLicense.csv,FL,FORT MYERS,13131 UNIVERSITY DRIVE,,2026-10-09
VIP REFERRAL NETWORK INC,57,https://www2.myfloridalicense.com/sto/file_download/extracts//REALESTATE2501LICENSE_1.csv ; https://www2.myfloridalicense.com/sto/file_download/extracts//RealEstateCorpLicense.csv,FL,MIAMI,790 NW 107 AVE SUITE 107,,2026-10-09
VIRAGO REALTY GROUP LLC,39,https://www2.myfloridalicense.com/sto/file_download/extracts//REALESTATE2501LICENSE_1.csv ; https://www2.myfloridalicense.com/sto/file_download/extracts//RealEstateCorpLicense.csv,FL,MIAMI,8347 BIRD ROAD,,2026-10-09
VIRTUAL REFERRAL NETWORK LLC,39,https://www2.myfloridalicense.com/sto/file_download/extracts//REALESTATE2501LICENSE_1.csv ; https://www2.myfloridalicense.com/sto/file_download/extracts//RealEstateCorpLicense.csv,FL,WELLINGTON,1400 CORPORATE CENTER WAY,,2026-10-09
"VPR UNITED REAL ESTATE, LLC",41,https://www2.myfloridalicense.com/sto/file_download/extracts//REALESTATE2501LICENSE_1.csv ; https://www2.myfloridalicense.com/sto/file_download/extracts//RealEstateCorpLicense.csv,FL,DULUTH,"2750 PREMIERE PKWY, STE 200",,2026-10-09
WATER POINTE HOLDINGS LLC,49,https://www2.myfloridalicense.com/sto/file_download/extracts//REALESTATE2501LICENSE_1.csv ; https://www2.myfloridalicense.com/sto/file_download/extracts//RealEstateCorpLicense.csv,FL,STUART,3727 SE OCEAN BLVD SUITE 100,,2026-10-09
"WATERFRONT INTERNATIONAL REALTY, LLC",54,https://www2.myfloridalicense.com/sto/file_download/extracts//REALESTATE2501LICENSE_1.csv ; https://www2.myfloridalicense.com/sto/file_download/extracts//RealEstateCorpLicense.csv,FL,SUNNY ISLES,18246 COLLINS AVE,,2026-10-09
WATERFRONT REALTY LLC,39,https://www2.myfloridalicense.com/sto/file_download/extracts//REALESTATE2501LICENSE_1.csv ; https://www2.myfloridalicense.com/sto/file_download/extracts//RealEstateCorpLicense.csv,FL,NORTH MIAMI,13205 NE 16TH AVE,,2026-10-09
WEEKLEY HOMES LLC,37,https://www2.myfloridalicense.com/sto/file_download/extracts//REALESTATE2501LICENSE_1.csv ; https://www2.myfloridalicense.com/sto/file_download/extracts//RealEstateCorpLicense.csv,FL,,,,2026-10-09
WESTCHASE HOLDINGS LLC,45,https://www2.myfloridalicense.com/sto/file_download/extracts//REALESTATE2501LICENSE_1.csv ; https://www2.myfloridalicense.com/sto/file_download/extracts//RealEstateCorpLicense.csv,FL,PALM HARBOR,4114 AMBER LANE,,2026-10-09
WHIDDON REFERRAL CORP INC,46,https://www2.myfloridalicense.com/sto/file_download/extracts//REALESTATE2501LICENSE_1.csv ; https://www2.myfloridalicense.com/sto/file_download/extracts//RealEstateCorpLicense.csv,FL,FORT LAUDERDALE,777 S FEDERAL HWY,,2026-10-09
WHITE SANDS INC OF ALABAMA,37,https://www2.myfloridalicense.com/sto/file_download/extracts//REALESTATE2501LICENSE_1.csv ; https://www2.myfloridalicense.com/sto/file_download/extracts//RealEstateCorpLicense.csv,FL,ORANGE BEACH,26021 PERDIDO BEACH BLVD,,2026-10-09
WILLIAM GREGORY RIDOLPH,40,https://www2.myfloridalicense.com/sto/file_download/extracts//REALESTATE2501LICENSE_1.csv ; https://www2.myfloridalicense.com/sto/file_download/extracts//RealEstateCorpLicense.csv,FL,,,,2026-10-09
WILLIAM RAVEIS REFERRAL GROUP FL LLC,74,https://www2.myfloridalicense.com/sto/file_download/extracts//REALESTATE2501LICENSE_1.csv ; https://www2.myfloridalicense.com/sto/file_download/extracts//RealEstateCorpLicense.csv,FL,SHELTON,7 TRAP FALL ROAD,,2026-10-09
WLS L C,40,https://www2.myfloridalicense.com/sto/file_download/extracts//REALESTATE2501LICENSE_1.csv ; https://www2.myfloridalicense.com/sto/file_download/extracts//RealEstateCorpLicense.csv,FL,MIAMI,9655 SOUTH DIXIE HIGHWAY SUITE 300,,2026-10-09
WOLFS LANDING REALTY INC,39,https://www2.myfloridalicense.com/sto/file_download/extracts//REALESTATE2501LICENSE_1.csv ; https://www2.myfloridalicense.com/sto/file_download/extracts//RealEstateCorpLicense.csv,FL,SAINT CLOUD,4601 NEPTUNE ROAD,,2026-10-09
WPB REALTY PARTNERS LLC,72,https://www2.myfloridalicense.com/sto/file_download/extracts//REALESTATE2501LICENSE_1.csv ; https://www2.myfloridalicense.com/sto/file_download/extracts//RealEstateCorpLicense.csv,FL,WEST PALM BEACH,250 S AUSTRALIAN AVENUE,,2026-10-09
WRA REALTY EXECUTIVES LLC,60,https://www2.myfloridalicense.com/sto/file_download/extracts//REALESTATE2501LICENSE_1.csv ; https://www2.myfloridalicense.com/sto/file_download/extracts//RealEstateCorpLicense.csv,FL,ORLANDO,7065 WESTPOINTE BLVD 102,,2026-10-09
YOUNG REAL ESTATE CONNECT LLC,38,https://www2.myfloridalicense.com/sto/file_download/extracts//REALESTATE2501LICENSE_1.csv ; https://www2.myfloridalicense.com/sto/file_download/extracts//RealEstateCorpLicense.csv,FL,"ALTAMONTE SPRINGS,",235 N. WESTMONTE DR.,,2026-10-09
YOUNG REAL ESTATE LLC,50,https://www2.myfloridalicense.com/sto/file_download/extracts//REALESTATE2501LICENSE_1.csv ; https://www2.myfloridalicense.com/sto/file_download/extracts//RealEstateCorpLicense.csv,FL,"ALTAMONTE SPRINGS,",235 N. WESTMONTE DR.,,2026-10-09
ZALLOUM REALTY LLC,43,https://www2.myfloridalicense.com/sto/file_download/extracts//REALESTATE2501LICENSE_1.csv ; https://www2.myfloridalicense.com/sto/file_download/extracts//RealEstateCorpLicense.csv,FL,ORANGE PARK,541 ACORNRIDGE LANE,,2026-10-09
ZFC REAL ESTATE LLC,64,https://www2.myfloridalicense.com/sto/file_download/extracts//REALESTATE2501LICENSE_1.csv ; https://www2.myfloridalicense.com/sto/file_download/extracts//RealEstateCorpLicense.csv,FL,BOCA RATON,4800 N FEDERAL HWY,,2026-10-09
ZOOM REALTY GROUP LLC,40,https://www2.myfloridalicense.com/sto/file_download/extracts//REALESTATE2501LICENSE_1.csv ; https://www2.myfloridalicense.com/sto/file_download/extracts//RealEstateCorpLicense.csv,FL,PLANTATION,150 S PINE ISLAND ROAD,,2026-10-09
ADVANTAGE,43,https://red.nv.gov/uploadedFiles/rednvgov/Content/Administration/Public_Records/NRED-ACTIVE-SALESPERSONS.xlsx ; NRED-ACTIVE-BROKER-SALESPERSONS.xlsx,NV,HENDERSON,10075 S EASTERN #103,,2026-10-09
BARRETT & CO INC,41,https://red.nv.gov/uploadedFiles/rednvgov/Content/Administration/Public_Records/NRED-ACTIVE-SALESPERSONS.xlsx ; NRED-ACTIVE-BROKER-SALESPERSONS.xlsx,NV,LAS VEGAS,2885 S JONES BLVD,,2026-10-09
BROKERS CONSOLIDATED,35,https://red.nv.gov/uploadedFiles/rednvgov/Content/Administration/Public_Records/NRED-ACTIVE-SALESPERSONS.xlsx ; NRED-ACTIVE-BROKER-SALESPERSONS.xlsx,NV,MESQUITE,1155 W PIONEER BLVD SUITE 104,,2026-10-09
CENTURY 21 1ST PRIORITY REALTY,37,https://red.nv.gov/uploadedFiles/rednvgov/Content/Administration/Public_Records/NRED-ACTIVE-SALESPERSONS.xlsx ; NRED-ACTIVE-BROKER-SALESPERSONS.xlsx,NV,LAS VEGAS,"6370 W FLAMINGO RD, SUITE 5A",,2026-10-09
CHASE INTERNATIONAL REFERRAL COMPANY,46,https://red.nv.gov/uploadedFiles/rednvgov/Content/Administration/Public_Records/NRED-ACTIVE-SALESPERSONS.xlsx ; NRED-ACTIVE-BROKER-SALESPERSONS.xlsx,NV,ZEPHYR COVE,PO BOX 10470,,2026-10-09
COLLIERS NEVADA LLC,71,https://red.nv.gov/uploadedFiles/rednvgov/Content/Administration/Public_Records/NRED-ACTIVE-SALESPERSONS.xlsx ; NRED-ACTIVE-BROKER-SALESPERSONS.xlsx,NV,LAS VEGAS,6795 AGILYSYS WAY #210,,2026-10-09
DICKSON CONSULTING GROUP,48,https://red.nv.gov/uploadedFiles/rednvgov/Content/Administration/Public_Records/NRED-ACTIVE-SALESPERSONS.xlsx ; NRED-ACTIVE-BROKER-SALESPERSONS.xlsx,NV,RENO,1030 CAUGHLIN CROSSING,,2026-10-09
DOUGLAS ELLIMAN OF NEVADA LLC,50,https://red.nv.gov/uploadedFiles/rednvgov/Content/Administration/Public_Records/NRED-ACTIVE-SALESPERSONS.xlsx ; NRED-ACTIVE-BROKER-SALESPERSONS.xlsx,NV,LAS VEGAS,"1700 S PAVILION CENTER DR, STE 150",,2026-10-09
EASY STREET REALTY LAS VEGAS INC,35,https://red.nv.gov/uploadedFiles/rednvgov/Content/Administration/Public_Records/NRED-ACTIVE-SALESPERSONS.xlsx ; NRED-ACTIVE-BROKER-SALESPERSONS.xlsx,NV,LAS VEGAS,3191 E WARM SPRINGS RD STE 500,,2026-10-09
ENGEL & VOLKERS LAKE TAHOE,47,https://red.nv.gov/uploadedFiles/rednvgov/Content/Administration/Public_Records/NRED-ACTIVE-SALESPERSONS.xlsx ; NRED-ACTIVE-BROKER-SALESPERSONS.xlsx,NV,RENO,"15405 WEDGE PKWY BUILDING B, SUITE 105",,2026-10-09
EPIQUE REALTY,64,https://red.nv.gov/uploadedFiles/rednvgov/Content/Administration/Public_Records/NRED-ACTIVE-SALESPERSONS.xlsx ; NRED-ACTIVE-BROKER-SALESPERSONS.xlsx,NV,RENO,460 E PLUMB LN,,2026-10-09
EXP COMMERCIAL LLC,70,https://red.nv.gov/uploadedFiles/rednvgov/Content/Administration/Public_Records/NRED-ACTIVE-SALESPERSONS.xlsx ; NRED-ACTIVE-BROKER-SALESPERSONS.xlsx,NV,LAS VEGAS,10845 GRIFFITH PEAK DR #2,,2026-10-09
INTERO NEVADA LLC,36,https://red.nv.gov/uploadedFiles/rednvgov/Content/Administration/Public_Records/NRED-ACTIVE-SALESPERSONS.xlsx ; NRED-ACTIVE-BROKER-SALESPERSONS.xlsx,NV,GARDNERVILLE,1362 US HWY 395 STE 112,,2026-10-09
JMG REAL ESTATE,40,https://red.nv.gov/uploadedFiles/rednvgov/Content/Administration/Public_Records/NRED-ACTIVE-SALESPERSONS.xlsx ; NRED-ACTIVE-BROKER-SALESPERSONS.xlsx,NV,HENDERSON,1000 GREEN VALLEY PKWY #250,,2026-10-09
JOHN GRIFFITH REALTY,49,https://red.nv.gov/uploadedFiles/rednvgov/Content/Administration/Public_Records/NRED-ACTIVE-SALESPERSONS.xlsx ; NRED-ACTIVE-BROKER-SALESPERSONS.xlsx,NV,LAS VEGAS,1930 VILLAGE CENTER CIRCLE SUITE 5,,2026-10-09
KB HOME SALES - NEVADA INC,44,https://red.nv.gov/uploadedFiles/rednvgov/Content/Administration/Public_Records/NRED-ACTIVE-SALESPERSONS.xlsx ; NRED-ACTIVE-BROKER-SALESPERSONS.xlsx,NV,LAS VEGAS,"5795 W BADURA AVE, STE 180",,2026-10-09
LAS VEGAS SOTHEBY'S INTERNATIONAL REALTY,65,https://red.nv.gov/uploadedFiles/rednvgov/Content/Administration/Public_Records/NRED-ACTIVE-SALESPERSONS.xlsx ; NRED-ACTIVE-BROKER-SALESPERSONS.xlsx,NV,LAS VEGAS,8548 ROZITA LEE #100,,2026-10-09
LEGACY REAL ESTATE GROUP,64,https://red.nv.gov/uploadedFiles/rednvgov/Content/Administration/Public_Records/NRED-ACTIVE-SALESPERSONS.xlsx ; NRED-ACTIVE-BROKER-SALESPERSONS.xlsx,NV,LAS VEGAS,8345 W. SUNSET RD #320,,2026-10-09
LENNAR SALES CORP,61,https://red.nv.gov/uploadedFiles/rednvgov/Content/Administration/Public_Records/NRED-ACTIVE-SALESPERSONS.xlsx ; NRED-ACTIVE-BROKER-SALESPERSONS.xlsx,NV,LAS VEGAS,6385 S. RAINBOW BLVD STE 300C,,2026-10-09
"MARCUS & MILLICHAP REAL ESTATE INVESTMENT SERVICES OF NEVADA, INC",57,https://red.nv.gov/uploadedFiles/rednvgov/Content/Administration/Public_Records/NRED-ACTIVE-SALESPERSONS.xlsx ; NRED-ACTIVE-BROKER-SALESPERSONS.xlsx,NV,LAS VEGAS,9205 W RUSSELL RD SUITE 100,,2026-10-09
MARK R DESROCHERS REALTY,47,https://red.nv.gov/uploadedFiles/rednvgov/Content/Administration/Public_Records/NRED-ACTIVE-SALESPERSONS.xlsx ; NRED-ACTIVE-BROKER-SALESPERSONS.xlsx,NV,LAS VEGAS,"10750 W CHARLESTON BLVD, SUITE 130",,2026-10-09
"MORE REALTY, INCORPORATED",67,https://red.nv.gov/uploadedFiles/rednvgov/Content/Administration/Public_Records/NRED-ACTIVE-SALESPERSONS.xlsx ; NRED-ACTIVE-BROKER-SALESPERSONS.xlsx,NV,LAS VEGAS,10845 GRIFFITH PEAK - SUMMERLIN TWO,,2026-10-09
"PN II, INC",38,https://red.nv.gov/uploadedFiles/rednvgov/Content/Administration/Public_Records/NRED-ACTIVE-SALESPERSONS.xlsx ; NRED-ACTIVE-BROKER-SALESPERSONS.xlsx,NV,LAS VEGAS,"7255 S TENAYA WAY, SUITE 200",,2026-10-09
REALTY 360,68,https://red.nv.gov/uploadedFiles/rednvgov/Content/Administration/Public_Records/NRED-ACTIVE-SALESPERSONS.xlsx ; NRED-ACTIVE-BROKER-SALESPERSONS.xlsx,NV,LAS VEGAS,8565 S EASTERN AVE #150,,2026-10-09
REDFIN CORPORATION,67,https://red.nv.gov/uploadedFiles/rednvgov/Content/Administration/Public_Records/NRED-ACTIVE-SALESPERSONS.xlsx ; NRED-ACTIVE-BROKER-SALESPERSONS.xlsx,NV,LAS VEGAS,8329 W SUNSET RD STE 280,,2026-10-09
REFERRAL ONLY,39,https://red.nv.gov/uploadedFiles/rednvgov/Content/Administration/Public_Records/NRED-ACTIVE-SALESPERSONS.xlsx ; NRED-ACTIVE-BROKER-SALESPERSONS.xlsx,NV,RENO,1170 S ROCK BLVD STE 2,,2026-10-09
SEKISUI HOUSE NEVADA INC,38,https://red.nv.gov/uploadedFiles/rednvgov/Content/Administration/Public_Records/NRED-ACTIVE-SALESPERSONS.xlsx ; NRED-ACTIVE-BROKER-SALESPERSONS.xlsx,NV,LAS VEGAS,770 E. WARM SPRINGS RD SUITE 240,,2026-10-09
SERHANT,57,https://red.nv.gov/uploadedFiles/rednvgov/Content/Administration/Public_Records/NRED-ACTIVE-SALESPERSONS.xlsx ; NRED-ACTIVE-BROKER-SALESPERSONS.xlsx,NV,HENDERSON,9041 S PECOS #4200,,2026-10-09
SIMPLIHOM,59,https://red.nv.gov/uploadedFiles/rednvgov/Content/Administration/Public_Records/NRED-ACTIVE-SALESPERSONS.xlsx ; NRED-ACTIVE-BROKER-SALESPERSONS.xlsx,NV,HENDERSON,170 S GREEN VALLEY PKWY #300,,2026-10-09
SMG REALTY,37,https://red.nv.gov/uploadedFiles/rednvgov/Content/Administration/Public_Records/NRED-ACTIVE-SALESPERSONS.xlsx ; NRED-ACTIVE-BROKER-SALESPERSONS.xlsx,NV,LAS VEGAS,"7895 W SUNSET RD, STE 106",,2026-10-09
SUPREME REAL ESTATE,36,https://red.nv.gov/uploadedFiles/rednvgov/Content/Administration/Public_Records/NRED-ACTIVE-SALESPERSONS.xlsx ; NRED-ACTIVE-BROKER-SALESPERSONS.xlsx,NV,LAS VEGAS,8880 W SUNSET RD #290,,2026-10-09
URG REALTY,42,https://red.nv.gov/uploadedFiles/rednvgov/Content/Administration/Public_Records/NRED-ACTIVE-SALESPERSONS.xlsx ; NRED-ACTIVE-BROKER-SALESPERSONS.xlsx,NV,LAS VEGAS,4496 S. PECOS RD,,2026-10-09
ACRE NY RENTALS LLC,39,https://data.ny.gov/api/views/yg7h-zjbf/rows.csv?accessType=DOWNLOAD,NY,LONG ISLAND CITY,45-10 COURT SQUARE,,2026-10-09
AFFILIATED REFERRAL NETWORK OF NEW YORK,65,https://data.ny.gov/api/views/yg7h-zjbf/rows.csv?accessType=DOWNLOAD,NY,EAST MEADOW,1856 HEMPSTEAD TURNPIKE,,2026-10-09
BETTER HOMES AND GARDENS REAL ESTATE GREEN TEAM,55,https://data.ny.gov/api/views/yg7h-zjbf/rows.csv?accessType=DOWNLOAD,NY,WARWICK,7 MAIN ST,,2026-10-09
BROWN HARRIS STEVENS RIVERDALE LLC,56,https://data.ny.gov/api/views/yg7h-zjbf/rows.csv?accessType=DOWNLOAD,NY,RIVERDALE,3531 JOHNSON AVE,,2026-10-09
BRP ASSOCIATES INC,43,https://data.ny.gov/api/views/yg7h-zjbf/rows.csv?accessType=DOWNLOAD,NY,BROOKLYN,2106 BATH AVENUE,,2026-10-09
CENTURY 21 AA REALTY OF LINDENHURST INC,65,https://data.ny.gov/api/views/yg7h-zjbf/rows.csv?accessType=DOWNLOAD,NY,LINDENHURST,1596 STRAIGHT PATH,,2026-10-09
CENTURY 21 AA REALTY OF MASSAPEQUA CORP,44,https://data.ny.gov/api/views/yg7h-zjbf/rows.csv?accessType=DOWNLOAD,NY,MASSAPEQUA,896 N BROADWAY,,2026-10-09
CENTURY 21 DAWNS GOLD,39,https://data.ny.gov/api/views/yg7h-zjbf/rows.csv?accessType=DOWNLOAD,NY,YONKERS,646 TUCKAHOE RD,,2026-10-09
CENTURY 21 KR REALTY,58,https://data.ny.gov/api/views/yg7h-zjbf/rows.csv?accessType=DOWNLOAD,NY,LAWRENCE,287 BURNSIDE AVE,,2026-10-09
CENTURY 21 MILESTONE TEAM REALTY,71,https://data.ny.gov/api/views/yg7h-zjbf/rows.csv?accessType=DOWNLOAD,NY,JAMAICA,148-31 HILLSIDE AVE,,2026-10-09
CG & GL HOLDINGS INC,41,https://data.ny.gov/api/views/yg7h-zjbf/rows.csv?accessType=DOWNLOAD,NY,WILLIAMSVILLE,5500 MAIN ST,,2026-10-09
CHARNEY REAL ESTATE LLC,36,https://data.ny.gov/api/views/yg7h-zjbf/rows.csv?accessType=DOWNLOAD,NY,LONG ISLAND CITY,5-26 46TH AVE,,2026-10-09
CHOUS REALTY GROUP INC,75,https://data.ny.gov/api/views/yg7h-zjbf/rows.csv?accessType=DOWNLOAD,NY,FLUSHING,42 03 162ND ST,,2026-10-09
COLDWELL BANKER SIGNATURE PROPERTIES,49,https://data.ny.gov/api/views/yg7h-zjbf/rows.csv?accessType=DOWNLOAD,NY,VALHALLA,4 BROADWAY,,2026-10-09
COMPASS HAMPTONS,75,https://data.ny.gov/api/views/yg7h-zjbf/rows.csv?accessType=DOWNLOAD,NY,BRIDGEHAMPTON,2424 MONTAUK HWY,,2026-10-09
COOPER & COOPER REAL ESTATE LLC,64,https://data.ny.gov/api/views/yg7h-zjbf/rows.csv?accessType=DOWNLOAD,NY,NEW YORK,1 PENN PLAZA,,2026-10-09
CORCORAN SRG RESIDENTIAL,43,https://data.ny.gov/api/views/yg7h-zjbf/rows.csv?accessType=DOWNLOAD,NY,SYOSSET,303 JACKSON AVENUE,,2026-10-09
CRIMMINS REALTY REFERRAL COMPANY,37,https://data.ny.gov/api/views/yg7h-zjbf/rows.csv?accessType=DOWNLOAD,NY,STATEN ISLAND,304 MANOR RD,,2026-10-09
CTRE LLC,50,https://data.ny.gov/api/views/yg7h-zjbf/rows.csv?accessType=DOWNLOAD,NY,WALLINGFORD,35 THORPE AVENUE,,2026-10-09
DALTON WADE REAL ESTATE GROUP,68,https://data.ny.gov/api/views/yg7h-zjbf/rows.csv?accessType=DOWNLOAD,NY,COBB,400 GALLERIA PKWY,,2026-10-09
DANIEL GALE OF BROOKLYN LLC,56,https://data.ny.gov/api/views/yg7h-zjbf/rows.csv?accessType=DOWNLOAD,NY,COLD SPRINGS HARBOR,36 MAIN ST,,2026-10-09
ENGEL & VOLKERS NEW YORK CITY,54,https://data.ny.gov/api/views/yg7h-zjbf/rows.csv?accessType=DOWNLOAD,NY,NEW YORK,430 PARK AVENUE,,2026-10-09
EPIQUE REALTY,67,https://data.ny.gov/api/views/yg7h-zjbf/rows.csv?accessType=DOWNLOAD,NY,NEW YORK,1177 6TH AVENUE,,2026-10-09
EREALTY ADVISORS USA INC,60,https://data.ny.gov/api/views/yg7h-zjbf/rows.csv?accessType=DOWNLOAD,NY,WHITE PLAINS,777 WESTCHESTER AVE STE 101,,2026-10-09
ERIC G RAMSAY JR ASSOCIATES LLC,47,https://data.ny.gov/api/views/yg7h-zjbf/rows.csv?accessType=DOWNLOAD,NY,BAY SHORE,236 W MAIN ST,,2026-10-09
EXIT ALL SEASONS REALTY,67,https://data.ny.gov/api/views/yg7h-zjbf/rows.csv?accessType=DOWNLOAD,NY,BROOKLYN,8911 GLENWOOD RD,,2026-10-09
EXP REALTY NYC,70,https://data.ny.gov/api/views/yg7h-zjbf/rows.csv?accessType=DOWNLOAD,NY,NEW YORK,104 WEST 40TH STREET,,2026-10-09
EXR,66,https://data.ny.gov/api/views/yg7h-zjbf/rows.csv?accessType=DOWNLOAD,NY,BROOKLYN,7A HALSEY STREET,,2026-10-09
FIND ADVISORS,45,https://data.ny.gov/api/views/yg7h-zjbf/rows.csv?accessType=DOWNLOAD,NY,NEW YORK,5 W 37TH STREET,,2026-10-09
GREP 250N10 LLC,41,https://data.ny.gov/api/views/yg7h-zjbf/rows.csv?accessType=DOWNLOAD,NY,NEW YORK,280 PARK AVENUE,,2026-10-09
HERITAGE REALTY LFRO COMPANY,35,https://data.ny.gov/api/views/yg7h-zjbf/rows.csv?accessType=DOWNLOAD,NY,HOMER,7 JAMES ST,,2026-10-09
HOME AND HEARTH OF LONG ISLAND,43,https://data.ny.gov/api/views/yg7h-zjbf/rows.csv?accessType=DOWNLOAD,NY,ROCKVILLE CENTRE,506 LAKEVIEW AVE,,2026-10-09
HOMESMART CROSSISLAND,47,https://data.ny.gov/api/views/yg7h-zjbf/rows.csv?accessType=DOWNLOAD,NY,ROSEDALE,242 14 MERRICK BLVD,,2026-10-09
HOMESMART DYNAMIC REALTY,48,https://data.ny.gov/api/views/yg7h-zjbf/rows.csv?accessType=DOWNLOAD,NY,MEDFORD,3239 NY 112,,2026-10-09
HOMIX REALTY INC,60,https://data.ny.gov/api/views/yg7h-zjbf/rows.csv?accessType=DOWNLOAD,NY,FLUSHING,3720 PRINCE ST,,2026-10-09
HUDSON VALLEY TOWN & COUNTRY REALTY LLC,45,https://data.ny.gov/api/views/yg7h-zjbf/rows.csv?accessType=DOWNLOAD,NY,WAPPINGERS FALLS,1136 RTE 9,,2026-10-09
HUNT COMMERCIAL REAL ESTATE CORPORATION OF BUFFALO NEW YOR,41,https://data.ny.gov/api/views/yg7h-zjbf/rows.csv?accessType=DOWNLOAD,NY,BUFFALO,403 MAIN ST STE 200,,2026-10-09
INTEGRATED REAL ESTATE SERVICES LLC,65,https://data.ny.gov/api/views/yg7h-zjbf/rows.csv?accessType=DOWNLOAD,NY,SYRACUSE,6555 RIDINGS RD,,2026-10-09
JAMES A NETTER REAL ESTATE INC,58,https://data.ny.gov/api/views/yg7h-zjbf/rows.csv?accessType=DOWNLOAD,NY,WEST ISLIP,404 MONTAUK HWY,,2026-10-09
JIM ROBERTS REALTY,44,https://data.ny.gov/api/views/yg7h-zjbf/rows.csv?accessType=DOWNLOAD,NY,CHEEKTOWAGA,3030 WILLIAM ST,,2026-10-09
KELLER WILLIAMS REALTY SOUTHERN TIER & FINGER LAKES,70,https://data.ny.gov/api/views/yg7h-zjbf/rows.csv?accessType=DOWNLOAD,NY,CORNING,21 E MARKET STREET,,2026-10-09
KELLER WILLIAMS VALLEY REALTY,67,https://data.ny.gov/api/views/yg7h-zjbf/rows.csv?accessType=DOWNLOAD,NY,WOODCLIFF LAKE,123 TICE BLVD,,2026-10-09
KELLER WILLIAMS VILLAGE SQUARE REALTY,38,https://data.ny.gov/api/views/yg7h-zjbf/rows.csv?accessType=DOWNLOAD,NY,RIDGEWOOD,74 GODWIN AVENUE,,2026-10-09
KW MIDHUDSON,72,https://data.ny.gov/api/views/yg7h-zjbf/rows.csv?accessType=DOWNLOAD,NY,POUGHKEEPSIE,27 EASTDALE AVE N,,2026-10-09
LAFFEY REFERRAL NETWORK,39,https://data.ny.gov/api/views/yg7h-zjbf/rows.csv?accessType=DOWNLOAD,NY,WILLISTON PARK,193 HILLSIDE AVENUE,,2026-10-09
LANDMARK INTERNATIONAL REAL ESTATE GROUP LLC,45,https://data.ny.gov/api/views/yg7h-zjbf/rows.csv?accessType=DOWNLOAD,NY,FLUSHING,38-19 UNION ST SUITE 201,,2026-10-09
LAUREL PROPERTIES LLC,48,https://data.ny.gov/api/views/yg7h-zjbf/rows.csv?accessType=DOWNLOAD,NY,HUNTINGTON,24 BEAUPRE CT,,2026-10-09
LIBERTY REFERRAL NETWORK LLC,37,https://data.ny.gov/api/views/yg7h-zjbf/rows.csv?accessType=DOWNLOAD,NY,OZONE PARK,96 10 101ST AVE,,2026-10-09
LPT REALTY TRI-STATE LLC,52,https://data.ny.gov/api/views/yg7h-zjbf/rows.csv?accessType=DOWNLOAD,NY,LAKE MARY,1400 S INTERNATIONAL PKWY,,2026-10-09
MATTHEWS REAL ESTATE INVESTMENT SERVICES INC,58,https://data.ny.gov/api/views/yg7h-zjbf/rows.csv?accessType=DOWNLOAD,NY,NEW YORK,711 THIRD AVE.,,2026-10-09
MAX IT REALTY,59,https://data.ny.gov/api/views/yg7h-zjbf/rows.csv?accessType=DOWNLOAD,NY,QUEENS VILLAGE,209-17 JAMAICA AVE,,2026-10-09
METRO MANAGEMENT,50,https://data.ny.gov/api/views/yg7h-zjbf/rows.csv?accessType=DOWNLOAD,NY,FLUSHING,41 23 MURRAY ST STE 200,,2026-10-09
MNS,52,https://data.ny.gov/api/views/yg7h-zjbf/rows.csv?accessType=DOWNLOAD,NY,BROOKLYN,40 N 6TH ST,,2026-10-09
MS REALTY GROUP USA INC,40,https://data.ny.gov/api/views/yg7h-zjbf/rows.csv?accessType=DOWNLOAD,NY,MONSEY,163 ROUTE 306 #313,,2026-10-09
MYSPACE NY LLC,38,https://data.ny.gov/api/views/yg7h-zjbf/rows.csv?accessType=DOWNLOAD,NY,BROOKLYN,5314 16TH AV,,2026-10-09
NEST SEEKERS INTERNATIONAL LLC,35,https://data.ny.gov/api/views/yg7h-zjbf/rows.csv?accessType=DOWNLOAD,NY,BRIDGEHAMPTON,2415 B MONTAUK HWY,,2026-10-09
NEW YORK REALTY US INC,51,https://data.ny.gov/api/views/yg7h-zjbf/rows.csv?accessType=DOWNLOAD,NY,FLUSHING,42-08 BOWNE ST,,2026-10-09
NEWMARK RETAIL,49,https://data.ny.gov/api/views/yg7h-zjbf/rows.csv?accessType=DOWNLOAD,NY,NEW YORK,110 E 42ND ST,,2026-10-09
NEXT STOP NY,43,https://data.ny.gov/api/views/yg7h-zjbf/rows.csv?accessType=DOWNLOAD,NY,NEW YORK,1033 SECOND AVE,,2026-10-09
NIRMALA REALTY LLC,73,https://data.ny.gov/api/views/yg7h-zjbf/rows.csv?accessType=DOWNLOAD,NY,NEW YORK,375 FIFTH AVE 4TH FL,,2026-10-09
NNN PROPERTIES LLC,59,https://data.ny.gov/api/views/yg7h-zjbf/rows.csv?accessType=DOWNLOAD,NY,NEW YORK,1185 AVENUE OF THE AMERICAS,,2026-10-09
NORTH STAR REALTY ASSOCIATES LLC,43,https://data.ny.gov/api/views/yg7h-zjbf/rows.csv?accessType=DOWNLOAD,NY,FRESH MEADOWS,61 18 190TH STREET,,2026-10-09
PREMIER AGENT NETWORK,38,https://data.ny.gov/api/views/yg7h-zjbf/rows.csv?accessType=DOWNLOAD,NY,ALBANY,14 PARKWOOD ST,,2026-10-09
PRESTIGE PROPERTIES OF FAIRFIELD COUNTY,74,https://data.ny.gov/api/views/yg7h-zjbf/rows.csv?accessType=DOWNLOAD,NY,STAMFORD,2777 SUMMER ST,,2026-10-09
PROGRESS REALTY INC,35,https://data.ny.gov/api/views/yg7h-zjbf/rows.csv?accessType=DOWNLOAD,NY,BRONX,2250 WESTCHESTER AVE,,2026-10-09
PROMINENT PROPERTIES SOTHEBYS INTERNATIONAL REALTY,63,https://data.ny.gov/api/views/yg7h-zjbf/rows.csv?accessType=DOWNLOAD,NY,ALPINE,1022 CLOSTER DOCK ROAD,,2026-10-09
PYRAMID BROKERAGE COMPANY INC,36,https://data.ny.gov/api/views/yg7h-zjbf/rows.csv?accessType=DOWNLOAD,NY,EAST SYRACUSE,5845 WIDEWATERS PARKWAY,,2026-10-09
RAVEIS CHRISTOPHER,68,https://data.ny.gov/api/views/yg7h-zjbf/rows.csv?accessType=DOWNLOAD,NY,SHELTON,7 TRAP FALLS RD,,2026-10-09
RE MAX TEAM,56,https://data.ny.gov/api/views/yg7h-zjbf/rows.csv?accessType=DOWNLOAD,NY,LONG ISLAND CITY,36-11 33RD STREET,,2026-10-09
REALPRO 100 LLC,46,https://data.ny.gov/api/views/yg7h-zjbf/rows.csv?accessType=DOWNLOAD,NY,WEST BABYON,575 SUNRISE HIGHWAY,,2026-10-09
REALTY TRENDS CORP,35,https://data.ny.gov/api/views/yg7h-zjbf/rows.csv?accessType=DOWNLOAD,NY,LYNBROOK,50 HEMPSTEAD AVENUE,,2026-10-09
REMAX CITY SQUARE,46,https://data.ny.gov/api/views/yg7h-zjbf/rows.csv?accessType=DOWNLOAD,NY,LONG ISLAND CITY,36-11 33RD STREET,,2026-10-09
REMAX ELITE,63,https://data.ny.gov/api/views/yg7h-zjbf/rows.csv?accessType=DOWNLOAD,NY,BROOKLYN,8201 3RD AVE,,2026-10-09
REMAX REAL ESTATE PROFESSIONALS,45,https://data.ny.gov/api/views/yg7h-zjbf/rows.csv?accessType=DOWNLOAD,NY,BROOKLYN,6423 11TH AVE,,2026-10-09
REMAX TOWN & COUNTRY,43,https://data.ny.gov/api/views/yg7h-zjbf/rows.csv?accessType=DOWNLOAD,NY,FISHKILL,584 ROUTE 9,,2026-10-09
RENT OWN SELL LLC,42,https://data.ny.gov/api/views/yg7h-zjbf/rows.csv?accessType=DOWNLOAD,NY,NEW YORK,160 BROADWAY,,2026-10-09
ROBERT DEFALCO REALTY REFERRAL ASSOCIATES INC,57,https://data.ny.gov/api/views/yg7h-zjbf/rows.csv?accessType=DOWNLOAD,NY,STATEN ISLAND,1678 HYLAN BLVD,,2026-10-09
RODEO REALTY INC,52,https://data.ny.gov/api/views/yg7h-zjbf/rows.csv?accessType=DOWNLOAD,NY,NEW CITY,216 CONGERS RD,,2026-10-09
RTL PARTNERS LLC,35,https://data.ny.gov/api/views/yg7h-zjbf/rows.csv?accessType=DOWNLOAD,NY,NEW YORK,655 THIRD AVE 24TH FL,,2026-10-09
SAUNDERS WEST LLC,36,https://data.ny.gov/api/views/yg7h-zjbf/rows.csv?accessType=DOWNLOAD,NY,WESTHAMPTON BEACH,33 SUNSET AVENUE,,2026-10-09
SI PREMIERE PROPERTIES,35,https://data.ny.gov/api/views/yg7h-zjbf/rows.csv?accessType=DOWNLOAD,NY,STATEN ISLAND,62 SEGUINE AVENUE,,2026-10-09
TERRIE O'CONNOR,37,https://data.ny.gov/api/views/yg7h-zjbf/rows.csv?accessType=DOWNLOAD,NY,RAMSEY,300G LAKE STREET,,2026-10-09
THE AGENCY HAMPTONS PARTNERS,35,https://data.ny.gov/api/views/yg7h-zjbf/rows.csv?accessType=DOWNLOAD,NY,BRIDGEHAMPTON,2462 MAIN STREET,,2026-10-09
TRU AGENT REAL ESTATE,41,https://data.ny.gov/api/views/yg7h-zjbf/rows.csv?accessType=DOWNLOAD,NY,PITTSFORD,11 SCHOEN PLACE,,2026-10-09
TRU INTERNATIONAL REALTY CORP,47,https://data.ny.gov/api/views/yg7h-zjbf/rows.csv?accessType=DOWNLOAD,NY,GREAT NECK,98 CUTTER MILL RD,,2026-10-09
UNITED PARTNERS REFERRAL GROUP,55,https://data.ny.gov/api/views/yg7h-zjbf/rows.csv?accessType=DOWNLOAD,NY,SCARSDALE,760 WHITE PLAINS RD,,2026-10-09
VORO NYC,39,https://data.ny.gov/api/views/yg7h-zjbf/rows.csv?accessType=DOWNLOAD,NY,MANHASSET,1129 NORTHERN BLVD,,2026-10-09
VYLLA HOME,66,https://data.ny.gov/api/views/yg7h-zjbf/rows.csv?accessType=DOWNLOAD,NY,POUGHKEEPSIE,4 COMMERCE ST,,2026-10-09
WEATHERVANE PROPERTIES LLC,51,https://data.ny.gov/api/views/yg7h-zjbf/rows.csv?accessType=DOWNLOAD,NY,ROCHESTER,2171 MONROE AVE,,2026-10-09
WEISS REALTY GROUP LLC,46,https://data.ny.gov/api/views/yg7h-zjbf/rows.csv?accessType=DOWNLOAD,NY,LATHAM,935 NEW LOUDON ROAD,,2026-10-09
WESTCHESTER REALTY TEAM LLC,74,https://data.ny.gov/api/views/yg7h-zjbf/rows.csv?accessType=DOWNLOAD,NY,WHITE PLAINS,120 BLOOMINGDALE RD STE 101,,2026-10-09
WESTCHESTER REFERRAL REALTY ASSOCIATES LLC,53,https://data.ny.gov/api/views/yg7h-zjbf/rows.csv?accessType=DOWNLOAD,NY,MAHOPAC,625 US 6,,2026-10-09
WILLIAM PITT SOTHEBYS INTERNATIONAL REALTY,59,https://data.ny.gov/api/views/yg7h-zjbf/rows.csv?accessType=DOWNLOAD,NY,STAMFORD,2200 ATLANTIC STREET,,2026-10-09
WILLIAM RAVEIS NEW YORK CITY LLC,35,https://data.ny.gov/api/views/yg7h-zjbf/rows.csv?accessType=DOWNLOAD,NY,NEW YORK,121 EAST 71ST STREET,,2026-10-09
ZI REALTY LLC,49,https://data.ny.gov/api/views/yg7h-zjbf/rows.csv?accessType=DOWNLOAD,NY,NEW HYDE PARK,1582 HILLSIDE AVE,,2026-10-09
4TH GENERATION BOLTE LLC,45,https://elicense3.com.ohio.gov/Lookup/GenerateRoster.aspx (Real Estate and Profession Licensing roster),OH,PORT CLINTON,124 E 2ND ST,,2026-10-09
"ACHIEVERS, INC.",35,https://elicense3.com.ohio.gov/Lookup/GenerateRoster.aspx (Real Estate and Profession Licensing roster),OH,LEWIS CENTER,155 GREEN MEADOWS DR S,,2026-10-09
"AFFILIATES, INC",43,https://elicense3.com.ohio.gov/Lookup/GenerateRoster.aspx (Real Estate and Profession Licensing roster),OH,DUBLIN,7239 SAWMILL RD STE 210,,2026-10-09
"AO REAL ESTATE, LLC",35,https://elicense3.com.ohio.gov/Lookup/GenerateRoster.aspx (Real Estate and Profession Licensing roster),OH,WORTHINGTON,7461 WORTHINGTON GALENA RD,,2026-10-09
ASA COX INC.,68,https://elicense3.com.ohio.gov/Lookup/GenerateRoster.aspx (Real Estate and Profession Licensing roster),OH,PAINESVILLE,2709 N RIDGE RD,,2026-10-09
BEST HOMES REAL ESTATE LTD,44,https://elicense3.com.ohio.gov/Lookup/GenerateRoster.aspx (Real Estate and Profession Licensing roster),OH,GALLOWAY,545 DENMOOR CT,,2026-10-09
CAPITAL PARTNERS REFERRALS LLC,38,https://elicense3.com.ohio.gov/Lookup/GenerateRoster.aspx (Real Estate and Profession Licensing roster),OH,WORTHINGTON,100 E WILSON BRIDGE RD,,2026-10-09
"CARLETON REALTY REFERRAL COMPANY, LLC",40,https://elicense3.com.ohio.gov/Lookup/GenerateRoster.aspx (Real Estate and Profession Licensing roster),OH,WESTERVILLE,580 W SCHROCK RD,,2026-10-09
CCR REALTY,56,https://elicense3.com.ohio.gov/Lookup/GenerateRoster.aspx (Real Estate and Profession Licensing roster),OH,LIMA,1737 ALLENTOWN RD,,2026-10-09
CEDAR ONE REALTY LLC,52,https://elicense3.com.ohio.gov/Lookup/GenerateRoster.aspx (Real Estate and Profession Licensing roster),OH,WINTERSVILLE,143 CANTON RD,,2026-10-09
"CHASLO REALTY, INC.",36,https://elicense3.com.ohio.gov/Lookup/GenerateRoster.aspx (Real Estate and Profession Licensing roster),OH,FINDLAY,2103 TIFFIN AVE,,2026-10-09
CLEVELAND NORTHCOAST,39,https://elicense3.com.ohio.gov/Lookup/GenerateRoster.aspx (Real Estate and Profession Licensing roster),OH,CHAGRIN FALLS,14 1/2 MAIN ST,,2026-10-09
COLUMBUS REALTY TEAM LLC,55,https://elicense3.com.ohio.gov/Lookup/GenerateRoster.aspx (Real Estate and Profession Licensing roster),OH,GAHANNA,116 GRANVILLE ST,,2026-10-09
"CRESCO, LTD.",43,https://elicense3.com.ohio.gov/Lookup/GenerateRoster.aspx (Real Estate and Profession Licensing roster),OH,INDEPENDENCE,6100 ROCKSIDE WOODS BLVD N,,2026-10-09
DAVID & VADIM VENTURES LLC,73,https://elicense3.com.ohio.gov/Lookup/GenerateRoster.aspx (Real Estate and Profession Licensing roster),OH,WORTHINGTON,6797 N HIGH ST STE 131,,2026-10-09
"DEHOFF AGENCY, INC.",49,https://elicense3.com.ohio.gov/Lookup/GenerateRoster.aspx (Real Estate and Profession Licensing roster),OH,NORTH CANTON,821 S MAIN ST,,2026-10-09
DEPIERO & ASSOCIATES INC,60,https://elicense3.com.ohio.gov/Lookup/GenerateRoster.aspx (Real Estate and Profession Licensing roster),OH,PARMA,5581 RIDGE RD,,2026-10-09
"DISTINCTIVE REAL ESTATE SERVICES, LLC",42,https://elicense3.com.ohio.gov/Lookup/GenerateRoster.aspx (Real Estate and Profession Licensing roster),OH,CINCINNATI,260 NORTHLAND BLVD STE 304B,,2026-10-09
"EXP COMMERCIAL, LLC",61,https://elicense3.com.ohio.gov/Lookup/GenerateRoster.aspx (Real Estate and Profession Licensing roster),OH,INDEPENDENCE,6100 OAK TREE BLVD STE 200,,2026-10-09
"FRANCHISE GUY, LLC",45,https://elicense3.com.ohio.gov/Lookup/GenerateRoster.aspx (Real Estate and Profession Licensing roster),OH,CENTERVILLE,6828 LOOP RD,,2026-10-09
"GENEVA CHERVENIC REALTY, INC.",74,https://elicense3.com.ohio.gov/Lookup/GenerateRoster.aspx (Real Estate and Profession Licensing roster),OH,STOW,3019 PETERBORO DR,,2026-10-09
GVMRE LLC,42,https://elicense3.com.ohio.gov/Lookup/GenerateRoster.aspx (Real Estate and Profession Licensing roster),OH,GAHANNA,82 MILL ST,,2026-10-09
"HANNA COMMERCIAL, LLC",46,https://elicense3.com.ohio.gov/Lookup/GenerateRoster.aspx (Real Estate and Profession Licensing roster),OH,MAYFIELD HEIGHTS,6000 PARKLAND BLVD,,2026-10-09
"HOMESTAR REAL ESTATE NETWORK, LLC",75,https://elicense3.com.ohio.gov/Lookup/GenerateRoster.aspx (Real Estate and Profession Licensing roster),OH,SOLON,31320 SOLON RD STE 17,,2026-10-09
"INFINITY REAL ESTATE GROUP, LLC",35,https://elicense3.com.ohio.gov/Lookup/GenerateRoster.aspx (Real Estate and Profession Licensing roster),OH,CANAL FULTON,207 CHERRY ST E,,2026-10-09
"IRONGATE HAWTHORN HILL REALTY, LLC",74,https://elicense3.com.ohio.gov/Lookup/GenerateRoster.aspx (Real Estate and Profession Licensing roster),OH,DAYTON,1353 LYONS RD,,2026-10-09
J & J LLP,36,https://elicense3.com.ohio.gov/Lookup/GenerateRoster.aspx (Real Estate and Profession Licensing roster),OH,SAINT CLAIRSVILLE,250 W MAIN ST,,2026-10-09
JAMES CONWAY LLC,45,https://elicense3.com.ohio.gov/Lookup/GenerateRoster.aspx (Real Estate and Profession Licensing roster),OH,MARION,1794 MARION WALDO RD,,2026-10-09
"JBRC, INC",37,https://elicense3.com.ohio.gov/Lookup/GenerateRoster.aspx (Real Estate and Profession Licensing roster),OH,WEST CHESTER,6192 MUHLHAUSER RD,,2026-10-09
"JONES LANG LASALLE AMERICAS, INC.",74,https://elicense3.com.ohio.gov/Lookup/GenerateRoster.aspx (Real Estate and Profession Licensing roster),OH,CLEVELAND,127 PUBLIC SQ STE 1430,,2026-10-09
"KEY ASSOCIATES OF OHIO, LLC",35,https://elicense3.com.ohio.gov/Lookup/GenerateRoster.aspx (Real Estate and Profession Licensing roster),OH,TOLEDO,6800 W CENTRAL AVE STE B,,2026-10-09
"LASHER ENT., INC.",47,https://elicense3.com.ohio.gov/Lookup/GenerateRoster.aspx (Real Estate and Profession Licensing roster),OH,UNIONTOWN,3473 MASSILLON RD,,2026-10-09
LOHMILLER ENTERPRISES LLC,48,https://elicense3.com.ohio.gov/Lookup/GenerateRoster.aspx (Real Estate and Profession Licensing roster),OH,CINCINNATI,3654 EDWARDS RD STE 200,,2026-10-09
"LUCIEN & ASSOC., INC.",39,https://elicense3.com.ohio.gov/Lookup/GenerateRoster.aspx (Real Estate and Profession Licensing roster),OH,LAKEWOOD,18630 DETROIT AVE,,2026-10-09
"MAX REFERRAL REALTY, INC.",49,https://elicense3.com.ohio.gov/Lookup/GenerateRoster.aspx (Real Estate and Profession Licensing roster),OH,CINCINNATI,7870 E KEMPER RD STE 100,,2026-10-09
METRO PLUS,46,https://elicense3.com.ohio.gov/Lookup/GenerateRoster.aspx (Real Estate and Profession Licensing roster),OH,COLUMBUS,502 S 3RD ST,,2026-10-09
"NORTHWOOD REALTY REFERRAL CO., INC.",59,https://elicense3.com.ohio.gov/Lookup/GenerateRoster.aspx (Real Estate and Profession Licensing roster),OH,BOARDMAN,1315 BOARDMAN CANFIELD RD STE 9,,2026-10-09
"NPK REFERRAL REALTY, LLC",39,https://elicense3.com.ohio.gov/Lookup/GenerateRoster.aspx (Real Estate and Profession Licensing roster),OH,COLUMBUS,1 EASTON OVAL STE 100,,2026-10-09
OHIO EQUITIES LLC,43,https://elicense3.com.ohio.gov/Lookup/GenerateRoster.aspx (Real Estate and Profession Licensing roster),OH,COLUMBUS,605 S FRONT ST STE 200,,2026-10-09
"ONE REALTY GROUP, LLC",67,https://elicense3.com.ohio.gov/Lookup/GenerateRoster.aspx (Real Estate and Profession Licensing roster),OH,PICKERINGTON,1131 HILL RD N,,2026-10-09
"PREMIER RESIDENTIAL GROUP, INC.",45,https://elicense3.com.ohio.gov/Lookup/GenerateRoster.aspx (Real Estate and Profession Licensing roster),OH,COLUMBUS,1560 FISHINGER RD,,2026-10-09
"PREMIERE PROPERTIES, INC.",43,https://elicense3.com.ohio.gov/Lookup/GenerateRoster.aspx (Real Estate and Profession Licensing roster),OH,PEPPER PIKE,31100 PINETREE RD STE 125,,2026-10-09
REAF COMPANY LLC,35,https://elicense3.com.ohio.gov/Lookup/GenerateRoster.aspx (Real Estate and Profession Licensing roster),OH,COLUMBUS,765 PARSONS AVE,,2026-10-09
"REALTY REFERRAL ASSOC., INC.",48,https://elicense3.com.ohio.gov/Lookup/GenerateRoster.aspx (Real Estate and Profession Licensing roster),OH,TOLEDO,3242 EXECUTIVE PKWY STE 203,,2026-10-09
"REALTYOHIO, INC.",37,https://elicense3.com.ohio.gov/Lookup/GenerateRoster.aspx (Real Estate and Profession Licensing roster),OH,WORTHINGTON,1281 WORTHINGTON WOODS BLVD,,2026-10-09
RED 1 REALTY HOLDING LLC,59,https://elicense3.com.ohio.gov/Lookup/GenerateRoster.aspx (Real Estate and Profession Licensing roster),OH,ETNA,14787 PALMER RD SW,,2026-10-09
REDFIN CORPORATION,55,https://elicense3.com.ohio.gov/Lookup/GenerateRoster.aspx (Real Estate and Profession Licensing roster),OH,CLEVELAND,100 PUBLIC SQ STE 5101,,2026-10-09
"RELOCATION ONE, INC.",50,https://elicense3.com.ohio.gov/Lookup/GenerateRoster.aspx (Real Estate and Profession Licensing roster),OH,CANTON,4618 DRESSLER RD NW,,2026-10-09
"RICHARD T. KIKO AGENCY, INC.",53,https://elicense3.com.ohio.gov/Lookup/GenerateRoster.aspx (Real Estate and Profession Licensing roster),OH,CANTON,2722 FULTON DR NW,,2026-10-09
"RUSSELL REFERRAL SERVICES, LLC",45,https://elicense3.com.ohio.gov/Lookup/GenerateRoster.aspx (Real Estate and Profession Licensing roster),OH,STRONGSVILLE,12190 PEARL RD,,2026-10-09
SCHMIDT REFERRAL NETWORK OHIO LLC,51,https://elicense3.com.ohio.gov/Lookup/GenerateRoster.aspx (Real Estate and Profession Licensing roster),OH,STREETSBORO,9293 STATE ROUTE 43 STE B,,2026-10-09
SIMON SALHANY REALTY INC.,35,https://elicense3.com.ohio.gov/Lookup/GenerateRoster.aspx (Real Estate and Profession Licensing roster),OH,CUYAHOGA FALLS,205 PORTAGE TRAIL EXT W,,2026-10-09
STREET REALTY,51,https://elicense3.com.ohio.gov/Lookup/GenerateRoster.aspx (Real Estate and Profession Licensing roster),OH,COLUMBUS,2126 TREMONT CTR,,2026-10-09
"TEAM SEAGRAVES, INC.",49,https://elicense3.com.ohio.gov/Lookup/GenerateRoster.aspx (Real Estate and Profession Licensing roster),OH,DAYTON,8900 N DIXIE DR,,2026-10-09
TOTI LLC,56,https://elicense3.com.ohio.gov/Lookup/GenerateRoster.aspx (Real Estate and Profession Licensing roster),OH,DAYTON,5250 FAR HILLS AVE STE 100,,2026-10-09
TOWN & COUNTRY REALTY,37,https://elicense3.com.ohio.gov/Lookup/GenerateRoster.aspx (Real Estate and Profession Licensing roster),OH,ZANESVILLE,807 ADAIR AVE,,2026-10-09
"TRIUMPH REALTY, INC.",54,https://elicense3.com.ohio.gov/Lookup/GenerateRoster.aspx (Real Estate and Profession Licensing roster),OH,POWELL,189 S LIBERTY ST,,2026-10-09
"WESTERN RESERVE REALTY, LLC",43,https://elicense3.com.ohio.gov/Lookup/GenerateRoster.aspx (Real Estate and Profession Licensing roster),OH,CHAGRIN FALLS,26 S MAIN ST,,2026-10-09
"WILLOW CREEK COMPANY II, INC.",39,https://elicense3.com.ohio.gov/Lookup/GenerateRoster.aspx (Real Estate and Profession Licensing roster),OH,WOOSTER,343 W MILLTOWN RD STE D,,2026-10-09
"WOODROW REAL ESTATE, LLC",44,https://elicense3.com.ohio.gov/Lookup/GenerateRoster.aspx (Real Estate and Profession Licensing roster),OH,GROVEPORT,511 MAIN ST STE A,,2026-10-09
"EXP COMMERCIAL, LLC",69,https://orea.elicense.micropact.com/Lookup/GenerateRoster.aspx (Active Individuals + Active Businesses rosters),OR,LAKE OSWEGO,4800 MEADOWS RD STE 300,,2026-10-09
REALTY OF AMERICA LLC,45,https://orea.elicense.micropact.com/Lookup/GenerateRoster.aspx (Active Individuals + Active Businesses rosters),OR,PORTLAND,"555 SE MARTIN LUTHER KING, JR. BLVD. SUITE 105",,2026-10-09
"1ST BROKER SPONSOR, LLC",61,https://data.texas.gov/api/views/s7ft-44qi/rows.csv?accessType=DOWNLOAD,TX,,,,2026-10-09
2011 AMERICAN REAL ESTATE COMPANY LLC,53,https://data.texas.gov/api/views/s7ft-44qi/rows.csv?accessType=DOWNLOAD,TX,,,,2026-10-09
"31 REALTY, LLC",39,https://data.texas.gov/api/views/s7ft-44qi/rows.csv?accessType=DOWNLOAD,TX,,,,2026-10-09
"3C, LLC",40,https://data.texas.gov/api/views/s7ft-44qi/rows.csv?accessType=DOWNLOAD,TX,,,,2026-10-09
5X REALTY LLC,51,https://data.texas.gov/api/views/s7ft-44qi/rows.csv?accessType=DOWNLOAD,TX,,,,2026-10-09
"A & R SUCCESS, LLC",73,https://data.texas.gov/api/views/s7ft-44qi/rows.csv?accessType=DOWNLOAD,TX,,,,2026-10-09
"AACG, LLC",36,https://data.texas.gov/api/views/s7ft-44qi/rows.csv?accessType=DOWNLOAD,TX,,,,2026-10-09
AARON NICHOLAS CANTU,54,https://data.texas.gov/api/views/s7ft-44qi/rows.csv?accessType=DOWNLOAD,TX,,,,2026-10-09
"AAXY SERVICES, LLC",35,https://data.texas.gov/api/views/s7ft-44qi/rows.csv?accessType=DOWNLOAD,TX,,,,2026-10-09
"AEA REALTY, LLC",73,https://data.texas.gov/api/views/s7ft-44qi/rows.csv?accessType=DOWNLOAD,TX,,,,2026-10-09
AES INVESTMENTS LLC,64,https://data.texas.gov/api/views/s7ft-44qi/rows.csv?accessType=DOWNLOAD,TX,,,,2026-10-09
AGENT CONNECT LLC,43,https://data.texas.gov/api/views/s7ft-44qi/rows.csv?accessType=DOWNLOAD,TX,,,,2026-10-09
ALL CITY SAN ANTONIO REGISTERED SERIES,72,https://data.texas.gov/api/views/s7ft-44qi/rows.csv?accessType=DOWNLOAD,TX,,,,2026-10-09
ANCHORED REAL ESTATE GROUP LLC,46,https://data.texas.gov/api/views/s7ft-44qi/rows.csv?accessType=DOWNLOAD,TX,,,,2026-10-09
"ATTORNEY/BROKER SERVICES, LLC",56,https://data.texas.gov/api/views/s7ft-44qi/rows.csv?accessType=DOWNLOAD,TX,,,,2026-10-09
"AVANTI CAPITAL MANAGEMENT, LLC",50,https://data.texas.gov/api/views/s7ft-44qi/rows.csv?accessType=DOWNLOAD,TX,,,,2026-10-09
"AXEN REALTY, LLC",66,https://data.texas.gov/api/views/s7ft-44qi/rows.csv?accessType=DOWNLOAD,TX,,,,2026-10-09
BILL DAYNE BALDWIN,47,https://data.texas.gov/api/views/s7ft-44qi/rows.csv?accessType=DOWNLOAD,TX,,,,2026-10-09
"BL SALES ENTERPRISES, LLC",40,https://data.texas.gov/api/views/s7ft-44qi/rows.csv?accessType=DOWNLOAD,TX,,,,2026-10-09
"BLU REALTY, LLC",48,https://data.texas.gov/api/views/s7ft-44qi/rows.csv?accessType=DOWNLOAD,TX,,,,2026-10-09
"BPS HOLDINGS, LLC",45,https://data.texas.gov/api/views/s7ft-44qi/rows.csv?accessType=DOWNLOAD,TX,,,,2026-10-09
BRIGGS/FREEMAN RESOURCE COMPANY,36,https://data.texas.gov/api/views/s7ft-44qi/rows.csv?accessType=DOWNLOAD,TX,,,,2026-10-09
"BURT LADNER REAL ESTATE, LLC",44,https://data.texas.gov/api/views/s7ft-44qi/rows.csv?accessType=DOWNLOAD,TX,,,,2026-10-09
CAMILLE BOSTICK JOHNSON,42,https://data.texas.gov/api/views/s7ft-44qi/rows.csv?accessType=DOWNLOAD,TX,,,,2026-10-09
"CARRINGTON REAL ESTATE SERVICES (US), LLC",73,https://data.texas.gov/api/views/s7ft-44qi/rows.csv?accessType=DOWNLOAD,TX,,,,2026-10-09
CB APEX ALUMNI ASSOCIATION LLC,37,https://data.texas.gov/api/views/s7ft-44qi/rows.csv?accessType=DOWNLOAD,TX,,,,2026-10-09
CB&A REFERRAL AGENCY LLC,38,https://data.texas.gov/api/views/s7ft-44qi/rows.csv?accessType=DOWNLOAD,TX,,,,2026-10-09
"COLLIERS INTERNATIONAL HOUSTON, INC.",70,https://data.texas.gov/api/views/s7ft-44qi/rows.csv?accessType=DOWNLOAD,TX,,,,2026-10-09
"COLLIERS INTERNATIONAL NORTH TEXAS, LLC",67,https://data.texas.gov/api/views/s7ft-44qi/rows.csv?accessType=DOWNLOAD,TX,,,,2026-10-09
CYNTHIA ANN KEY,45,https://data.texas.gov/api/views/s7ft-44qi/rows.csv?accessType=DOWNLOAD,TX,,,,2026-10-09
DAVID MICHAEL BOATNER,37,https://data.texas.gov/api/views/s7ft-44qi/rows.csv?accessType=DOWNLOAD,TX,,,,2026-10-09
DWELL RESIDENTIAL LLC,49,https://data.texas.gov/api/views/s7ft-44qi/rows.csv?accessType=DOWNLOAD,TX,,,,2026-10-09
"DWELLINC, LLC",41,https://data.texas.gov/api/views/s7ft-44qi/rows.csv?accessType=DOWNLOAD,TX,,,,2026-10-09
EDWARDS CAPITAL CORPORATION,72,https://data.texas.gov/api/views/s7ft-44qi/rows.csv?accessType=DOWNLOAD,TX,,,,2026-10-09
ELRIDGE MARK GUILLORY,35,https://data.texas.gov/api/views/s7ft-44qi/rows.csv?accessType=DOWNLOAD,TX,,,,2026-10-09
"ETZEL ENTERPRISES, LLC",44,https://data.texas.gov/api/views/s7ft-44qi/rows.csv?accessType=DOWNLOAD,TX,,,,2026-10-09
"EXPERIENCE NETWORK, LLC",69,https://data.texas.gov/api/views/s7ft-44qi/rows.csv?accessType=DOWNLOAD,TX,,,,2026-10-09
"EXPERT ENDEAVORS, LLC",65,https://data.texas.gov/api/views/s7ft-44qi/rows.csv?accessType=DOWNLOAD,TX,,,,2026-10-09
FJJ INC,36,https://data.texas.gov/api/views/s7ft-44qi/rows.csv?accessType=DOWNLOAD,TX,,,,2026-10-09
FOR YOUR INVESTMENT REALTY LLC,55,https://data.texas.gov/api/views/s7ft-44qi/rows.csv?accessType=DOWNLOAD,TX,,,,2026-10-09
FULL CIRCLE TEXAS LLC,41,https://data.texas.gov/api/views/s7ft-44qi/rows.csv?accessType=DOWNLOAD,TX,,,,2026-10-09
"GALLERIA REALTY HOLDINGS, LLC",52,https://data.texas.gov/api/views/s7ft-44qi/rows.csv?accessType=DOWNLOAD,TX,,,,2026-10-09
GHARBIEH & ASSOCIATES LLC,37,https://data.texas.gov/api/views/s7ft-44qi/rows.csv?accessType=DOWNLOAD,TX,,,,2026-10-09
GILBERT RODRIGUEZ COSTELLO,70,https://data.texas.gov/api/views/s7ft-44qi/rows.csv?accessType=DOWNLOAD,TX,,,,2026-10-09
GLOBAL CAPITAL LEGACY VENTURES LLC,58,https://data.texas.gov/api/views/s7ft-44qi/rows.csv?accessType=DOWNLOAD,TX,,,,2026-10-09
"GO LFRO, LLC",57,https://data.texas.gov/api/views/s7ft-44qi/rows.csv?accessType=DOWNLOAD,TX,,,,2026-10-09
GO SPRING BRANCH LLC,61,https://data.texas.gov/api/views/s7ft-44qi/rows.csv?accessType=DOWNLOAD,TX,,,,2026-10-09
GOODWIN REFERRAL NETWORK INC,35,https://data.texas.gov/api/views/s7ft-44qi/rows.csv?accessType=DOWNLOAD,TX,,,,2026-10-09
"GREENWOOD KING REFERRALS, LLC",38,https://data.texas.gov/api/views/s7ft-44qi/rows.csv?accessType=DOWNLOAD,TX,,,,2026-10-09
GULF COAST REGION ENTERPRISES LLC,35,https://data.texas.gov/api/views/s7ft-44qi/rows.csv?accessType=DOWNLOAD,TX,,,,2026-10-09
GUTIERREZ REALTY INC,64,https://data.texas.gov/api/views/s7ft-44qi/rows.csv?accessType=DOWNLOAD,TX,,,,2026-10-09
"HARPER REFERRALS, INC",55,https://data.texas.gov/api/views/s7ft-44qi/rows.csv?accessType=DOWNLOAD,TX,,,,2026-10-09
HBO SOUTHERN HOMES INC,62,https://data.texas.gov/api/views/s7ft-44qi/rows.csv?accessType=DOWNLOAD,TX,,,,2026-10-09
HDS LLC,48,https://data.texas.gov/api/views/s7ft-44qi/rows.csv?accessType=DOWNLOAD,TX,,,,2026-10-09
"HIGHER TECH REALTY TX, LLC",56,https://data.texas.gov/api/views/s7ft-44qi/rows.csv?accessType=DOWNLOAD,TX,,,,2026-10-09
"HOME ASSET, INC.",47,https://data.texas.gov/api/views/s7ft-44qi/rows.csv?accessType=DOWNLOAD,TX,,,,2026-10-09
HUNG LONG NGUYEN,35,https://data.texas.gov/api/views/s7ft-44qi/rows.csv?accessType=DOWNLOAD,TX,,,,2026-10-09
"IGNITE REAL ESTATE GROUP, LLC",46,https://data.texas.gov/api/views/s7ft-44qi/rows.csv?accessType=DOWNLOAD,TX,,,,2026-10-09
J KRUEGER INC,48,https://data.texas.gov/api/views/s7ft-44qi/rows.csv?accessType=DOWNLOAD,TX,,,,2026-10-09
JASON MITCHELL REAL ESTATE TEXAS LLC,65,https://data.texas.gov/api/views/s7ft-44qi/rows.csv?accessType=DOWNLOAD,TX,,,,2026-10-09
JOACHIM TIEN VU,46,https://data.texas.gov/api/views/s7ft-44qi/rows.csv?accessType=DOWNLOAD,TX,,,,2026-10-09
JODEE KRUSE PROPERTY GROUP INC,42,https://data.texas.gov/api/views/s7ft-44qi/rows.csv?accessType=DOWNLOAD,TX,,,,2026-10-09
JOSHUA EWING THAI,68,https://data.texas.gov/api/views/s7ft-44qi/rows.csv?accessType=DOWNLOAD,TX,,,,2026-10-09
KEITH DOUGLAS GRIFFIN,42,https://data.texas.gov/api/views/s7ft-44qi/rows.csv?accessType=DOWNLOAD,TX,,,,2026-10-09
"KELLY SIMON PROPERTIES, LLC",39,https://data.texas.gov/api/views/s7ft-44qi/rows.csv?accessType=DOWNLOAD,TX,,,,2026-10-09
"KKI VENTURES, INC.",35,https://data.texas.gov/api/views/s7ft-44qi/rows.csv?accessType=DOWNLOAD,TX,,,,2026-10-09
KUROSH BIAN,40,https://data.texas.gov/api/views/s7ft-44qi/rows.csv?accessType=DOWNLOAD,TX,,,,2026-10-09
L.W. SUMMERS REAL ESTATE GROUP INC,37,https://data.texas.gov/api/views/s7ft-44qi/rows.csv?accessType=DOWNLOAD,TX,,,,2026-10-09
LEAGUE REAL ESTATE JOHNSON COUNTY INC.,42,https://data.texas.gov/api/views/s7ft-44qi/rows.csv?accessType=DOWNLOAD,TX,,,,2026-10-09
"LEGADO REAL ESTATE, LLC",47,https://data.texas.gov/api/views/s7ft-44qi/rows.csv?accessType=DOWNLOAD,TX,,,,2026-10-09
LESLIE CAIN REALTY LLC,46,https://data.texas.gov/api/views/s7ft-44qi/rows.csv?accessType=DOWNLOAD,TX,,,,2026-10-09
LETITIA L HUGHES,54,https://data.texas.gov/api/views/s7ft-44qi/rows.csv?accessType=DOWNLOAD,TX,,,,2026-10-09
LINCOLN PROPERTY COMPANY COMMERCIAL SERVICE ENTERPRISES LLC,36,https://data.texas.gov/api/views/s7ft-44qi/rows.csv?accessType=DOWNLOAD,TX,,,,2026-10-09
"LMAX, LP",36,https://data.texas.gov/api/views/s7ft-44qi/rows.csv?accessType=DOWNLOAD,TX,,,,2026-10-09
"LONE STAR REALTORS, PLLC",69,https://data.texas.gov/api/views/s7ft-44qi/rows.csv?accessType=DOWNLOAD,TX,,,,2026-10-09
LORI ANN FOWLER,39,https://data.texas.gov/api/views/s7ft-44qi/rows.csv?accessType=DOWNLOAD,TX,,,,2026-10-09
"LPT NETWORK REALTY, LLC",61,https://data.texas.gov/api/views/s7ft-44qi/rows.csv?accessType=DOWNLOAD,TX,,,,2026-10-09
LUIS LIVAN MARTINEZ,71,https://data.texas.gov/api/views/s7ft-44qi/rows.csv?accessType=DOWNLOAD,TX,,,,2026-10-09
M-DOCK INC,40,https://data.texas.gov/api/views/s7ft-44qi/rows.csv?accessType=DOWNLOAD,TX,,,,2026-10-09
"M3 LEGACIES BRICK BY BRICK, LLC",42,https://data.texas.gov/api/views/s7ft-44qi/rows.csv?accessType=DOWNLOAD,TX,,,,2026-10-09
MARIO OSVALDO AYALA,35,https://data.texas.gov/api/views/s7ft-44qi/rows.csv?accessType=DOWNLOAD,TX,,,,2026-10-09
MARTHA TURNER SOTHEBY'S INTERNATIONAL REALTY REFERRAL COMPANY LL,42,https://data.texas.gov/api/views/s7ft-44qi/rows.csv?accessType=DOWNLOAD,TX,,,,2026-10-09
MARY LOU LYONS REALTORS INC,38,https://data.texas.gov/api/views/s7ft-44qi/rows.csv?accessType=DOWNLOAD,TX,,,,2026-10-09
MIGUEL ANGEL GUTIERREZ,44,https://data.texas.gov/api/views/s7ft-44qi/rows.csv?accessType=DOWNLOAD,TX,,,,2026-10-09
MIH REALTY LLC,58,https://data.texas.gov/api/views/s7ft-44qi/rows.csv?accessType=DOWNLOAD,TX,,,,2026-10-09
"MJHM, LLC",46,https://data.texas.gov/api/views/s7ft-44qi/rows.csv?accessType=DOWNLOAD,TX,,,,2026-10-09
"MMM & G UNIVERSAL, L.L.C.",69,https://data.texas.gov/api/views/s7ft-44qi/rows.csv?accessType=DOWNLOAD,TX,,,,2026-10-09
"MODUS TEXAS, LLC",44,https://data.texas.gov/api/views/s7ft-44qi/rows.csv?accessType=DOWNLOAD,TX,,,,2026-10-09
MONICA ALFONSO LLC,45,https://data.texas.gov/api/views/s7ft-44qi/rows.csv?accessType=DOWNLOAD,TX,,,,2026-10-09
"MORROW HILL OPERATIONS, LLC",40,https://data.texas.gov/api/views/s7ft-44qi/rows.csv?accessType=DOWNLOAD,TX,,,,2026-10-09
MTAC REAL ESTATE LLC,40,https://data.texas.gov/api/views/s7ft-44qi/rows.csv?accessType=DOWNLOAD,TX,,,,2026-10-09
"MYERS THE HOME BUYERS OF DALLAS, LLC",45,https://data.texas.gov/api/views/s7ft-44qi/rows.csv?accessType=DOWNLOAD,TX,,,,2026-10-09
NANET-LIMITED LLC,49,https://data.texas.gov/api/views/s7ft-44qi/rows.csv?accessType=DOWNLOAD,TX,,,,2026-10-09
NATHAN BALDERAS,44,https://data.texas.gov/api/views/s7ft-44qi/rows.csv?accessType=DOWNLOAD,TX,,,,2026-10-09
NEWMARK REAL ESTATE OF DALLAS LLC,61,https://data.texas.gov/api/views/s7ft-44qi/rows.csv?accessType=DOWNLOAD,TX,,,,2026-10-09
ONE PLACE LOCATORS LLC,35,https://data.texas.gov/api/views/s7ft-44qi/rows.csv?accessType=DOWNLOAD,TX,,,,2026-10-09
"OTRE GROUP, LLC",64,https://data.texas.gov/api/views/s7ft-44qi/rows.csv?accessType=DOWNLOAD,TX,,,,2026-10-09
OTT GROUP FAMILY REAL ESTATE SERVICES LLC,38,https://data.texas.gov/api/views/s7ft-44qi/rows.csv?accessType=DOWNLOAD,TX,,,,2026-10-09
"PARK CITIES PARTNERS, LLC",52,https://data.texas.gov/api/views/s7ft-44qi/rows.csv?accessType=DOWNLOAD,TX,,,,2026-10-09
"PCR BROKERAGE HOUSTON, LLC",67,https://data.texas.gov/api/views/s7ft-44qi/rows.csv?accessType=DOWNLOAD,TX,,,,2026-10-09
PERCH APARTMENT LOCATING LLC,63,https://data.texas.gov/api/views/s7ft-44qi/rows.csv?accessType=DOWNLOAD,TX,,,,2026-10-09
"PH PROSPERITY, INC",53,https://data.texas.gov/api/views/s7ft-44qi/rows.csv?accessType=DOWNLOAD,TX,,,,2026-10-09
PLATINUM HOUSTON LLC,72,https://data.texas.gov/api/views/s7ft-44qi/rows.csv?accessType=DOWNLOAD,TX,,,,2026-10-09
PLATINUM PROPERTIES LJTX PLLC,40,https://data.texas.gov/api/views/s7ft-44qi/rows.csv?accessType=DOWNLOAD,TX,,,,2026-10-09
"POTEET LEGACY, LLC",58,https://data.texas.gov/api/views/s7ft-44qi/rows.csv?accessType=DOWNLOAD,TX,,,,2026-10-09
POWERSTAR REALTY PC,39,https://data.texas.gov/api/views/s7ft-44qi/rows.csv?accessType=DOWNLOAD,TX,,,,2026-10-09
"PROMPT REALTY AND MORTGAGE, INC.",41,https://data.texas.gov/api/views/s7ft-44qi/rows.csv?accessType=DOWNLOAD,TX,,,,2026-10-09
R2 REALTY LLC,48,https://data.texas.gov/api/views/s7ft-44qi/rows.csv?accessType=DOWNLOAD,TX,,,,2026-10-09
"REALTY PARTNERS, INC.",55,https://data.texas.gov/api/views/s7ft-44qi/rows.csv?accessType=DOWNLOAD,TX,,,,2026-10-09
"REALTY, INC",69,https://data.texas.gov/api/views/s7ft-44qi/rows.csv?accessType=DOWNLOAD,TX,,,,2026-10-09
REPROM INC,56,https://data.texas.gov/api/views/s7ft-44qi/rows.csv?accessType=DOWNLOAD,TX,,,,2026-10-09
"REPUBLIC RANCHES, LLC",39,https://data.texas.gov/api/views/s7ft-44qi/rows.csv?accessType=DOWNLOAD,TX,,,,2026-10-09
"RESIDE LUBBOCK REAL ESTATE CO. , LLC",65,https://data.texas.gov/api/views/s7ft-44qi/rows.csv?accessType=DOWNLOAD,TX,,,,2026-10-09
REYES CORNERSTONE REALTY LLC,47,https://data.texas.gov/api/views/s7ft-44qi/rows.csv?accessType=DOWNLOAD,TX,,,,2026-10-09
RGJ INC,35,https://data.texas.gov/api/views/s7ft-44qi/rows.csv?accessType=DOWNLOAD,TX,,,,2026-10-09
"RICK CANUP, REALTORS, LTD.",52,https://data.texas.gov/api/views/s7ft-44qi/rows.csv?accessType=DOWNLOAD,TX,,,,2026-10-09
RL CAVE LLC,66,https://data.texas.gov/api/views/s7ft-44qi/rows.csv?accessType=DOWNLOAD,TX,,,,2026-10-09
RMECC LLC,39,https://data.texas.gov/api/views/s7ft-44qi/rows.csv?accessType=DOWNLOAD,TX,,,,2026-10-09
"RMN PARTNERS, INC.",58,https://data.texas.gov/api/views/s7ft-44qi/rows.csv?accessType=DOWNLOAD,TX,,,,2026-10-09
RRR-STX LLC,55,https://data.texas.gov/api/views/s7ft-44qi/rows.csv?accessType=DOWNLOAD,TX,,,,2026-10-09
RUBIOLA REALTY LTD,35,https://data.texas.gov/api/views/s7ft-44qi/rows.csv?accessType=DOWNLOAD,TX,,,,2026-10-09
RUDDY LEMAN PARISHER,37,https://data.texas.gov/api/views/s7ft-44qi/rows.csv?accessType=DOWNLOAD,TX,,,,2026-10-09
S T REALTY GROUP LLC,53,https://data.texas.gov/api/views/s7ft-44qi/rows.csv?accessType=DOWNLOAD,TX,,,,2026-10-09
"S. CROWE, LLC",44,https://data.texas.gov/api/views/s7ft-44qi/rows.csv?accessType=DOWNLOAD,TX,,,,2026-10-09
SAINT MOORE LLC,41,https://data.texas.gov/api/views/s7ft-44qi/rows.csv?accessType=DOWNLOAD,TX,,,,2026-10-09
"SANDS INVESTMENT GROUP AUSTIN, LLC",37,https://data.texas.gov/api/views/s7ft-44qi/rows.csv?accessType=DOWNLOAD,TX,,,,2026-10-09
"SATHER ENTERPRISES, LLC",53,https://data.texas.gov/api/views/s7ft-44qi/rows.csv?accessType=DOWNLOAD,TX,,,,2026-10-09
SAVILLS INC,45,https://data.texas.gov/api/views/s7ft-44qi/rows.csv?accessType=DOWNLOAD,TX,,,,2026-10-09
"SEASON WARE ENTERPRISE, INC.",60,https://data.texas.gov/api/views/s7ft-44qi/rows.csv?accessType=DOWNLOAD,TX,,,,2026-10-09
SHARYLAND REAL ESTATE LLC,71,https://data.texas.gov/api/views/s7ft-44qi/rows.csv?accessType=DOWNLOAD,TX,,,,2026-10-09
"SHOP CONCEPTS, LLC",51,https://data.texas.gov/api/views/s7ft-44qi/rows.csv?accessType=DOWNLOAD,TX,,,,2026-10-09
SKSRE HOLDINGS LLC,47,https://data.texas.gov/api/views/s7ft-44qi/rows.csv?accessType=DOWNLOAD,TX,,,,2026-10-09
"SKY REALTY, INC.",65,https://data.texas.gov/api/views/s7ft-44qi/rows.csv?accessType=DOWNLOAD,TX,,,,2026-10-09
"SMART CITY REALTY, LLC",61,https://data.texas.gov/api/views/s7ft-44qi/rows.csv?accessType=DOWNLOAD,TX,,,,2026-10-09
"SMART REFERRAL NETWORK, L.L.C.",72,https://data.texas.gov/api/views/s7ft-44qi/rows.csv?accessType=DOWNLOAD,TX,,,,2026-10-09
SOUTH HOUSTON ENTERPRISES LLC,54,https://data.texas.gov/api/views/s7ft-44qi/rows.csv?accessType=DOWNLOAD,TX,,,,2026-10-09
SOUTH TEXAS REALTY ADVANTAGE INC,40,https://data.texas.gov/api/views/s7ft-44qi/rows.csv?accessType=DOWNLOAD,TX,,,,2026-10-09
"SOUTHWEST REALTY ADVISORS, LLC",35,https://data.texas.gov/api/views/s7ft-44qi/rows.csv?accessType=DOWNLOAD,TX,,,,2026-10-09
"SPM VENTURES, LLC",41,https://data.texas.gov/api/views/s7ft-44qi/rows.csv?accessType=DOWNLOAD,TX,,,,2026-10-09
"STANBERRY AND ASSOCIATES, INC",48,https://data.texas.gov/api/views/s7ft-44qi/rows.csv?accessType=DOWNLOAD,TX,,,,2026-10-09
STEWART R KELLY REAL ESTATE INC,64,https://data.texas.gov/api/views/s7ft-44qi/rows.csv?accessType=DOWNLOAD,TX,,,,2026-10-09
"STOUT LINK, LLC",37,https://data.texas.gov/api/views/s7ft-44qi/rows.csv?accessType=DOWNLOAD,TX,,,,2026-10-09
STREAM REALTY PARTNERS-DFW LP,73,https://data.texas.gov/api/views/s7ft-44qi/rows.csv?accessType=DOWNLOAD,TX,,,,2026-10-09
"STREAM REALTY PARTNERS-HOUSTON, L.P.",49,https://data.texas.gov/api/views/s7ft-44qi/rows.csv?accessType=DOWNLOAD,TX,,,,2026-10-09
"STRIBLING INVESTMENTS, LLC",37,https://data.texas.gov/api/views/s7ft-44qi/rows.csv?accessType=DOWNLOAD,TX,,,,2026-10-09
"STRIDE REAL ESTATE, LLC",38,https://data.texas.gov/api/views/s7ft-44qi/rows.csv?accessType=DOWNLOAD,TX,,,,2026-10-09
STYLED REAL ESTATE LLC,49,https://data.texas.gov/api/views/s7ft-44qi/rows.csv?accessType=DOWNLOAD,TX,,,,2026-10-09
"SU KAZA REALTY, LLC",53,https://data.texas.gov/api/views/s7ft-44qi/rows.csv?accessType=DOWNLOAD,TX,,,,2026-10-09
SURGE REALTY LLC,52,https://data.texas.gov/api/views/s7ft-44qi/rows.csv?accessType=DOWNLOAD,TX,,,,2026-10-09
"T. CLARK INVESTMENTS, LLC",38,https://data.texas.gov/api/views/s7ft-44qi/rows.csv?accessType=DOWNLOAD,TX,,,,2026-10-09
TCS CENTRAL REGION GP LLC,53,https://data.texas.gov/api/views/s7ft-44qi/rows.csv?accessType=DOWNLOAD,TX,,,,2026-10-09
TEXAS PROPERTY BROKERS LLC,39,https://data.texas.gov/api/views/s7ft-44qi/rows.csv?accessType=DOWNLOAD,TX,,,,2026-10-09
"THE AGENCY DALLAS PARK CITIES, LLC",66,https://data.texas.gov/api/views/s7ft-44qi/rows.csv?accessType=DOWNLOAD,TX,,,,2026-10-09
THE DWELLING COLLECTION LLC,45,https://data.texas.gov/api/views/s7ft-44qi/rows.csv?accessType=DOWNLOAD,TX,,,,2026-10-09
"THE HOUSESMITH GROUP, LLC",68,https://data.texas.gov/api/views/s7ft-44qi/rows.csv?accessType=DOWNLOAD,TX,,,,2026-10-09
THE PLACE OF HOUSES OF TEXAS,37,https://data.texas.gov/api/views/s7ft-44qi/rows.csv?accessType=DOWNLOAD,TX,,,,2026-10-09
"THE RETAIL CONNECTION GP, INC.",46,https://data.texas.gov/api/views/s7ft-44qi/rows.csv?accessType=DOWNLOAD,TX,,,,2026-10-09
"THE TRUSS COMPANY, LLC",41,https://data.texas.gov/api/views/s7ft-44qi/rows.csv?accessType=DOWNLOAD,TX,,,,2026-10-09
THE WOODLANDS & SPRING REALTY INC,62,https://data.texas.gov/api/views/s7ft-44qi/rows.csv?accessType=DOWNLOAD,TX,,,,2026-10-09
THOMAS CURT CERVONE,75,https://data.texas.gov/api/views/s7ft-44qi/rows.csv?accessType=DOWNLOAD,TX,,,,2026-10-09
"TRI-W, LLC",56,https://data.texas.gov/api/views/s7ft-44qi/rows.csv?accessType=DOWNLOAD,TX,,,,2026-10-09
TRINITY TEXAS REALTY INC,37,https://data.texas.gov/api/views/s7ft-44qi/rows.csv?accessType=DOWNLOAD,TX,,,,2026-10-09
"TXDT, LLC",39,https://data.texas.gov/api/views/s7ft-44qi/rows.csv?accessType=DOWNLOAD,TX,,,,2026-10-09
"UNITED INVESTEXUSA 3, LLC",36,https://data.texas.gov/api/views/s7ft-44qi/rows.csv?accessType=DOWNLOAD,TX,,,,2026-10-09
"UNITED INVESTEXUSA, LLC",41,https://data.texas.gov/api/views/s7ft-44qi/rows.csv?accessType=DOWNLOAD,TX,,,,2026-10-09
UNIVERSAL REALTY ENTERPRISE LLC,43,https://data.texas.gov/api/views/s7ft-44qi/rows.csv?accessType=DOWNLOAD,TX,,,,2026-10-09
"VALLEY GOLD INVESTMENTS, LLC",39,https://data.texas.gov/api/views/s7ft-44qi/rows.csv?accessType=DOWNLOAD,TX,,,,2026-10-09
"VENTURE COMMERCIAL REAL ESTATE, LLC",36,https://data.texas.gov/api/views/s7ft-44qi/rows.csv?accessType=DOWNLOAD,TX,,,,2026-10-09
VESTA REAL ESTATE LLC,49,https://data.texas.gov/api/views/s7ft-44qi/rows.csv?accessType=DOWNLOAD,TX,,,,2026-10-09
"W REALTY & INVESTMENT GROUP, LLC",36,https://data.texas.gov/api/views/s7ft-44qi/rows.csv?accessType=DOWNLOAD,TX,,,,2026-10-09
"WALLGOOD, LLC",67,https://data.texas.gov/api/views/s7ft-44qi/rows.csv?accessType=DOWNLOAD,TX,,,,2026-10-09
"WAYNE MURRAY REALTORS, INC",65,https://data.texas.gov/api/views/s7ft-44qi/rows.csv?accessType=DOWNLOAD,TX,,,,2026-10-09
"WAYNE NORCROSS ENTERPRISES, LLC",41,https://data.texas.gov/api/views/s7ft-44qi/rows.csv?accessType=DOWNLOAD,TX,,,,2026-10-09
WEITZMAN MANAGEMENT CORPORATION,52,https://data.texas.gov/api/views/s7ft-44qi/rows.csv?accessType=DOWNLOAD,TX,,,,2026-10-09
"WESTMARK COMPANIES, LLC",55,https://data.texas.gov/api/views/s7ft-44qi/rows.csv?accessType=DOWNLOAD,TX,,,,2026-10-09
WICKLIFFE & REICHENAU INVESTMENTS LLC,35,https://data.texas.gov/api/views/s7ft-44qi/rows.csv?accessType=DOWNLOAD,TX,,,,2026-10-09
"WOLDERT-MCCAIN REALTORS, LLC",36,https://data.texas.gov/api/views/s7ft-44qi/rows.csv?accessType=DOWNLOAD,TX,,,,2026-10-09
"YOUNGER PARTNERS DALLAS, LLC",41,https://data.texas.gov/api/views/s7ft-44qi/rows.csv?accessType=DOWNLOAD,TX,,,,2026-10-09
ZI SHUN WANG,70,https://data.texas.gov/api/views/s7ft-44qi/rows.csv?accessType=DOWNLOAD,TX,,,,2026-10-09
ZION REALTY TEAM LLC,36,https://data.texas.gov/api/views/s7ft-44qi/rows.csv?accessType=DOWNLOAD,TX,,,,2026-10-09
"ALLEGHENY VENTURES, LLC DBA KELLER WILLIAMS REALTY ADVANTAGE",59,https://rec.wv.gov/media/8/download?inline ; https://rec.wv.gov/media/9/download?inline ; https://rec.wv.gov/media/10/download?inline,WV,MARTINSBURG,3684 SHEPHERDSTOWN ROAD,,2026-10-09
ARCK LTD CENTURY 21 EXCELLENCE REALTY,43,https://rec.wv.gov/media/8/download?inline ; https://rec.wv.gov/media/9/download?inline ; https://rec.wv.gov/media/10/download?inline,WV,HUNTINGTON,4 STONECREST DRIVE,,2026-10-09
"BLUE ROCK SELECT, LLC DBA PROFESSIONAL REALTY",52,https://rec.wv.gov/media/8/download?inline ; https://rec.wv.gov/media/9/download?inline ; https://rec.wv.gov/media/10/download?inline,WV,CHARLESTON,1337 VIRGINIA ST. EAST,,2026-10-09
"BROADWATER PROPERTIES, LLC DBA RE/MAX BROADWATER",38,https://rec.wv.gov/media/8/download?inline ; https://rec.wv.gov/media/9/download?inline ; https://rec.wv.gov/media/10/download?inline,WV,WHEELING,520 NATIONAL ROAD,,2026-10-09
FATHOM REALTY WV LLC DBA FATHOM REALTY LLC,50,https://rec.wv.gov/media/8/download?inline ; https://rec.wv.gov/media/9/download?inline ; https://rec.wv.gov/media/10/download?inline,WV,LEWISBURG,1034 WASHINGTON ST. E,,2026-10-09
"LONG & FOSTER REAL ESTATE, INC",75,https://rec.wv.gov/media/8/download?inline ; https://rec.wv.gov/media/9/download?inline ; https://rec.wv.gov/media/10/download?inline,WV,MARTINSBURG,976 FOXCROFT AVENUE,,2026-10-09
OLD COLONY COMPANY OF GREATER KANAWHA VALLEY,57,https://rec.wv.gov/media/8/download?inline ; https://rec.wv.gov/media/9/download?inline ; https://rec.wv.gov/media/10/download?inline,WV,HURRICANE,3751 TEAYS VALLEY ROAD,,2026-10-09
OLD COLONY COMPANY OF GREATER TEAYS VALLEY,38,https://rec.wv.gov/media/8/download?inline ; https://rec.wv.gov/media/9/download?inline ; https://rec.wv.gov/media/10/download?inline,WV,SCOTT DEPOT,3751 TEAYS VALLEY RD.,,2026-10-09
OLD COLONY COMPANY OF HUNTINGTON,42,https://rec.wv.gov/media/8/download?inline ; https://rec.wv.gov/media/9/download?inline ; https://rec.wv.gov/media/10/download?inline,WV,BARBOURSVILLE,372 DAVIS CREEK ROAD,,2026-10-09
PREMIER PROPERTIES LLC DBA COLDWELL BANKER PREMIER,61,https://rec.wv.gov/media/8/download?inline ; https://rec.wv.gov/media/9/download?inline ; https://rec.wv.gov/media/10/download?inline,WV,BERKLEY SPRINGS,200 SOUTH WASHINGTON STREET,,2026-10-09
"REAL BROKER, LLC DBA REAL BROKER",50,https://rec.wv.gov/media/8/download?inline ; https://rec.wv.gov/media/9/download?inline ; https://rec.wv.gov/media/10/download?inline,WV,CHARLESTON,"232 CAPITOL STREET, SUITE F",,2026-10-09
